{
    "name": "root",
    "metadata": {
        "timer_format_version": "0.1.0",
        "start_time_seconds": "1696208919",
        "python_version": "3.9.13 (tags/v3.9.13:6de2ca5, May 17 2022, 16:36:42) [MSC v.1929 64 bit (AMD64)]",
        "command_line_arguments": "F:\\Unity projects\\Oblig2\\Drone_MLagents\\venv\\Scripts\\mlagents-learn --run-id=DroneAgent9",
        "mlagents_version": "0.30.0",
        "mlagents_envs_version": "0.30.0",
        "communication_protocol_version": "1.5.0",
        "pytorch_version": "2.0.1+cu117",
        "numpy_version": "1.21.2",
        "end_time_seconds": "1696208987"
    },
    "total": 67.92048460000001,
    "count": 1,
    "self": 10.00425460000001,
    "children": {
        "run_training.setup": {
            "total": 0.02248720000000004,
            "count": 1,
            "self": 0.02248720000000004
        },
        "TrainerController.start_learning": {
            "total": 57.8937428,
            "count": 1,
            "self": 0.09313450000003343,
            "children": {
                "TrainerController._reset_env": {
                    "total": 6.5863967,
                    "count": 1,
                    "self": 6.5863967
                },
                "TrainerController.advance": {
                    "total": 51.11522509999996,
                    "count": 6977,
                    "self": 0.08206170000015334,
                    "children": {
                        "env_step": {
                            "total": 50.43095869999984,
                            "count": 6977,
                            "self": 37.33607059999959,
                            "children": {
                                "SubprocessEnvManager._take_step": {
                                    "total": 13.039457100000181,
                                    "count": 6978,
                                    "self": 0.3051241000004268,
                                    "children": {
                                        "TorchPolicy.evaluate": {
                                            "total": 12.734332999999754,
                                            "count": 6978,
                                            "self": 12.734332999999754
                                        }
                                    }
                                },
                                "workers": {
                                    "total": 0.055431000000076835,
                                    "count": 6976,
                                    "self": 0.0,
                                    "children": {
                                        "worker_root": {
                                            "total": 43.8828361999996,
                                            "count": 6976,
                                            "is_parallel": true,
                                            "self": 18.760908099999348,
                                            "children": {
                                                "steps_from_proto": {
                                                    "total": 0.0004833000000008525,
                                                    "count": 2,
                                                    "is_parallel": true,
                                                    "self": 0.00019850000000065648,
                                                    "children": {
                                                        "_process_rank_one_or_two_observation": {
                                                            "total": 0.000284800000000196,
                                                            "count": 4,
                                                            "is_parallel": true,
                                                            "self": 0.000284800000000196
                                                        }
                                                    }
                                                },
                                                "UnityEnvironment.step": {
                                                    "total": 25.121444800000255,
                                                    "count": 6976,
                                                    "is_parallel": true,
                                                    "self": 0.3047583000004579,
                                                    "children": {
                                                        "UnityEnvironment._generate_step_input": {
                                                            "total": 0.2676924999999324,
                                                            "count": 6976,
                                                            "is_parallel": true,
                                                            "self": 0.2676924999999324
                                                        },
                                                        "communicator.exchange": {
                                                            "total": 23.829109799999923,
                                                            "count": 6976,
                                                            "is_parallel": true,
                                                            "self": 23.829109799999923
                                                        },
                                                        "steps_from_proto": {
                                                            "total": 0.7198841999999424,
                                                            "count": 6976,
                                                            "is_parallel": true,
                                                            "self": 0.3737381000000619,
                                                            "children": {
                                                                "_process_rank_one_or_two_observation": {
                                                                    "total": 0.34614609999988044,
                                                                    "count": 13952,
                                                                    "is_parallel": true,
                                                                    "self": 0.34614609999988044
                                                                }
                                                            }
                                                        }
                                                    }
                                                }
                                            }
                                        }
                                    }
                                }
                            }
                        },
                        "trainer_advance": {
                            "total": 0.6022046999999677,
                            "count": 6976,
                            "self": 0.10433769999949405,
                            "children": {
                                "process_trajectory": {
                                    "total": 0.4978670000004737,
                                    "count": 6976,
                                    "self": 0.4978670000004737
                                }
                            }
                        }
                    }
                },
                "trainer_threads": {
                    "total": 9.000000034120603e-07,
                    "count": 1,
                    "self": 9.000000034120603e-07
                },
                "TrainerController._save_models": {
                    "total": 0.0989855999999989,
                    "count": 1,
                    "self": 0.001025099999999668,