{
    "name": "root",
    "gauges": {
        "DroneAgent.Policy.Entropy.mean": {
            "value": 1.8475921154022217,
            "min": 1.357501745223999,
            "max": 1.8475921154022217,
            "count": 233
        },
        "DroneAgent.Policy.Entropy.sum": {
            "value": 17886.5390625,
            "min": 12893.6884765625,
            "max": 18791.296875,
            "count": 233
        },
        "DroneAgent.Step.mean": {
            "value": 2329976.0,
            "min": 9983.0,
            "max": 2329976.0,
            "count": 233
        },
        "DroneAgent.Step.sum": {
            "value": 2329976.0,
            "min": 9983.0,
            "max": 2329976.0,
            "count": 233
        },
        "DroneAgent.Policy.ExtrinsicValueEstimate.mean": {
            "value": -0.053808558732271194,
            "min": -0.2572146952152252,
            "max": 1.052540898323059,
            "count": 233
        },
        "DroneAgent.Policy.ExtrinsicValueEstimate.sum": {
            "value": -8.447943687438965,
            "min": -42.18320846557617,
            "max": 167.35400390625,
            "count": 233
        },
        "DroneAgent.Policy.GailValueEstimate.mean": {
            "value": 0.10061310976743698,
            "min": 0.06986099481582642,
            "max": 1.0135825872421265,
            "count": 233
        },
        "DroneAgent.Policy.GailValueEstimate.sum": {
            "value": 15.796257972717285,
            "min": 11.177759170532227,
            "max": 161.15963745117188,
            "count": 233
        },
        "DroneAgent.Environment.EpisodeLength.mean": {
            "value": 7499.0,
            "min": 222.22448979591837,
            "max": 7499.0,
            "count": 228
        },
        "DroneAgent.Environment.EpisodeLength.sum": {
            "value": 7499.0,
            "min": 1017.0,
            "max": 32438.0,
            "count": 228
        },
        "DroneAgent.Environment.CumulativeReward.mean": {
            "value": 0.36399065842851996,
            "min": -2.8015659660566596,
            "max": 2.299012491479516,
            "count": 228
        },
        "DroneAgent.Environment.CumulativeReward.sum": {
            "value": 0.36399065842851996,
            "min": -46.7542087075999,
            "max": 4.265362690668553,
            "count": 228
        },
        "DroneAgent.Policy.ExtrinsicReward.mean": {
            "value": 0.36399065842851996,
            "min": -2.8015659660566596,
            "max": 2.299012491479516,
            "count": 228
        },
        "DroneAgent.Policy.ExtrinsicReward.sum": {
            "value": 0.36399065842851996,
            "min": -46.7542087075999,
            "max": 4.265362690668553,
            "count": 228
        },
        "DroneAgent.Policy.GailReward.mean": {
            "value": 2.572428588522598,
            "min": 0.4154877000310946,
            "max": 7.579931128770113,
            "count": 228
        },
        "DroneAgent.Policy.GailReward.sum": {
            "value": 2.572428588522598,
            "min": 0.735639663063921,
            "max": 135.83954331837595,
            "count": 228
        },
        "DroneAgent.IsTraining.mean": {
            "value": 1.0,
            "min": 1.0,
            "max": 1.0,
            "count": 233
        },
        "DroneAgent.IsTraining.sum": {
            "value": 1.0,
            "min": 1.0,
            "max": 1.0,
            "count": 233
        },
        "DroneAgent.Losses.PolicyLoss.mean": {
            "value": 0.09023362835578155,
            "min": 0.05413225741358474,
            "max": 0.12971068993210794,
            "count": 116
        },
        "DroneAgent.Losses.PolicyLoss.sum": {
            "value": 0.09023362835578155,
            "min": 0.05413225741358474,
            "max": 0.12971068993210794,
            "count": 116
        },
        "DroneAgent.Losses.ValueLoss.mean": {
            "value": 0.00042601169679983285,
            "min": 0.0002123952041074517,
            "max": 0.06090223910287022,
            "count": 116
        },
        "DroneAgent.Losses.ValueLoss.sum": {
            "value": 0.00042601169679983285,
            "min": 0.0002123952041074517,
            "max": 0.06090223910287022,
            "count": 116
        },
        "DroneAgent.Policy.LearningRate.mean": {
            "value": 0.00053580964641904,
            "min": 0.00053580964641904,
            "max": 0.00099596240040376,
            "count": 116
        },
        "DroneAgent.Policy.LearningRate.sum": {
            "value": 0.00053580964641904,
            "min": 0.00053580964641904,
            "max": 0.00099596240040376,
            "count": 116
        },
        "DroneAgent.Policy.Epsilon.mean": {
            "value": 0.15358096000000002,
            "min": 0.15358096000000002,
            "max": 0.19959624,
            "count": 116
        },
        "DroneAgent.Policy.Epsilon.sum": {
            "value": 0.15358096000000002,
            "min": 0.15358096000000002,
            "max": 0.19959624,
            "count": 116
        },
        "DroneAgent.Policy.Beta.mean": {
            "value": 0.01,
            "min": 0.01,
            "max": 0.01,
            "count": 116
        },
        "DroneAgent.Policy.Beta.sum": {
            "value": 0.01,
            "min": 0.01,
            "max": 0.01,
            "count": 116
        },
        "DroneAgent.Policy.GAILPolicyEstimate.mean": {
            "value": 0.04609530125744641,
            "min": 0.02609716458246112,
            "max": 0.4373380295932293,
            "count": 116
        },
        "DroneAgent.Policy.GAILPolicyEstimate.sum": {
            "value": 0.04609530125744641,
            "min": 0.02609716458246112,
            "max": 0.4373380295932293,
            "count": 116
        },
        "DroneAgent.Policy.GAILExpertEstimate.mean": {
            "value": 0.9824952363967896,
            "min": 0.5051411174237728,
            "max": 0.9906552836298943,
            "count": 116
        },
        "DroneAgent.Policy.GAILExpertEstimate.sum": {
            "value": 0.9824952363967896,
            "min": 0.5051411174237728,
            "max": 0.9906552836298943,
            "count": 116
        },
        "DroneAgent.Losses.GAILLoss.mean": {
            "value": 0.06870938204228878,
            "min": 0.03732969108968973,
            "max": 1.267029231786728,
            "count": 116
        },
        "DroneAgent.Losses.GAILLoss.sum": {
            "value": 0.06870938204228878,
            "min": 0.03732969108968973,
            "max": 1.267029231786728,
            "count": 116
        },
        "DroneAgent.Policy.GAILGradMagLoss.mean": {
            "value": 0.05727080292999744,
            "min": 0.03749206853099167,
            "max": 9.426661014556885,
            "count": 116
        },
        "DroneAgent.Policy.GAILGradMagLoss.sum": {
            "value": 0.05727080292999744,
            "min": 0.03749206853099167,
            "max": 9.426661014556885,
            "count": 116
        },
        "DroneAgent.Losses.PretrainingLoss.mean": {
            "value": 0.0,
            "min": 0.0,
            "max": 1.9001545199641474,
            "count": 116
        },
        "DroneAgent.Losses.PretrainingLoss.sum": {
            "value": 0.0,
            "min": 0.0,
            "max": 1.9001545199641474,
            "count": 116
        }
    },
    "metadata": {
        "timer_format_version": "0.1.0",
        "start_time_seconds": "1697548255",
        "python_version": "3.9.13 (tags/v3.9.13:6de2ca5, May 17 2022, 16:36:42) [MSC v.1929 64 bit (AMD64)]",
        "command_line_arguments": "F:\\Unity projects\\Oblig2\\Drone_MLagents\\venv\\Scripts\\mlagents-learn config/DroneAgent.yaml --run-id=DroneAgentTrackNew",
        "mlagents_version": "0.30.0",
        "mlagents_envs_version": "0.30.0",
        "communication_protocol_version": "1.5.0",
        "pytorch_version": "1.7.1+cu110",