{
    "name": "root",
    "metadata": {
        "timer_format_version": "0.1.0",
        "start_time_seconds": "1696257433",
        "python_version": "3.9.13 (tags/v3.9.13:6de2ca5, May 17 2022, 16:36:42) [MSC v.1929 64 bit (AMD64)]",
        "command_line_arguments": "F:\\Unity projects\\Oblig2\\Drone_MLagents\\venv\\Scripts\\mlagents-learn config/DroneAgent.yaml --run-id=DroneAgentGoalRay4",
        "mlagents_version": "0.30.0",
        "mlagents_envs_version": "0.30.0",
        "communication_protocol_version": "1.5.0",
        "pytorch_version": "2.0.1+cu117",
        "numpy_version": "1.21.2",
        "end_time_seconds": "1696257447"
    },
    "total": 14.181667299999999,
    "count": 1,
    "self": 0.006531199999999515,
    "children": {
        "run_training.setup": {
            "total": 0.07007049999999992,
            "count": 1,
            "self": 0.07007049999999992
        },
        "TrainerController.start_learning": {
            "total": 14.1050656,
            "count": 1,
            "self": 8.009999999991635e-05,
            "children": {
                "TrainerController._reset_env": {
                    "total": 14.1039937,
                    "count": 1,
                    "self": 13.498719600000001,
                    "children": {
                        "demo_to_buffer": {
                            "total": 0.605274099999999,
                            "count": 1,
                            "self": 2.3599999996903875e-05,
                            "children": {
                                "load_demonstration": {
                                    "total": 0.012269600000001546,
                                    "count": 1,
                                    "self": 0.012142500000001277,
                                    "children": {
                                        "read_file": {
                                            "total": 0.00012710000000026866,
                                            "count": 1,
                                            "self": 0.00012710000000026866
                                        }
                                    }
                                },
                                "make_demo_buffer": {
                                    "total": 0.5929809000000006,
                                    "count": 1,
                                    "self": 0.12937670000007273,
                                    "children": {
                                        "steps_from_proto": {
                                            "total": 0.46360419999992786,
                                            "count": 6978,
                                            "self": 0.28391169999990495,
                                            "children": {
                                                "_process_rank_one_or_two_observation": {
                                                    "total": 0.1796925000000229,
                                                    "count": 13956,
                                                    "self": 0.1796925000000229
                                                }
                                            }
                                        }
                                    }
                                }
                            }
                        }
                    }
                },
                "TrainerController._save_models": {
                    "total": 0.000991799999999543,
                    "count": 1,
                    "self": 0.00013539999999956365,
                    "children": {
                        "RLTrainer._checkpoint": {
                            "total": 0.0008563999999999794,
                            "count": 1,
                            "self": 0.0008563999999999794
                        }
                    }
                }
            }
        }
    }
}