{
    "name": "root",
    "metadata": {
        "timer_format_version": "0.1.0",
        "start_time_seconds": "1696341302",
        "python_version": "3.9.13 (tags/v3.9.13:6de2ca5, May 17 2022, 16:36:42) [MSC v.1929 64 bit (AMD64)]",
        "command_line_arguments": "F:\\Unity projects\\Oblig2\\Drone_MLagents\\venv\\Scripts\\mlagents-learn config/DroneAgent.yaml --initialize-from=DroneAgentMoveForward6 --run-id=DroneAgentMoveForwardnewTraining1",
        "mlagents_version": "0.30.0",
        "mlagents_envs_version": "0.30.0",
        "communication_protocol_version": "1.5.0",
        "pytorch_version": "2.0.1+cu117",
        "numpy_version": "1.21.2",
        "end_time_seconds": "1696341311"
    },
    "total": 9.387447100000001,
    "count": 1,
    "self": 0.007335400000000547,
    "children": {
        "run_training.setup": {
            "total": 0.07859660000000002,
            "count": 1,
            "self": 0.07859660000000002
        },
        "TrainerController.start_learning": {
            "total": 9.3015151,
            "count": 1,
            "self": 7.74999999979542e-05,
            "children": {
                "TrainerController._reset_env": {
                    "total": 9.300089100000001,
                    "count": 1,
                    "self": 9.2999854,
                    "children": {
                        "demo_to_buffer": {
                            "total": 0.00010370000000037294,
                            "count": 1,
                            "self": 8.500000001632202e-06,
                            "children": {
                                "load_demonstration": {
                                    "total": 9.519999999874074e-05,
                                    "count": 1,
                                    "self": 9.519999999874074e-05
                                }
                            }
                        }
                    }
                },
                "TrainerController._save_models": {
                    "total": 0.0013485000000006409,
                    "count": 1,
                    "self": 0.0001288000000005951,
                    "children": {
                        "RLTrainer._checkpoint": {
                            "total": 0.0012197000000000457,
                            "count": 1,
                            "self": 0.0012197000000000457
                        }
                    }
                }
            }
        }
    }
}