{
    "name": "root",
    "gauges": {
        "DroneAgent.Policy.Entropy.mean": {
            "value": 0.6148634552955627,
            "min": 0.5749027132987976,
            "max": 0.8311678171157837,
            "count": 208
        },
        "DroneAgent.Policy.Entropy.sum": {
            "value": 6175.6884765625,
            "min": 5685.6220703125,
            "max": 8617.5478515625,
            "count": 208
        },
        "DroneAgent.Step.mean": {
            "value": 2079977.0,
            "min": 9996.0,
            "max": 2079977.0,
            "count": 208
        },
        "DroneAgent.Step.sum": {
            "value": 2079977.0,
            "min": 9996.0,
            "max": 2079977.0,
            "count": 208
        },
        "DroneAgent.Policy.ExtrinsicValueEstimate.mean": {
            "value": -0.01039881631731987,
            "min": -0.06139625981450081,
            "max": 0.30496346950531006,
            "count": 208
        },
        "DroneAgent.Policy.ExtrinsicValueEstimate.sum": {
            "value": -1.695007085800171,
            "min": -9.884798049926758,
            "max": 49.70904541015625,
            "count": 208
        },
        "DroneAgent.Policy.GailValueEstimate.mean": {
            "value": 0.8009209036827087,
            "min": 0.2625032663345337,
            "max": 3.5337119102478027,
            "count": 208
        },
        "DroneAgent.Policy.GailValueEstimate.sum": {
            "value": 130.55010986328125,
            "min": 42.78803253173828,
            "max": 568.9276123046875,
            "count": 208
        },
        "DroneAgent.Environment.EpisodeLength.mean": {
            "value": 1006.9090909090909,
            "min": 142.55555555555554,
            "max": 1499.0,
            "count": 208
        },
        "DroneAgent.Environment.EpisodeLength.sum": {
            "value": 11076.0,
            "min": 1283.0,
            "max": 14858.0,
            "count": 208
        },
        "DroneAgent.Environment.CumulativeReward.mean": {
            "value": 0.029553332051727922,
            "min": -0.6000999936222797,
            "max": 0.9955481438017968,
            "count": 208
        },
        "DroneAgent.Environment.CumulativeReward.sum": {
            "value": 0.2955333205172792,
            "min": -5.197266710107215,
            "max": 8.959933294216171,
            "count": 208
        },
        "DroneAgent.Policy.ExtrinsicReward.mean": {
            "value": 0.029553332051727922,
            "min": -0.6000999936222797,
            "max": 0.9955481438017968,
            "count": 208
        },
        "DroneAgent.Policy.ExtrinsicReward.sum": {
            "value": 0.2955333205172792,
            "min": -5.197266710107215,
            "max": 8.959933294216171,
            "count": 208
        },
        "DroneAgent.Policy.GailReward.mean": {
            "value": 8.363061172248832,
            "min": 2.6281442046602024,
            "max": 147.1747999082545,
            "count": 208
        },
        "DroneAgent.Policy.GailReward.sum": {
            "value": 83.63061172248833,
            "min": 15.768865227961214,
            "max": 1282.3057420495666,
            "count": 208
        },
        "DroneAgent.Losses.PolicyLoss.mean": {
            "value": 0.1468194051956137,
            "min": 0.08685681231630345,
            "max": 0.23553264518656458,
            "count": 207
        },
        "DroneAgent.Losses.PolicyLoss.sum": {
            "value": 0.1468194051956137,
            "min": 0.08685681231630345,
            "max": 0.23553264518656458,
            "count": 207
        },
        "DroneAgent.Losses.ValueLoss.mean": {
            "value": 0.03821271571796388,
            "min": 0.0032437275687698273,
            "max": 3.9063078622023264,
            "count": 207
        },
        "DroneAgent.Losses.ValueLoss.sum": {
            "value": 0.03821271571796388,
            "min": 0.0032437275687698273,
            "max": 3.9063078622023264,
            "count": 207
        },
        "DroneAgent.Policy.LearningRate.mean": {
            "value": 0.00023771729076091003,
            "min": 0.00023771729076091003,
            "max": 0.00029970396009868,
            "count": 207
        },
        "DroneAgent.Policy.LearningRate.sum": {
            "value": 0.00023771729076091003,
            "min": 0.00023771729076091003,
            "max": 0.00029970396009868,
            "count": 207
        },
        "DroneAgent.Policy.Epsilon.mean": {
            "value": 0.17923909000000007,
            "min": 0.17923909000000007,
            "max": 0.19990132000000008,
            "count": 207
        },
        "DroneAgent.Policy.Epsilon.sum": {
            "value": 0.17923909000000007,
            "min": 0.17923909000000007,
            "max": 0.19990132000000008,
            "count": 207
        },
        "DroneAgent.Policy.Beta.mean": {
            "value": 0.005000000000000001,
            "min": 0.005000000000000001,
            "max": 0.005000000000000001,
            "count": 207
        },
        "DroneAgent.Policy.Beta.sum": {
            "value": 0.005000000000000001,
            "min": 0.005000000000000001,
            "max": 0.005000000000000001,
            "count": 207
        },
        "DroneAgent.Policy.GAILPolicyEstimate.mean": {
            "value": 0.024407815847856302,
            "min": 0.009396056039258837,
            "max": 0.0808314664910237,
            "count": 207
        },
        "DroneAgent.Policy.GAILPolicyEstimate.sum": {
            "value": 0.024407815847856302,
            "min": 0.009396056039258837,
            "max": 0.0808314664910237,
            "count": 207
        },
        "DroneAgent.Policy.GAILExpertEstimate.mean": {
            "value": 0.9764719943205515,
            "min": 0.8134283363819123,
            "max": 0.9872263610363007,
            "count": 207
        },
        "DroneAgent.Policy.GAILExpertEstimate.sum": {
            "value": 0.9764719943205515,
            "min": 0.8134283363819123,
            "max": 0.9872263610363007,
            "count": 207
        },
        "DroneAgent.Losses.GAILLoss.mean": {
            "value": 0.05692914631217718,
            "min": 0.02667701303338011,
            "max": 0.60540664990743,
            "count": 207
        },
        "DroneAgent.Losses.GAILLoss.sum": {
            "value": 0.05692914631217718,
            "min": 0.02667701303338011,
            "max": 0.60540664990743,
            "count": 207
        },
        "DroneAgent.Policy.GAILGradMagLoss.mean": {
            "value": 0.07870594300329685,
            "min": 0.042146250667671366,
            "max": 2.0336820095777512,
            "count": 207
        },
        "DroneAgent.Policy.GAILGradMagLoss.sum": {
            "value": 0.07870594300329685,
            "min": 0.042146250667671366,
            "max": 2.0336820095777512,
            "count": 207
        },
        "DroneAgent.Losses.PretrainingLoss.mean": {
            "value": 0.0,
            "min": 0.0,
            "max": 0.9199527129530907,
            "count": 207
        },
        "DroneAgent.Losses.PretrainingLoss.sum": {
            "value": 0.0,
            "min": 0.0,
            "max": 0.9199527129530907,
            "count": 207
        },
        "DroneAgent.IsTraining.mean": {
            "value": 1.0,
            "min": 1.0,
            "max": 1.0,
            "count": 208
        },
        "DroneAgent.IsTraining.sum": {
            "value": 1.0,
            "min": 1.0,
            "max": 1.0,
            "count": 208
        }
    },
    "metadata": {
        "timer_format_version": "0.1.0",
        "start_time_seconds": "1696526485",
        "python_version": "3.9.13 (tags/v3.9.13:6de2ca5, May 17 2022, 16:36:42) [MSC v.1929 64 bit (AMD64)]",