{
    "name": "root",
    "gauges": {
        "DroneAgent.Policy.Entropy.mean": {
            "value": 8.098137855529785,
            "min": 7.509589672088623,
            "max": 8.098137855529785,
            "count": 500
        },
        "DroneAgent.Policy.Entropy.sum": {
            "value": 81119.046875,
            "min": 73212.3203125,
            "max": 83825.71875,
            "count": 500
        },
        "DroneAgent.Step.mean": {
            "value": 4999980.0,
            "min": 9971.0,
            "max": 4999980.0,
            "count": 500
        },
        "DroneAgent.Step.sum": {
            "value": 4999980.0,
            "min": 9971.0,
            "max": 4999980.0,
            "count": 500
        },
        "DroneAgent.Policy.ExtrinsicValueEstimate.mean": {
            "value": -0.04476425424218178,
            "min": -0.22445891797542572,
            "max": 0.08392885327339172,
            "count": 500
        },
        "DroneAgent.Policy.ExtrinsicValueEstimate.sum": {
            "value": -7.475630760192871,
            "min": -36.5868034362793,
            "max": 13.848260879516602,
            "count": 500
        },
        "DroneAgent.Policy.GailValueEstimate.mean": {
            "value": 0.004384644329547882,
            "min": -0.006218575406819582,
            "max": 0.024480478838086128,
            "count": 500
        },
        "DroneAgent.Policy.GailValueEstimate.sum": {
            "value": 0.7322356104850769,
            "min": -1.0322835445404053,
            "max": 3.9658377170562744,
            "count": 500
        },
        "DroneAgent.Environment.EpisodeLength.mean": {
            "value": 545.8421052631579,
            "min": 381.14285714285717,
            "max": 753.5,
            "count": 500
        },
        "DroneAgent.Environment.EpisodeLength.sum": {
            "value": 10371.0,
            "min": 2668.0,
            "max": 15005.0,
            "count": 500
        },
        "DroneAgent.Environment.CumulativeReward.mean": {
            "value": 0.4187702187214439,
            "min": -1.3100874468629413,
            "max": 0.9643491117283702,
            "count": 500
        },
        "DroneAgent.Environment.CumulativeReward.sum": {
            "value": 7.956634155707434,
            "min": -22.27148659667,
            "max": 13.597827298333868,
            "count": 500
        },
        "DroneAgent.Policy.ExtrinsicReward.mean": {
            "value": 0.4187702187214439,
            "min": -1.3100874468629413,
            "max": 0.9643491117283702,
            "count": 500
        },
        "DroneAgent.Policy.ExtrinsicReward.sum": {
            "value": 7.956634155707434,
            "min": -22.27148659667,
            "max": 13.597827298333868,
            "count": 500
        },
        "DroneAgent.Policy.GailReward.mean": {
            "value": 0.010241062009582734,
            "min": 0.00023429077583008294,
            "max": 0.6673902258779529,
            "count": 500
        },
        "DroneAgent.Policy.GailReward.sum": {
            "value": 0.19458017818207196,
            "min": 0.003813319362702572,
            "max": 13.347804517559059,
            "count": 500
        },
        "DroneAgent.IsTraining.mean": {
            "value": 1.0,
            "min": 1.0,
            "max": 1.0,
            "count": 500
        },
        "DroneAgent.IsTraining.sum": {
            "value": 1.0,
            "min": 1.0,
            "max": 1.0,
            "count": 500
        },
        "DroneAgent.Losses.PolicyLoss.mean": {
            "value": 0.07912553565984126,
            "min": 0.05698063692962023,
            "max": 0.11736832778551616,
            "count": 256
        },
        "DroneAgent.Losses.PolicyLoss.sum": {
            "value": 0.07912553565984126,
            "min": 0.05698063692962023,
            "max": 0.11736832778551616,
            "count": 256
        },
        "DroneAgent.Losses.ValueLoss.mean": {
            "value": 0.003937201548251323,
            "min": 0.002155483319074847,
            "max": 0.005447180697228759,
            "count": 256
        },
        "DroneAgent.Losses.ValueLoss.sum": {
            "value": 0.003937201548251323,
            "min": 0.002155483319074847,
            "max": 0.005447180697228759,
            "count": 256
        },
        "DroneAgent.Policy.LearningRate.mean": {
            "value": 4.776999522399669e-07,
            "min": 4.776999522399669e-07,
            "max": 0.00099603520039648,
            "count": 256
        },
        "DroneAgent.Policy.LearningRate.sum": {
            "value": 4.776999522399669e-07,
            "min": 4.776999522399669e-07,
            "max": 0.00099603520039648,
            "count": 256
        },
        "DroneAgent.Policy.Epsilon.mean": {
            "value": 0.10004776,
            "min": 0.10004776,
            "max": 0.19960352,
            "count": 256
        },
        "DroneAgent.Policy.Epsilon.sum": {
            "value": 0.10004776,
            "min": 0.10004776,
            "max": 0.19960352,
            "count": 256
        },
        "DroneAgent.Policy.Beta.mean": {
            "value": 0.01,
            "min": 0.01,
            "max": 0.01,
            "count": 256
        },
        "DroneAgent.Policy.Beta.sum": {
            "value": 0.01,
            "min": 0.01,
            "max": 0.01,
            "count": 256
        },
        "DroneAgent.Policy.GAILPolicyEstimate.mean": {
            "value": 6.741951169288995e-05,
            "min": 2.1035634861732434e-05,
            "max": 0.0009993126702330102,
            "count": 256
        },
        "DroneAgent.Policy.GAILPolicyEstimate.sum": {
            "value": 6.741951169288995e-05,
            "min": 2.1035634861732434e-05,
            "max": 0.0009993126702330102,
            "count": 256
        },
        "DroneAgent.Policy.GAILExpertEstimate.mean": {
            "value": 0.999980503320694,
            "min": 0.9997696951031685,
            "max": 0.9999999836087227,
            "count": 256
        },
        "DroneAgent.Policy.GAILExpertEstimate.sum": {
            "value": 0.999980503320694,
            "min": 0.9997696951031685,
            "max": 0.9999999836087227,
            "count": 256
        },
        "DroneAgent.Losses.GAILLoss.mean": {
            "value": 8.93792316419173e-05,
            "min": 2.2400505119435366e-05,
            "max": 0.0011014336358698528,
            "count": 256
        },
        "DroneAgent.Losses.GAILLoss.sum": {
            "value": 8.93792316419173e-05,
            "min": 2.2400505119435366e-05,
            "max": 0.0011014336358698528,
            "count": 256
        },
        "DroneAgent.Policy.GAILGradMagLoss.mean": {
            "value": 0.0001800579423616,
            "min": 0.000115034730242769,
            "max": 0.04228778390661318,
            "count": 256
        },
        "DroneAgent.Policy.GAILGradMagLoss.sum": {
            "value": 0.0001800579423616,
            "min": 0.000115034730242769,
            "max": 0.04228778390661318,
            "count": 256
        },
        "DroneAgent.Losses.PretrainingLoss.mean": {
            "value": 0.0,
            "min": 0.0,
            "max": 6120529.777777778,
            "count": 256
        },
        "DroneAgent.Losses.PretrainingLoss.sum": {
            "value": 0.0,
            "min": 0.0,
            "max": 6120529.777777778,
            "count": 256
        }
    },
    "metadata": {
        "timer_format_version": "0.1.0",
        "start_time_seconds": "1699908619",
        "python_version": "3.9.13 (tags/v3.9.13:6de2ca5, May 17 2022, 16:36:42) [MSC v.1929 64 bit (AMD64)]",
        "command_line_arguments": "C:\\Users\\thoma\\AppData\\Local\\Programs\\Python\\Python39\\Scripts\\mlagents-learn config\\DroneAgent.yaml --initialize-from=DroneAgentMGO6 --run-id=DroneAgentMGO7",
        "mlagents_version": "0.30.0",
        "mlagents_envs_version": "0.30.0",
        "communication_protocol_version": "1.5.0",