{
    "name": "root",
    "gauges": {
        "DroneAgent.Policy.Entropy.mean": {
            "value": 1.1226780414581299,
            "min": 0.8625136017799377,
            "max": 1.1226780414581299,
            "count": 500
        },
        "DroneAgent.Policy.Entropy.sum": {
            "value": 11235.76171875,
            "min": 8514.6669921875,
            "max": 11391.564453125,
            "count": 500
        },
        "DroneAgent.Step.mean": {
            "value": 4999999.0,
            "min": 9973.0,
            "max": 4999999.0,
            "count": 500
        },
        "DroneAgent.Step.sum": {
            "value": 4999999.0,
            "min": 9973.0,
            "max": 4999999.0,
            "count": 500
        },
        "DroneAgent.Policy.ExtrinsicValueEstimate.mean": {
            "value": 0.6973931193351746,
            "min": 0.04036913439631462,
            "max": 0.7224546074867249,
            "count": 500
        },
        "DroneAgent.Policy.ExtrinsicValueEstimate.sum": {
            "value": 124.13597106933594,
            "min": 6.66090726852417,
            "max": 132.77256774902344,
            "count": 500
        },
        "DroneAgent.Policy.GailValueEstimate.mean": {
            "value": 0.04325511306524277,
            "min": 0.04175800457596779,
            "max": 1.9868335723876953,
            "count": 500
        },
        "DroneAgent.Policy.GailValueEstimate.sum": {
            "value": 7.699410438537598,
            "min": 7.683472633361816,
            "max": 325.8406982421875,
            "count": 500
        },
        "DroneAgent.Environment.EpisodeLength.mean": {
            "value": 211.46808510638297,
            "min": 191.36363636363637,
            "max": 999.0,
            "count": 500
        },
        "DroneAgent.Environment.EpisodeLength.sum": {
            "value": 9939.0,
            "min": 3754.0,
            "max": 13329.0,
            "count": 500
        },
        "DroneAgent.Environment.CumulativeReward.mean": {
            "value": 1.850813203669609,
            "min": -0.10054832557216287,
            "max": 2.4178242729428936,
            "count": 500
        },
        "DroneAgent.Environment.CumulativeReward.sum": {
            "value": 86.98822057247162,
            "min": -0.8043866045773029,
            "max": 94.11152689158916,
            "count": 500
        },
        "DroneAgent.Policy.ExtrinsicReward.mean": {
            "value": 1.850813203669609,
            "min": -0.10054832557216287,
            "max": 2.4178242729428936,
            "count": 500
        },
        "DroneAgent.Policy.ExtrinsicReward.sum": {
            "value": 86.98822057247162,
            "min": -0.8043866045773029,
            "max": 94.11152689158916,
            "count": 500
        },
        "DroneAgent.Policy.GailReward.mean": {
            "value": 0.12544542109391957,
            "min": 0.11469022555174545,
            "max": 25.12016484861008,
            "count": 500
        },
        "DroneAgent.Policy.GailReward.sum": {
            "value": 5.89593479141422,
            "min": 5.89593479141422,
            "max": 276.3218133347109,
            "count": 500
        },
        "DroneAgent.IsTraining.mean": {
            "value": 1.0,
            "min": 1.0,
            "max": 1.0,
            "count": 500
        },
        "DroneAgent.IsTraining.sum": {
            "value": 1.0,
            "min": 1.0,
            "max": 1.0,
            "count": 500
        },
        "DroneAgent.Losses.PolicyLoss.mean": {
            "value": 0.08870509826957687,
            "min": 0.06461709043942392,
            "max": 0.13062126437434926,
            "count": 266
        },
        "DroneAgent.Losses.PolicyLoss.sum": {
            "value": 0.08870509826957687,
            "min": 0.06461709043942392,
            "max": 0.13062126437434926,
            "count": 266
        },
        "DroneAgent.Losses.ValueLoss.mean": {
            "value": 0.0009099938793951879,
            "min": 0.0005654211003275122,
            "max": 0.10993291500490159,
            "count": 266
        },
        "DroneAgent.Losses.ValueLoss.sum": {
            "value": 0.0009099938793951879,
            "min": 0.0005654211003275122,
            "max": 0.10993291500490159,
            "count": 266
        },
        "DroneAgent.Policy.LearningRate.mean": {
            "value": 2.8709997130003725e-07,
            "min": 2.8709997130003725e-07,
            "max": 0.00099605240039476,
            "count": 266
        },
        "DroneAgent.Policy.LearningRate.sum": {
            "value": 2.8709997130003725e-07,
            "min": 2.8709997130003725e-07,
            "max": 0.00099605240039476,
            "count": 266
        },
        "DroneAgent.Policy.Epsilon.mean": {
            "value": 0.10002870000000001,
            "min": 0.10002870000000001,
            "max": 0.19960524000000002,
            "count": 266
        },
        "DroneAgent.Policy.Epsilon.sum": {
            "value": 0.10002870000000001,
            "min": 0.10002870000000001,
            "max": 0.19960524000000002,
            "count": 266
        },
        "DroneAgent.Policy.Beta.mean": {
            "value": 0.01,
            "min": 0.01,
            "max": 0.01,
            "count": 266
        },
        "DroneAgent.Policy.Beta.sum": {
            "value": 0.01,
            "min": 0.01,
            "max": 0.01,
            "count": 266
        },
        "DroneAgent.Policy.GAILPolicyEstimate.mean": {
            "value": 0.012916787480935454,
            "min": 0.012321153702214361,
            "max": 0.19037128780037166,
            "count": 266
        },
        "DroneAgent.Policy.GAILPolicyEstimate.sum": {
            "value": 0.012916787480935454,
            "min": 0.012321153702214361,
            "max": 0.19037128780037166,
            "count": 266
        },
        "DroneAgent.Policy.GAILExpertEstimate.mean": {
            "value": 0.9925471857190132,
            "min": 0.8226631850004196,
            "max": 0.9925471857190132,
            "count": 266
        },
        "DroneAgent.Policy.GAILExpertEstimate.sum": {
            "value": 0.9925471857190132,
            "min": 0.8226631850004196,
            "max": 0.9925471857190132,
            "count": 266
        },
        "DroneAgent.Losses.GAILLoss.mean": {
            "value": 0.020938526093959808,
            "min": 0.020446789963170887,
            "max": 0.49756689816713334,
            "count": 266
        },
        "DroneAgent.Losses.GAILLoss.sum": {
            "value": 0.020938526093959808,
            "min": 0.020446789963170887,
            "max": 0.49756689816713334,
            "count": 266
        },
        "DroneAgent.Policy.GAILGradMagLoss.mean": {
            "value": 0.01909656443167478,
            "min": 0.01909656443167478,
            "max": 0.15101883290335535,
            "count": 266
        },
        "DroneAgent.Policy.GAILGradMagLoss.sum": {
            "value": 0.01909656443167478,
            "min": 0.01909656443167478,
            "max": 0.15101883290335535,
            "count": 266
        },
        "DroneAgent.Losses.PretrainingLoss.mean": {
            "value": 0.0,
            "min": 0.0,
            "max": 1.6400157108641507,
            "count": 266
        },
        "DroneAgent.Losses.PretrainingLoss.sum": {
            "value": 0.0,
            "min": 0.0,
            "max": 1.6400157108641507,
            "count": 266
        }
    },
    "metadata": {
        "timer_format_version": "0.1.0",
        "start_time_seconds": "1696813858",
        "python_version": "3.9.13 (tags/v3.9.13:6de2ca5, May 17 2022, 16:36:42) [MSC v.1929 64 bit (AMD64)]",
        "command_line_arguments": "F:\\Unity projects\\Oblig2\\Drone_MLagents\\venv\\Scripts\\mlagents-learn config/DroneAgent.yaml --initialize-from=DroneAgent_New_More_Brain_SmallGoal --run-id=DroneAgent_New_More_Brain_SmallGoal_Rng",
        "mlagents_version": "0.30.0",