{
    "name": "root",
    "gauges": {
        "DroneAgent.Policy.Entropy.mean": {
            "value": 5.868821144104004,
            "min": 5.0545501708984375,
            "max": 5.868821144104004,
            "count": 500
        },
        "DroneAgent.Policy.Entropy.sum": {
            "value": 59157.71875,
            "min": 49295.75,
            "max": 60073.421875,
            "count": 500
        },
        "DroneAgent.Step.mean": {
            "value": 4999975.0,
            "min": 9984.0,
            "max": 4999975.0,
            "count": 500
        },
        "DroneAgent.Step.sum": {
            "value": 4999975.0,
            "min": 9984.0,
            "max": 4999975.0,
            "count": 500
        },
        "DroneAgent.Policy.ExtrinsicValueEstimate.mean": {
            "value": 0.09140665829181671,
            "min": -0.01186853926628828,
            "max": 0.35205739736557007,
            "count": 500
        },
        "DroneAgent.Policy.ExtrinsicValueEstimate.sum": {
            "value": 14.533658981323242,
            "min": -1.887097716331482,
            "max": 54.92095184326172,
            "count": 500
        },
        "DroneAgent.Policy.GailValueEstimate.mean": {
            "value": 0.008642950095236301,
            "min": -0.014908835291862488,
            "max": 0.03163290023803711,
            "count": 500
        },
        "DroneAgent.Policy.GailValueEstimate.sum": {
            "value": 1.374229073524475,
            "min": -2.385413646697998,
            "max": 5.124529838562012,
            "count": 500
        },
        "DroneAgent.IsTraining.mean": {
            "value": 1.0,
            "min": 1.0,
            "max": 1.0,
            "count": 500
        },
        "DroneAgent.IsTraining.sum": {
            "value": 1.0,
            "min": 1.0,
            "max": 1.0,
            "count": 500
        },
        "DroneAgent.Environment.EpisodeLength.mean": {
            "value": 1154.857142857143,
            "min": 399.8333333333333,
            "max": 2192.3333333333335,
            "count": 499
        },
        "DroneAgent.Environment.EpisodeLength.sum": {
            "value": 8084.0,
            "min": 1638.0,
            "max": 24467.0,
            "count": 499
        },
        "DroneAgent.Environment.CumulativeReward.mean": {
            "value": 1.2187743930511974,
            "min": -0.31347701655301663,
            "max": 3.585937649772192,
            "count": 499
        },
        "DroneAgent.Environment.CumulativeReward.sum": {
            "value": 8.531420751358382,
            "min": -2.724327865289524,
            "max": 53.78906474658288,
            "count": 499
        },
        "DroneAgent.Policy.ExtrinsicReward.mean": {
            "value": 1.2187743930511974,
            "min": -0.31347701655301663,
            "max": 3.585937649772192,
            "count": 499
        },
        "DroneAgent.Policy.ExtrinsicReward.sum": {
            "value": 8.531420751358382,
            "min": -2.724327865289524,
            "max": 53.78906474658288,
            "count": 499
        },
        "DroneAgent.Policy.GailReward.mean": {
            "value": 0.03947395250340697,
            "min": 0.0012622173527286895,
            "max": 2.9359887054459053,
            "count": 499
        },
        "DroneAgent.Policy.GailReward.sum": {
            "value": 0.2763176675238488,
            "min": 0.008340454830568333,
            "max": 20.551920938121338,
            "count": 499
        },
        "DroneAgent.Losses.PolicyLoss.mean": {
            "value": 0.07499696523445891,
            "min": 0.05950084601063281,
            "max": 0.12027271710685454,
            "count": 250
        },
        "DroneAgent.Losses.PolicyLoss.sum": {
            "value": 0.07499696523445891,
            "min": 0.05950084601063281,
            "max": 0.12027271710685454,
            "count": 250
        },
        "DroneAgent.Losses.ValueLoss.mean": {
            "value": 0.003943863356835209,
            "min": 0.003441536461468786,
            "max": 0.0074128365144133564,
            "count": 250
        },
        "DroneAgent.Losses.ValueLoss.sum": {
            "value": 0.003943863356835209,
            "min": 0.003441536461468786,
            "max": 0.0074128365144133564,
            "count": 250
        },
        "DroneAgent.Policy.LearningRate.mean": {
            "value": 1.3618998638199686e-06,
            "min": 1.3618998638199686e-06,
            "max": 0.0009959746004025401,
            "count": 250
        },
        "DroneAgent.Policy.LearningRate.sum": {
            "value": 1.3618998638199686e-06,
            "min": 1.3618998638199686e-06,
            "max": 0.0009959746004025401,
            "count": 250
        },
        "DroneAgent.Policy.Epsilon.mean": {
            "value": 0.10013617999999999,
            "min": 0.10013617999999999,
            "max": 0.19959746,
            "count": 250
        },
        "DroneAgent.Policy.Epsilon.sum": {
            "value": 0.10013617999999999,
            "min": 0.10013617999999999,
            "max": 0.19959746,
            "count": 250
        },
        "DroneAgent.Policy.Beta.mean": {
            "value": 0.01,
            "min": 0.01,
            "max": 0.01,
            "count": 250
        },
        "DroneAgent.Policy.Beta.sum": {
            "value": 0.01,
            "min": 0.01,
            "max": 0.01,
            "count": 250
        },
        "DroneAgent.Policy.GAILPolicyEstimate.mean": {
            "value": 0.0002733888467957968,
            "min": 9.569873366217507e-05,
            "max": 0.005348365035464653,
            "count": 250
        },
        "DroneAgent.Policy.GAILPolicyEstimate.sum": {
            "value": 0.0002733888467957968,
            "min": 9.569873366217507e-05,
            "max": 0.005348365035464653,
            "count": 250
        },
        "DroneAgent.Policy.GAILExpertEstimate.mean": {
            "value": 0.9999753549695015,
            "min": 0.9988354921340943,
            "max": 0.999999389052391,
            "count": 250
        },
        "DroneAgent.Policy.GAILExpertEstimate.sum": {
            "value": 0.9999753549695015,
            "min": 0.9988354921340943,
            "max": 0.999999389052391,
            "count": 250
        },
        "DroneAgent.Losses.GAILLoss.mean": {
            "value": 0.0003075583283589367,
            "min": 0.00010325231678507408,
            "max": 0.007299516652136617,
            "count": 250
        },
        "DroneAgent.Losses.GAILLoss.sum": {
            "value": 0.0003075583283589367,
            "min": 0.00010325231678507408,
            "max": 0.007299516652136617,
            "count": 250
        },
        "DroneAgent.Policy.GAILGradMagLoss.mean": {
            "value": 0.0005134099668794079,
            "min": 0.00032653383568685966,
            "max": 0.07200229906738968,
            "count": 250
        },
        "DroneAgent.Policy.GAILGradMagLoss.sum": {
            "value": 0.0005134099668794079,
            "min": 0.00032653383568685966,
            "max": 0.07200229906738968,
            "count": 250
        },
        "DroneAgent.Losses.PretrainingLoss.mean": {
            "value": 0.0,
            "min": 0.0,
            "max": 5901.071864149306,
            "count": 250
        },
        "DroneAgent.Losses.PretrainingLoss.sum": {
            "value": 0.0,
            "min": 0.0,
            "max": 5901.071864149306,
            "count": 250
        }
    },
    "metadata": {
        "timer_format_version": "0.1.0",
        "start_time_seconds": "1699810063",
        "python_version": "3.9.13 (tags/v3.9.13:6de2ca5, May 17 2022, 16:36:42) [MSC v.1929 64 bit (AMD64)]",
        "command_line_arguments": "C:\\Users\\thoma\\AppData\\Local\\Programs\\Python\\Python39\\Scripts\\mlagents-learn config\\DroneAgent.yaml --initialize-from=DroneAgentMGO2 --run-id=DroneAgentMGO3",
        "mlagents_version": "0.30.0",