{
    "name": "root",
    "gauges": {
        "DroneAgent.Policy.Entropy.mean": {
            "value": 10.1597900390625,
            "min": 9.460725784301758,
            "max": 10.1597900390625,
            "count": 500
        },
        "DroneAgent.Policy.Entropy.sum": {
            "value": 101770.6171875,
            "min": 86365.84375,
            "max": 105520.625,
            "count": 500
        },
        "DroneAgent.Step.mean": {
            "value": 4999985.0,
            "min": 9980.0,
            "max": 4999985.0,
            "count": 500
        },
        "DroneAgent.Step.sum": {
            "value": 4999985.0,
            "min": 9980.0,
            "max": 4999985.0,
            "count": 500
        },
        "DroneAgent.Policy.ExtrinsicValueEstimate.mean": {
            "value": -0.12943150103092194,
            "min": -0.16796982288360596,
            "max": 0.10259178280830383,
            "count": 500
        },
        "DroneAgent.Policy.ExtrinsicValueEstimate.sum": {
            "value": -20.96790313720703,
            "min": -27.043140411376953,
            "max": 16.004318237304688,
            "count": 500
        },
        "DroneAgent.Policy.GailValueEstimate.mean": {
            "value": 0.0010085329413414001,
            "min": -0.005357013083994389,
            "max": 0.017718806862831116,
            "count": 500
        },
        "DroneAgent.Policy.GailValueEstimate.sum": {
            "value": 0.16338233649730682,
            "min": -0.8731931447982788,
            "max": 2.8881654739379883,
            "count": 500
        },
        "DroneAgent.Environment.EpisodeLength.mean": {
            "value": 887.4545454545455,
            "min": 315.0,
            "max": 999.0,
            "count": 500
        },
        "DroneAgent.Environment.EpisodeLength.sum": {
            "value": 9762.0,
            "min": 315.0,
            "max": 19259.0,
            "count": 500
        },
        "DroneAgent.Environment.CumulativeReward.mean": {
            "value": -0.991728349821642,
            "min": -2.0857747392728925,
            "max": 0.3954657906116071,
            "count": 500
        },
        "DroneAgent.Environment.CumulativeReward.sum": {
            "value": -10.909011848038062,
            "min": -21.383769300067797,
            "max": 4.419318066909909,
            "count": 500
        },
        "DroneAgent.Policy.ExtrinsicReward.mean": {
            "value": -0.991728349821642,
            "min": -2.0857747392728925,
            "max": 0.3954657906116071,
            "count": 500
        },
        "DroneAgent.Policy.ExtrinsicReward.sum": {
            "value": -10.909011848038062,
            "min": -21.383769300067797,
            "max": 4.419318066909909,
            "count": 500
        },
        "DroneAgent.Policy.GailReward.mean": {
            "value": 0.003883229446198122,
            "min": 6.442838548065693e-05,
            "max": 0.42390117316745873,
            "count": 500
        },
        "DroneAgent.Policy.GailReward.sum": {
            "value": 0.04271552390817934,
            "min": 0.0008375690112485401,
            "max": 8.054122290181716,
            "count": 500
        },
        "DroneAgent.IsTraining.mean": {
            "value": 1.0,
            "min": 1.0,
            "max": 1.0,
            "count": 500
        },
        "DroneAgent.IsTraining.sum": {
            "value": 1.0,
            "min": 1.0,
            "max": 1.0,
            "count": 500
        },
        "DroneAgent.Losses.PolicyLoss.mean": {
            "value": 0.08248408921135705,
            "min": 0.05331305205472745,
            "max": 0.1162216231236016,
            "count": 249
        },
        "DroneAgent.Losses.PolicyLoss.sum": {
            "value": 0.08248408921135705,
            "min": 0.05331305205472745,
            "max": 0.1162216231236016,
            "count": 249
        },
        "DroneAgent.Losses.ValueLoss.mean": {
            "value": 0.0015846127716940828,
            "min": 0.0008605731563875452,
            "max": 0.0028247117152204737,
            "count": 249
        },
        "DroneAgent.Losses.ValueLoss.sum": {
            "value": 0.0015846127716940828,
            "min": 0.0008605731563875452,
            "max": 0.0028247117152204737,
            "count": 249
        },
        "DroneAgent.Policy.LearningRate.mean": {
            "value": 2.4618997538199583e-06,
            "min": 2.4618997538199583e-06,
            "max": 0.0009958230004177,
            "count": 249
        },
        "DroneAgent.Policy.LearningRate.sum": {
            "value": 2.4618997538199583e-06,
            "min": 2.4618997538199583e-06,
            "max": 0.0009958230004177,
            "count": 249
        },
        "DroneAgent.Policy.Epsilon.mean": {
            "value": 0.10024618,
            "min": 0.10024618,
            "max": 0.19958230000000002,
            "count": 249
        },
        "DroneAgent.Policy.Epsilon.sum": {
            "value": 0.10024618,
            "min": 0.10024618,
            "max": 0.19958230000000002,
            "count": 249
        },
        "DroneAgent.Policy.Beta.mean": {
            "value": 0.01,
            "min": 0.01,
            "max": 0.01,
            "count": 249
        },
        "DroneAgent.Policy.Beta.sum": {
            "value": 0.01,
            "min": 0.01,
            "max": 0.01,
            "count": 249
        },
        "DroneAgent.Policy.GAILPolicyEstimate.mean": {
            "value": 3.5945290161265575e-05,
            "min": 6.96709387852934e-06,
            "max": 0.00044336497246604266,
            "count": 249
        },
        "DroneAgent.Policy.GAILPolicyEstimate.sum": {
            "value": 3.5945290161265575e-05,
            "min": 6.96709387852934e-06,
            "max": 0.00044336497246604266,
            "count": 249
        },
        "DroneAgent.Policy.GAILExpertEstimate.mean": {
            "value": 0.9999977022409439,
            "min": 0.9997616380453109,
            "max": 0.9999999552965164,
            "count": 249
        },
        "DroneAgent.Policy.GAILExpertEstimate.sum": {
            "value": 0.9999977022409439,
            "min": 0.9997616380453109,
            "max": 0.9999999552965164,
            "count": 249
        },
        "DroneAgent.Losses.GAILLoss.mean": {
            "value": 3.875032353022334e-05,
            "min": 1.013869237453946e-05,
            "max": 0.0005978123213026265,
            "count": 249
        },
        "DroneAgent.Losses.GAILLoss.sum": {
            "value": 3.875032353022334e-05,
            "min": 1.013869237453946e-05,
            "max": 0.0005978123213026265,
            "count": 249
        },
        "DroneAgent.Policy.GAILGradMagLoss.mean": {
            "value": 8.276428961835336e-05,
            "min": 7.20272362286778e-05,
            "max": 0.057075271897338097,
            "count": 249
        },
        "DroneAgent.Policy.GAILGradMagLoss.sum": {
            "value": 8.276428961835336e-05,
            "min": 7.20272362286778e-05,
            "max": 0.057075271897338097,
            "count": 249
        },
        "DroneAgent.Losses.PretrainingLoss.mean": {
            "value": 0.0,
            "min": 0.0,
            "max": 5646092617.955556,
            "count": 249
        },
        "DroneAgent.Losses.PretrainingLoss.sum": {
            "value": 0.0,
            "min": 0.0,
            "max": 5646092617.955556,
            "count": 249
        }
    },
    "metadata": {
        "timer_format_version": "0.1.0",
        "start_time_seconds": "1699948051",
        "python_version": "3.9.13 (tags/v3.9.13:6de2ca5, May 17 2022, 16:36:42) [MSC v.1929 64 bit (AMD64)]",
        "command_line_arguments": "C:\\Users\\thoma\\AppData\\Local\\Programs\\Python\\Python39\\Scripts\\mlagents-learn config\\DroneAgent.yaml --initialize-from=DroneAgentMGO9 --run-id=DroneAgentMGO10",
        "mlagents_version": "0.30.0",
        "mlagents_envs_version": "0.30.0",