{
    "name": "root",
    "metadata": {
        "timer_format_version": "0.1.0",
        "start_time_seconds": "1696351315",
        "python_version": "3.9.13 (tags/v3.9.13:6de2ca5, May 17 2022, 16:36:42) [MSC v.1929 64 bit (AMD64)]",
        "command_line_arguments": "F:\\Unity projects\\Oblig2\\Drone_MLagents\\venv\\Scripts\\mlagents-learn config/DroneAgent.yaml --initialize-from=DroneAgentMoveForwardnewTraining3 --run-id=DroneAgentMoveForwardnewTraining6",
        "mlagents_version": "0.30.0",
        "mlagents_envs_version": "0.30.0",
        "communication_protocol_version": "1.5.0",
        "pytorch_version": "2.0.1+cu117",
        "numpy_version": "1.21.2",
        "end_time_seconds": "1696351484"
    },
    "total": 168.5451722,
    "count": 1,
    "self": 0.006084500000014259,
    "children": {
        "run_training.setup": {
            "total": 0.07573489999999983,
            "count": 1,
            "self": 0.07573489999999983
        },
        "TrainerController.start_learning": {
            "total": 168.4633528,
            "count": 1,
            "self": 0.03170620000020108,
            "children": {
                "TrainerController._reset_env": {
                    "total": 29.8872818,
                    "count": 1,
                    "self": 24.3309815,
                    "children": {
                        "demo_to_buffer": {
                            "total": 5.5563003,
                            "count": 2,
                            "self": 0.00017050000000295995,
                            "children": {
                                "load_demonstration": {
                                    "total": 0.11541019999999946,
                                    "count": 2,
                                    "self": 0.11315239999999704,
                                    "children": {
                                        "read_file": {
                                            "total": 0.002257800000002419,
                                            "count": 2,
                                            "self": 0.002257800000002419
                                        }
                                    }
                                },
                                "make_demo_buffer": {
                                    "total": 5.440719599999998,
                                    "count": 2,
                                    "self": 0.6519260000000884,
                                    "children": {
                                        "steps_from_proto": {
                                            "total": 4.788793599999909,
                                            "count": 25884,
                                            "self": 1.7662836999993736,
                                            "children": {
                                                "_process_rank_one_or_two_observation": {
                                                    "total": 3.0225099000005358,
                                                    "count": 207072,
                                                    "self": 3.0225099000005358
                                                }
                                            }
                                        }
                                    }
                                }
                            }
                        }
                    }
                },
                "TrainerController.advance": {
                    "total": 138.25869029999978,
                    "count": 1751,
                    "self": 0.025868699999733735,
                    "children": {
                        "env_step": {
                            "total": 98.30375630000015,
                            "count": 1751,
                            "self": 79.0638113999996,
                            "children": {
                                "SubprocessEnvManager._take_step": {
                                    "total": 19.22028260000021,
                                    "count": 1751,
                                    "self": 0.1446393000002857,
                                    "children": {
                                        "TorchPolicy.evaluate": {
                                            "total": 19.075643299999925,
                                            "count": 1751,
                                            "self": 19.075643299999925
                                        }
                                    }
                                },
                                "workers": {
                                    "total": 0.0196623000003342,
                                    "count": 1750,
                                    "self": 0.0,
                                    "children": {
                                        "worker_root": {
                                            "total": 83.60831139999993,
                                            "count": 1750,
                                            "is_parallel": true,
                                            "self": 68.2521025999999,
                                            "children": {
                                                "steps_from_proto": {
                                                    "total": 0.0004784999999998263,
                                                    "count": 1,
                                                    "is_parallel": true,
                                                    "self": 0.00010729999999981032,
                                                    "children": {
                                                        "_process_rank_one_or_two_observation": {
                                                            "total": 0.00037120000000001596,
                                                            "count": 8,
                                                            "is_parallel": true,
                                                            "self": 0.00037120000000001596
                                                        }
                                                    }
                                                },
                                                "UnityEnvironment.step": {
                                                    "total": 15.355730300000033,
                                                    "count": 1750,
                                                    "is_parallel": true,
                                                    "self": 0.24339370000014426,
                                                    "children": {
                                                        "UnityEnvironment._generate_step_input": {
                                                            "total": 0.21240439999998628,
                                                            "count": 1750,
                                                            "is_parallel": true,
                                                            "self": 0.21240439999998628
                                                        },
                                                        "communicator.exchange": {
                                                            "total": 14.225731799999938,
                                                            "count": 1750,
                                                            "is_parallel": true,
                                                            "self": 14.225731799999938
                                                        },
                                                        "steps_from_proto": {
                                                            "total": 0.6742003999999646,
                                                            "count": 1750,
                                                            "is_parallel": true,