{
    "name": "root",
    "gauges": {
        "DroneAgent.Policy.Entropy.mean": {
            "value": 4.3656744956970215,
            "min": 3.709408760070801,
            "max": 4.3656744956970215,
            "count": 500
        },
        "DroneAgent.Policy.Entropy.sum": {
            "value": 43364.24609375,
            "min": 36082.40234375,
            "max": 44870.5234375,
            "count": 500
        },
        "DroneAgent.Step.mean": {
            "value": 4999963.0,
            "min": 9970.0,
            "max": 4999963.0,
            "count": 500
        },
        "DroneAgent.Step.sum": {
            "value": 4999963.0,
            "min": 9970.0,
            "max": 4999963.0,
            "count": 500
        },
        "DroneAgent.Policy.ExtrinsicValueEstimate.mean": {
            "value": 0.32744672894477844,
            "min": -0.15877994894981384,
            "max": 0.3847321569919586,
            "count": 500
        },
        "DroneAgent.Policy.ExtrinsicValueEstimate.sum": {
            "value": 51.7365837097168,
            "min": -25.40479278564453,
            "max": 61.55714416503906,
            "count": 500
        },
        "DroneAgent.Policy.GailValueEstimate.mean": {
            "value": 0.010951803997159004,
            "min": 0.0006017190171405673,
            "max": 0.07271666824817657,
            "count": 500
        },
        "DroneAgent.Policy.GailValueEstimate.sum": {
            "value": 1.7303850650787354,
            "min": 0.0956733226776123,
            "max": 11.56195068359375,
            "count": 500
        },
        "DroneAgent.Environment.EpisodeLength.mean": {
            "value": 1769.6,
            "min": 305.0,
            "max": 2999.0,
            "count": 500
        },
        "DroneAgent.Environment.EpisodeLength.sum": {
            "value": 8848.0,
            "min": 305.0,
            "max": 23201.0,
            "count": 500
        },
        "DroneAgent.Environment.CumulativeReward.mean": {
            "value": 5.659347820864059,
            "min": -1.7901561283506453,
            "max": 9.76091632747557,
            "count": 500
        },
        "DroneAgent.Environment.CumulativeReward.sum": {
            "value": 28.296739104320295,
            "min": -20.404072934412397,
            "max": 67.15901967848185,
            "count": 500
        },
        "DroneAgent.Policy.ExtrinsicReward.mean": {
            "value": 5.659347820864059,
            "min": -1.7901561283506453,
            "max": 9.76091632747557,
            "count": 500
        },
        "DroneAgent.Policy.ExtrinsicReward.sum": {
            "value": 28.296739104320295,
            "min": -20.404072934412397,
            "max": 67.15901967848185,
            "count": 500
        },
        "DroneAgent.Policy.GailReward.mean": {
            "value": 0.09946878040380155,
            "min": 0.0014318268384272415,
            "max": 6.076725359002154,
            "count": 500
        },
        "DroneAgent.Policy.GailReward.sum": {
            "value": 0.4973439020190078,
            "min": 0.0014318268384272415,
            "max": 25.203245141500204,
            "count": 500
        },
        "DroneAgent.IsTraining.mean": {
            "value": 1.0,
            "min": 1.0,
            "max": 1.0,
            "count": 500
        },
        "DroneAgent.IsTraining.sum": {
            "value": 1.0,
            "min": 1.0,
            "max": 1.0,
            "count": 500
        },
        "DroneAgent.Losses.PolicyLoss.mean": {
            "value": 0.08221703657472972,
            "min": 0.059667076945788725,
            "max": 0.11117202140158042,
            "count": 247
        },
        "DroneAgent.Losses.PolicyLoss.sum": {
            "value": 0.08221703657472972,
            "min": 0.059667076945788725,
            "max": 0.11117202140158042,
            "count": 247
        },
        "DroneAgent.Losses.ValueLoss.mean": {
            "value": 0.006591859253239818,
            "min": 0.0004271398502169177,
            "max": 0.007111866166815162,
            "count": 247
        },
        "DroneAgent.Losses.ValueLoss.sum": {
            "value": 0.006591859253239818,
            "min": 0.0004271398502169177,
            "max": 0.007111866166815162,
            "count": 247
        },
        "DroneAgent.Policy.LearningRate.mean": {
            "value": 1.8016998198399587e-06,
            "min": 1.8016998198399587e-06,
            "max": 0.00099596780040322,
            "count": 247
        },
        "DroneAgent.Policy.LearningRate.sum": {
            "value": 1.8016998198399587e-06,
            "min": 1.8016998198399587e-06,
            "max": 0.00099596780040322,
            "count": 247
        },
        "DroneAgent.Policy.Epsilon.mean": {
            "value": 0.10018016,
            "min": 0.10018016,
            "max": 0.19959678,
            "count": 247
        },
        "DroneAgent.Policy.Epsilon.sum": {
            "value": 0.10018016,
            "min": 0.10018016,
            "max": 0.19959678,
            "count": 247
        },
        "DroneAgent.Policy.Beta.mean": {
            "value": 0.01,
            "min": 0.01,
            "max": 0.01,
            "count": 247
        },
        "DroneAgent.Policy.Beta.sum": {
            "value": 0.01,
            "min": 0.01,
            "max": 0.01,
            "count": 247
        },
        "DroneAgent.Policy.GAILPolicyEstimate.mean": {
            "value": 0.00023423841969361092,
            "min": 9.848771862834838e-05,
            "max": 0.005745504173637528,
            "count": 247
        },
        "DroneAgent.Policy.GAILPolicyEstimate.sum": {
            "value": 0.00023423841969361092,
            "min": 9.848771862834838e-05,
            "max": 0.005745504173637528,
            "count": 247
        },
        "DroneAgent.Policy.GAILExpertEstimate.mean": {
            "value": 0.9999483212828636,
            "min": 0.9994109079241753,
            "max": 0.9999995410442353,
            "count": 247
        },
        "DroneAgent.Policy.GAILExpertEstimate.sum": {
            "value": 0.9999483212828636,
            "min": 0.9994109079241753,
            "max": 0.9999995410442353,
            "count": 247
        },
        "DroneAgent.Losses.GAILLoss.mean": {
            "value": 0.0002924645868006337,
            "min": 0.0001272574595986953,
            "max": 0.006932474055463445,
            "count": 247
        },
        "DroneAgent.Losses.GAILLoss.sum": {
            "value": 0.0002924645868006337,
            "min": 0.0001272574595986953,
            "max": 0.006932474055463445,
            "count": 247
        },
        "DroneAgent.Policy.GAILGradMagLoss.mean": {
            "value": 0.0007148679855163209,
            "min": 0.0004127492215047823,
            "max": 0.07727227330615279,
            "count": 247
        },
        "DroneAgent.Policy.GAILGradMagLoss.sum": {
            "value": 0.0007148679855163209,
            "min": 0.0004127492215047823,
            "max": 0.07727227330615279,
            "count": 247
        },
        "DroneAgent.Losses.PretrainingLoss.mean": {
            "value": 0.0,
            "min": 0.0,
            "max": 246.65816480848525,
            "count": 247
        },
        "DroneAgent.Losses.PretrainingLoss.sum": {
            "value": 0.0,
            "min": 0.0,
            "max": 246.65816480848525,
            "count": 247
        }
    },
    "metadata": {
        "timer_format_version": "0.1.0",
        "start_time_seconds": "1699796536",
        "python_version": "3.9.13 (tags/v3.9.13:6de2ca5, May 17 2022, 16:36:42) [MSC v.1929 64 bit (AMD64)]",
        "command_line_arguments": "C:\\Users\\thoma\\AppData\\Local\\Programs\\Python\\Python39\\Scripts\\mlagents-learn config\\DroneAgent.yaml --initialize-from=DroneAgentMGO --run-id=DroneAgentMGO1",
        "mlagents_version": "0.30.0",
        "mlagents_envs_version": "0.30.0",
        "communication_protocol_version": "1.5.0",