{
    "name": "root",
    "gauges": {
        "DroneAgent.Policy.Entropy.mean": {
            "value": 6.286857604980469,
            "min": 6.006045341491699,
            "max": 6.286857604980469,
            "count": 500
        },
        "DroneAgent.Policy.Entropy.sum": {
            "value": 63635.5703125,
            "min": 56535.609375,
            "max": 67950.046875,
            "count": 500
        },
        "DroneAgent.Step.mean": {
            "value": 4999937.0,
            "min": 9984.0,
            "max": 4999937.0,
            "count": 500
        },
        "DroneAgent.Step.sum": {
            "value": 4999937.0,
            "min": 9984.0,
            "max": 4999937.0,
            "count": 500
        },
        "DroneAgent.Policy.ExtrinsicValueEstimate.mean": {
            "value": 0.42923250794410706,
            "min": -0.18796713650226593,
            "max": 0.9826498031616211,
            "count": 500
        },
        "DroneAgent.Policy.ExtrinsicValueEstimate.sum": {
            "value": 68.24797058105469,
            "min": -29.55502700805664,
            "max": 153.29336547851562,
            "count": 500
        },
        "DroneAgent.Policy.GailValueEstimate.mean": {
            "value": 0.0018345683347433805,
            "min": -0.0017714478308334947,
            "max": 0.027505874633789062,
            "count": 500
        },
        "DroneAgent.Policy.GailValueEstimate.sum": {
            "value": 0.29169636964797974,
            "min": -0.2887459993362427,
            "max": 4.593481063842773,
            "count": 500
        },
        "DroneAgent.IsTraining.mean": {
            "value": 1.0,
            "min": 1.0,
            "max": 1.0,
            "count": 500
        },
        "DroneAgent.IsTraining.sum": {
            "value": 1.0,
            "min": 1.0,
            "max": 1.0,
            "count": 500
        },
        "DroneAgent.Losses.PolicyLoss.mean": {
            "value": 0.08325247032771585,
            "min": 0.060030466769239864,
            "max": 0.11419672056799754,
            "count": 245
        },
        "DroneAgent.Losses.PolicyLoss.sum": {
            "value": 0.08325247032771585,
            "min": 0.060030466769239864,
            "max": 0.11419672056799754,
            "count": 245
        },
        "DroneAgent.Losses.ValueLoss.mean": {
            "value": 0.0064555456105154,
            "min": 0.003355964267393574,
            "max": 0.009996627608779817,
            "count": 245
        },
        "DroneAgent.Losses.ValueLoss.sum": {
            "value": 0.0064555456105154,
            "min": 0.003355964267393574,
            "max": 0.009996627608779817,
            "count": 245
        },
        "DroneAgent.Policy.LearningRate.mean": {
            "value": 3.5562996443800096e-06,
            "min": 3.5562996443800096e-06,
            "max": 0.00099569920043008,
            "count": 245
        },
        "DroneAgent.Policy.LearningRate.sum": {
            "value": 3.5562996443800096e-06,
            "min": 3.5562996443800096e-06,
            "max": 0.00099569920043008,
            "count": 245
        },
        "DroneAgent.Policy.Epsilon.mean": {
            "value": 0.10035562,
            "min": 0.10035562,
            "max": 0.19956992,
            "count": 245
        },
        "DroneAgent.Policy.Epsilon.sum": {
            "value": 0.10035562,
            "min": 0.10035562,
            "max": 0.19956992,
            "count": 245
        },
        "DroneAgent.Policy.Beta.mean": {
            "value": 0.01,
            "min": 0.01,
            "max": 0.01,
            "count": 245
        },
        "DroneAgent.Policy.Beta.sum": {
            "value": 0.01,
            "min": 0.01,
            "max": 0.01,
            "count": 245
        },
        "DroneAgent.Policy.GAILPolicyEstimate.mean": {
            "value": 7.440948280343918e-05,
            "min": 8.914218706390642e-06,
            "max": 0.0010069015140665271,
            "count": 245
        },
        "DroneAgent.Policy.GAILPolicyEstimate.sum": {
            "value": 7.440948280343918e-05,
            "min": 8.914218706390642e-06,
            "max": 0.0010069015140665271,
            "count": 245
        },
        "DroneAgent.Policy.GAILExpertEstimate.mean": {
            "value": 0.9999937087297439,
            "min": 0.999751265347004,
            "max": 0.999999949336052,
            "count": 245
        },
        "DroneAgent.Policy.GAILExpertEstimate.sum": {
            "value": 0.9999937087297439,
            "min": 0.999751265347004,
            "max": 0.999999949336052,
            "count": 245
        },
        "DroneAgent.Losses.GAILLoss.mean": {
            "value": 8.393717514536548e-05,
            "min": 1.3501069517474207e-05,
            "max": 0.001186043559209793,
            "count": 245
        },
        "DroneAgent.Losses.GAILLoss.sum": {
            "value": 8.393717514536548e-05,
            "min": 1.3501069517474207e-05,
            "max": 0.001186043559209793,
            "count": 245
        },
        "DroneAgent.Policy.GAILGradMagLoss.mean": {
            "value": 0.00018688843592826743,
            "min": 4.911408714178833e-05,
            "max": 0.04882391606079182,
            "count": 245
        },
        "DroneAgent.Policy.GAILGradMagLoss.sum": {
            "value": 0.00018688843592826743,
            "min": 4.911408714178833e-05,
            "max": 0.04882391606079182,
            "count": 245
        },
        "DroneAgent.Losses.PretrainingLoss.mean": {
            "value": 0.0,
            "min": 0.0,
            "max": 24745.497092013888,
            "count": 245
        },
        "DroneAgent.Losses.PretrainingLoss.sum": {
            "value": 0.0,
            "min": 0.0,
            "max": 24745.497092013888,
            "count": 245
        },
        "DroneAgent.Environment.EpisodeLength.mean": {
            "value": 1249.0,
            "min": 900.0,
            "max": 1992.875,
            "count": 472
        },
        "DroneAgent.Environment.EpisodeLength.sum": {
            "value": 7494.0,
            "min": 900.0,
            "max": 31886.0,
            "count": 472
        },
        "DroneAgent.Environment.CumulativeReward.mean": {
            "value": 5.571710681775585,
            "min": -4.168089486658573,
            "max": 9.476558665162884,
            "count": 481
        },
        "DroneAgent.Environment.CumulativeReward.sum": {
            "value": 33.43026409065351,
            "min": -69.560518596787,
            "max": 113.55652593448758,
            "count": 481
        },
        "DroneAgent.Policy.ExtrinsicReward.mean": {
            "value": 5.571710681775585,
            "min": -4.168089486658573,
            "max": 9.476558665162884,
            "count": 481
        },
        "DroneAgent.Policy.ExtrinsicReward.sum": {
            "value": 33.43026409065351,
            "min": -69.560518596787,
            "max": 113.55652593448758,
            "count": 481
        },
        "DroneAgent.Policy.GailReward.mean": {
            "value": 0.04010393117829499,
            "min": 3.3912794274115754e-05,
            "max": 0.6439710320318699,
            "count": 481
        },
        "DroneAgent.Policy.GailReward.sum": {
            "value": 0.24062358706976994,
            "min": 3.3912794274115754e-05,
            "max": 13.523391672669268,
            "count": 481
        }
    },
    "metadata": {
        "timer_format_version": "0.1.0",
        "start_time_seconds": "1700116664",
        "python_version": "3.9.13 (tags/v3.9.13:6de2ca5, May 17 2022, 16:36:42) [MSC v.1929 64 bit (AMD64)]",
        "command_line_arguments": "C:\\Users\\thoma\\AppData\\Local\\Programs\\Python\\Python39\\Scripts\\mlagents-learn config\\DroneAgent.yaml --initialize-from=DroneAgentMG13 --run-id=DroneAgentMG14",
        "mlagents_version": "0.30.0",
        "mlagents_envs_version": "0.30.0",
        "communication_protocol_version": "1.5.0",