{
    "name": "root",
    "gauges": {
        "DroneAgent.Policy.Entropy.mean": {
            "value": 1.1383721828460693,
            "min": 1.1038885116577148,
            "max": 1.1585897207260132,
            "count": 187
        },
        "DroneAgent.Policy.Entropy.sum": {
            "value": 11450.8857421875,
            "min": 10577.755859375,
            "max": 12669.1787109375,
            "count": 187
        },
        "DroneAgent.Step.mean": {
            "value": 1869993.0,
            "min": 9989.0,
            "max": 1869993.0,
            "count": 187
        },
        "DroneAgent.Step.sum": {
            "value": 1869993.0,
            "min": 9989.0,
            "max": 1869993.0,
            "count": 187
        },
        "DroneAgent.Policy.ExtrinsicValueEstimate.mean": {
            "value": -0.03137862682342529,
            "min": -0.35373714566230774,
            "max": 0.9985612630844116,
            "count": 187
        },
        "DroneAgent.Policy.ExtrinsicValueEstimate.sum": {
            "value": -5.114716053009033,
            "min": -57.305416107177734,
            "max": 161.16061401367188,
            "count": 187
        },
        "DroneAgent.Policy.GailValueEstimate.mean": {
            "value": 0.23751161992549896,
            "min": -0.21698583662509918,
            "max": 9.644552230834961,
            "count": 187
        },
        "DroneAgent.Policy.GailValueEstimate.sum": {
            "value": 38.714393615722656,
            "min": -36.45362091064453,
            "max": 1562.41748046875,
            "count": 187
        },
        "DroneAgent.Environment.EpisodeLength.mean": {
            "value": 939.7692307692307,
            "min": 218.66666666666666,
            "max": 999.0,
            "count": 187
        },
        "DroneAgent.Environment.EpisodeLength.sum": {
            "value": 12217.0,
            "min": 3778.0,
            "max": 15367.0,
            "count": 187
        },
        "DroneAgent.Environment.CumulativeReward.mean": {
            "value": 1.8230045298830821,
            "min": -4.59562722723931,
            "max": 2.5201075588120148,
            "count": 187
        },
        "DroneAgent.Environment.CumulativeReward.sum": {
            "value": 23.699058888480067,
            "min": -87.63488983456045,
            "max": 28.482873858883977,
            "count": 187
        },
        "DroneAgent.Policy.ExtrinsicReward.mean": {
            "value": 1.8230045298830821,
            "min": -4.59562722723931,
            "max": 2.5201075588120148,
            "count": 187
        },
        "DroneAgent.Policy.ExtrinsicReward.sum": {
            "value": 23.699058888480067,
            "min": -87.63488983456045,
            "max": 28.482873858883977,
            "count": 187
        },
        "DroneAgent.Policy.GailReward.mean": {
            "value": 2.1376439516024957,
            "min": 0.8693903476773709,
            "max": 177.1834761962486,
            "count": 187
        },
        "DroneAgent.Policy.GailReward.sum": {
            "value": 27.78937137083244,
            "min": 9.56329382445108,
            "max": 4874.112683369111,
            "count": 187
        },
        "DroneAgent.IsTraining.mean": {
            "value": 1.0,
            "min": 1.0,
            "max": 1.0,
            "count": 187
        },
        "DroneAgent.IsTraining.sum": {
            "value": 1.0,
            "min": 1.0,
            "max": 1.0,
            "count": 187
        },
        "DroneAgent.Losses.PolicyLoss.mean": {
            "value": 0.08128658939967863,
            "min": 0.05682415775081608,
            "max": 0.13375305972294882,
            "count": 93
        },
        "DroneAgent.Losses.PolicyLoss.sum": {
            "value": 0.08128658939967863,
            "min": 0.05682415775081608,
            "max": 0.13375305972294882,
            "count": 93
        },
        "DroneAgent.Losses.ValueLoss.mean": {
            "value": 0.007884577789809555,
            "min": 0.0063507903134450315,
            "max": 42.835612297058105,
            "count": 93
        },
        "DroneAgent.Losses.ValueLoss.sum": {
            "value": 0.007884577789809555,
            "min": 0.0063507903134450315,
            "max": 42.835612297058105,
            "count": 93
        },
        "DroneAgent.Policy.LearningRate.mean": {
            "value": 0.00062822983717702,
            "min": 0.00062822983717702,
            "max": 0.0009961950003805002,
            "count": 93
        },
        "DroneAgent.Policy.LearningRate.sum": {
            "value": 0.00062822983717702,
            "min": 0.00062822983717702,
            "max": 0.0009961950003805002,
            "count": 93
        },
        "DroneAgent.Policy.Epsilon.mean": {
            "value": 0.16282298,
            "min": 0.16282298,
            "max": 0.1996195,
            "count": 93
        },
        "DroneAgent.Policy.Epsilon.sum": {
            "value": 0.16282298,
            "min": 0.16282298,
            "max": 0.1996195,
            "count": 93
        },
        "DroneAgent.Policy.Beta.mean": {
            "value": 0.01,
            "min": 0.01,
            "max": 0.01,
            "count": 93
        },
        "DroneAgent.Policy.Beta.sum": {
            "value": 0.01,
            "min": 0.01,
            "max": 0.01,
            "count": 93
        },
        "DroneAgent.Policy.GAILPolicyEstimate.mean": {
            "value": 0.007122645276831463,
            "min": 0.004327740296139382,
            "max": 0.09686698578298092,
            "count": 93
        },
        "DroneAgent.Policy.GAILPolicyEstimate.sum": {
            "value": 0.007122645276831463,
            "min": 0.004327740296139382,
            "max": 0.09686698578298092,
            "count": 93
        },
        "DroneAgent.Policy.GAILExpertEstimate.mean": {
            "value": 0.9983387663960457,
            "min": 0.9587541610002518,
            "max": 0.9992113798856735,
            "count": 93
        },
        "DroneAgent.Policy.GAILExpertEstimate.sum": {
            "value": 0.9983387663960457,
            "min": 0.9587541610002518,
            "max": 0.9992113798856735,
            "count": 93
        },
        "DroneAgent.Losses.GAILLoss.mean": {
            "value": 0.009021837235195562,
            "min": 0.005338845390360803,
            "max": 0.244060886092484,
            "count": 93
        },
        "DroneAgent.Losses.GAILLoss.sum": {
            "value": 0.009021837235195562,
            "min": 0.005338845390360803,
            "max": 0.244060886092484,
            "count": 93
        },
        "DroneAgent.Policy.GAILGradMagLoss.mean": {
            "value": 0.013289240468293429,
            "min": 0.006714621908031404,
            "max": 0.04477437809109688,
            "count": 93
        },
        "DroneAgent.Policy.GAILGradMagLoss.sum": {
            "value": 0.013289240468293429,
            "min": 0.006714621908031404,
            "max": 0.04477437809109688,
            "count": 93
        },
        "DroneAgent.Losses.PretrainingLoss.mean": {
            "value": 0.0,
            "min": 0.0,
            "max": 1.7833491708293105,
            "count": 93
        },
        "DroneAgent.Losses.PretrainingLoss.sum": {
            "value": 0.0,
            "min": 0.0,
            "max": 1.7833491708293105,
            "count": 93
        }
    },
    "metadata": {
        "timer_format_version": "0.1.0",
        "start_time_seconds": "1699642074",
        "python_version": "3.9.13 (tags/v3.9.13:6de2ca5, May 17 2022, 16:36:42) [MSC v.1929 64 bit (AMD64)]",
        "command_line_arguments": "C:\\Users\\thoma\\AppData\\Local\\Programs\\Python\\Python39\\Scripts\\mlagents-learn config\\DroneAgent.yaml --initialize-from=DroneAgentNew6 --run-id=DroneAgentNew7",
        "mlagents_version": "0.30.0",
        "mlagents_envs_version": "0.30.0",
        "communication_protocol_version": "1.5.0",
        "pytorch_version": "2.0.1+cu117",