{
    "name": "root",
    "gauges": {
        "DroneAgent.Policy.Entropy.mean": {
            "value": 1.0654417276382446,
            "min": 1.064910888671875,
            "max": 1.4189382791519165,
            "count": 500
        },
        "DroneAgent.Policy.Entropy.sum": {
            "value": 10586.228515625,
            "min": 10410.7314453125,
            "max": 14660.470703125,
            "count": 500
        },
        "DroneAgent.Step.mean": {
            "value": 4999988.0,
            "min": 9963.0,
            "max": 4999988.0,
            "count": 500
        },
        "DroneAgent.Step.sum": {
            "value": 4999988.0,
            "min": 9963.0,
            "max": 4999988.0,
            "count": 500
        },
        "DroneAgent.Policy.ExtrinsicValueEstimate.mean": {
            "value": 0.1104990765452385,
            "min": -0.1626359075307846,
            "max": 0.517189621925354,
            "count": 500
        },
        "DroneAgent.Policy.ExtrinsicValueEstimate.sum": {
            "value": 19.779335021972656,
            "min": -28.13601303100586,
            "max": 82.23314666748047,
            "count": 500
        },
        "DroneAgent.Policy.GailValueEstimate.mean": {
            "value": 0.5287965536117554,
            "min": 0.22436465322971344,
            "max": 3.1021571159362793,
            "count": 500
        },
        "DroneAgent.Policy.GailValueEstimate.sum": {
            "value": 94.65458679199219,
            "min": 35.225250244140625,
            "max": 505.651611328125,
            "count": 500
        },
        "DroneAgent.Environment.EpisodeLength.mean": {
            "value": 285.6111111111111,
            "min": 218.04545454545453,
            "max": 686.4444444444445,
            "count": 500
        },
        "DroneAgent.Environment.EpisodeLength.sum": {
            "value": 10282.0,
            "min": 6178.0,
            "max": 12551.0,
            "count": 500
        },
        "DroneAgent.Environment.CumulativeReward.mean": {
            "value": 0.3830138835134373,
            "min": -0.7813533878958735,
            "max": 0.48246950742635286,
            "count": 500
        },
        "DroneAgent.Environment.CumulativeReward.sum": {
            "value": 13.788499806483742,
            "min": -15.870250319392653,
            "max": 19.781249804480467,
            "count": 500
        },
        "DroneAgent.Policy.ExtrinsicReward.mean": {
            "value": 0.3830138835134373,
            "min": -0.7813533878958735,
            "max": 0.48246950742635286,
            "count": 500
        },
        "DroneAgent.Policy.ExtrinsicReward.sum": {
            "value": 13.788499806483742,
            "min": -15.870250319392653,
            "max": 19.781249804480467,
            "count": 500
        },
        "DroneAgent.Policy.GailReward.mean": {
            "value": 2.2147605086243454,
            "min": 2.1820934048897347,
            "max": 69.7710991303126,
            "count": 500
        },
        "DroneAgent.Policy.GailReward.sum": {
            "value": 79.73137831047643,
            "min": 63.2807087418023,
            "max": 742.2124783396721,
            "count": 500
        },
        "DroneAgent.IsTraining.mean": {
            "value": 1.0,
            "min": 1.0,
            "max": 1.0,
            "count": 500
        },
        "DroneAgent.IsTraining.sum": {
            "value": 1.0,
            "min": 1.0,
            "max": 1.0,
            "count": 500
        },
        "DroneAgent.Losses.PolicyLoss.mean": {
            "value": 0.12386317704804242,
            "min": 0.09295035849402969,
            "max": 0.21761654432242114,
            "count": 499
        },
        "DroneAgent.Losses.PolicyLoss.sum": {
            "value": 0.12386317704804242,
            "min": 0.09295035849402969,
            "max": 0.38649328984320164,
            "count": 499
        },
        "DroneAgent.Losses.ValueLoss.mean": {
            "value": 0.005799961804101864,
            "min": 0.0031754417112097146,
            "max": 0.28339856391151746,
            "count": 499
        },
        "DroneAgent.Losses.ValueLoss.sum": {
            "value": 0.005799961804101864,
            "min": 0.0031754417112097146,
            "max": 0.28339856391151746,
            "count": 499
        },
        "DroneAgent.Policy.LearningRate.mean": {
            "value": 2.1549992819999885e-07,
            "min": 2.1549992819999885e-07,
            "max": 0.00029938686020438007,
            "count": 499
        },
        "DroneAgent.Policy.LearningRate.sum": {
            "value": 2.1549992819999885e-07,
            "min": 2.1549992819999885e-07,
            "max": 0.0005849984450005198,
            "count": 499
        },
        "DroneAgent.Policy.Epsilon.mean": {
            "value": 0.10007179999999997,
            "min": 0.10007179999999997,
            "max": 0.19979561999999998,
            "count": 499
        },
        "DroneAgent.Policy.Epsilon.sum": {
            "value": 0.10007179999999997,
            "min": 0.10007179999999997,
            "max": 0.39499948000000007,
            "count": 499
        },
        "DroneAgent.Policy.Beta.mean": {
            "value": 0.005000000000000001,
            "min": 0.005000000000000001,
            "max": 0.005000000000000001,
            "count": 499
        },
        "DroneAgent.Policy.Beta.sum": {
            "value": 0.005000000000000001,
            "min": 0.005000000000000001,
            "max": 0.010000000000000002,
            "count": 499
        },
        "DroneAgent.Policy.GAILPolicyEstimate.mean": {
            "value": 0.06216389934221903,
            "min": 0.0504297973588109,
            "max": 0.3590706626574198,
            "count": 499
        },
        "DroneAgent.Policy.GAILPolicyEstimate.sum": {
            "value": 0.06216389934221903,
            "min": 0.0504297973588109,
            "max": 0.4090887414912383,
            "count": 499
        },
        "DroneAgent.Policy.GAILExpertEstimate.mean": {
            "value": 0.9770512819290161,
            "min": 0.7363986551761628,
            "max": 0.9829306741555531,
            "count": 499
        },
        "DroneAgent.Policy.GAILExpertEstimate.sum": {
            "value": 0.9770512819290161,
            "min": 0.7363986551761628,
            "max": 1.9548275351524353,
            "count": 499
        },
        "DroneAgent.Losses.GAILLoss.mean": {
            "value": 0.09841872130831082,
            "min": 0.07713714763522148,
            "max": 0.8191729565461476,
            "count": 499
        },
        "DroneAgent.Losses.GAILLoss.sum": {
            "value": 0.09841872130831082,
            "min": 0.07713714763522148,
            "max": 0.8454248636960984,
            "count": 499
        },
        "DroneAgent.Policy.GAILGradMagLoss.mean": {
            "value": 0.06534408796578646,
            "min": 0.05690048517038425,
            "max": 9.835311635335286,
            "count": 499
        },
        "DroneAgent.Policy.GAILGradMagLoss.sum": {
            "value": 0.06534408796578646,
            "min": 0.05690048517038425,
            "max": 9.835311635335286,
            "count": 499
        },
        "DroneAgent.Losses.PretrainingLoss.mean": {
            "value": 0.0,
            "min": 0.0,
            "max": 1.1603061282445515,
            "count": 499
        },
        "DroneAgent.Losses.PretrainingLoss.sum": {
            "value": 0.0,
            "min": 0.0,
            "max": 1.793465511193351,
            "count": 499
        }
    },
    "metadata": {
        "timer_format_version": "0.1.0",
        "start_time_seconds": "1696587426",
        "python_version": "3.9.13 (tags/v3.9.13:6de2ca5, May 17 2022, 16:36:42) [MSC v.1929 64 bit (AMD64)]",
        "command_line_arguments": "F:\\Unity projects\\Oblig2\\Drone_MLagents\\venv\\Scripts\\mlagents-learn config/DroneAgentNew.yaml --run-id=DroneAgent_Local2",
        "mlagents_version": "0.30.0",