{
    "name": "root",
    "gauges": {
        "DroneAgent.Policy.Entropy.mean": {
            "value": 1.964816927909851,
            "min": 1.8755035400390625,
            "max": 1.9892287254333496,
            "count": 500
        },
        "DroneAgent.Policy.Entropy.sum": {
            "value": 19640.310546875,
            "min": 18288.1328125,
            "max": 21388.1875,
            "count": 500
        },
        "DroneAgent.Step.mean": {
            "value": 4999942.0,
            "min": 9976.0,
            "max": 4999942.0,
            "count": 500
        },
        "DroneAgent.Step.sum": {
            "value": 4999942.0,
            "min": 9976.0,
            "max": 4999942.0,
            "count": 500
        },
        "DroneAgent.Policy.ExtrinsicValueEstimate.mean": {
            "value": -0.0682830736041069,
            "min": -0.1987522393465042,
            "max": 0.17108038067817688,
            "count": 500
        },
        "DroneAgent.Policy.ExtrinsicValueEstimate.sum": {
            "value": -10.925292015075684,
            "min": -31.697765350341797,
            "max": 27.005615234375,
            "count": 500
        },
        "DroneAgent.Policy.GailValueEstimate.mean": {
            "value": 0.2582761347293854,
            "min": 0.17729730904102325,
            "max": 9.006757736206055,
            "count": 500
        },
        "DroneAgent.Policy.GailValueEstimate.sum": {
            "value": 41.324180603027344,
            "min": 28.190271377563477,
            "max": 1450.0880126953125,
            "count": 500
        },
        "DroneAgent.Environment.EpisodeLength.mean": {
            "value": 1638.75,
            "min": 439.0,
            "max": 2999.0,
            "count": 497
        },
        "DroneAgent.Environment.EpisodeLength.sum": {
            "value": 13110.0,
            "min": 544.0,
            "max": 27239.0,
            "count": 497
        },
        "DroneAgent.Environment.CumulativeReward.mean": {
            "value": -0.7481367311104097,
            "min": -3.530677774408832,
            "max": 1.1920948954648338,
            "count": 497
        },
        "DroneAgent.Environment.CumulativeReward.sum": {
            "value": -6.733230579993688,
            "min": -29.99561480025295,
            "max": 6.967226400738582,
            "count": 497
        },
        "DroneAgent.Policy.ExtrinsicReward.mean": {
            "value": -0.7481367311104097,
            "min": -3.530677774408832,
            "max": 1.1920948954648338,
            "count": 497
        },
        "DroneAgent.Policy.ExtrinsicReward.sum": {
            "value": -6.733230579993688,
            "min": -29.99561480025295,
            "max": 6.967226400738582,
            "count": 497
        },
        "DroneAgent.Policy.GailReward.mean": {
            "value": 2.893895469569025,
            "min": 0.9117829582895259,
            "max": 485.3121927380562,
            "count": 497
        },
        "DroneAgent.Policy.GailReward.sum": {
            "value": 26.045059226121225,
            "min": 3.1705388255941216,
            "max": 3942.792925605976,
            "count": 497
        },
        "DroneAgent.IsTraining.mean": {
            "value": 1.0,
            "min": 1.0,
            "max": 1.0,
            "count": 500
        },
        "DroneAgent.IsTraining.sum": {
            "value": 1.0,
            "min": 1.0,
            "max": 1.0,
            "count": 500
        },
        "DroneAgent.Losses.PolicyLoss.mean": {
            "value": 0.08776942632975988,
            "min": 0.046331996066874125,
            "max": 0.13850922139827163,
            "count": 247
        },
        "DroneAgent.Losses.PolicyLoss.sum": {
            "value": 0.08776942632975988,
            "min": 0.046331996066874125,
            "max": 0.13850922139827163,
            "count": 247
        },
        "DroneAgent.Losses.ValueLoss.mean": {
            "value": 0.013638547738082707,
            "min": 0.0018922217597719282,
            "max": 36.74380441904068,
            "count": 247
        },
        "DroneAgent.Losses.ValueLoss.sum": {
            "value": 0.013638547738082707,
            "min": 0.0018922217597719282,
            "max": 36.74380441904068,
            "count": 247
        },
        "DroneAgent.Policy.LearningRate.mean": {
            "value": 2.465899753419962e-06,
            "min": 2.465899753419962e-06,
            "max": 0.0009957180004282,
            "count": 247
        },
        "DroneAgent.Policy.LearningRate.sum": {
            "value": 2.465899753419962e-06,
            "min": 2.465899753419962e-06,
            "max": 0.0009957180004282,
            "count": 247
        },
        "DroneAgent.Policy.Epsilon.mean": {
            "value": 0.10024658,
            "min": 0.10024658,
            "max": 0.19957180000000002,
            "count": 247
        },
        "DroneAgent.Policy.Epsilon.sum": {
            "value": 0.10024658,
            "min": 0.10024658,
            "max": 0.19957180000000002,
            "count": 247
        },
        "DroneAgent.Policy.Beta.mean": {
            "value": 0.01,
            "min": 0.01,
            "max": 0.01,
            "count": 247
        },
        "DroneAgent.Policy.Beta.sum": {
            "value": 0.01,
            "min": 0.01,
            "max": 0.01,
            "count": 247
        },
        "DroneAgent.Policy.GAILPolicyEstimate.mean": {
            "value": 0.0033578795511857605,
            "min": 0.0027296985674183814,
            "max": 0.14093768037855625,
            "count": 247
        },
        "DroneAgent.Policy.GAILPolicyEstimate.sum": {
            "value": 0.0033578795511857605,
            "min": 0.0027296985674183814,
            "max": 0.14093768037855625,
            "count": 247
        },
        "DroneAgent.Policy.GAILExpertEstimate.mean": {
            "value": 0.999435456097126,
            "min": 0.936506700515747,
            "max": 0.9995233163237571,
            "count": 247
        },
        "DroneAgent.Policy.GAILExpertEstimate.sum": {
            "value": 0.999435456097126,
            "min": 0.936506700515747,
            "max": 0.9995233163237571,
            "count": 247
        },
        "DroneAgent.Losses.GAILLoss.mean": {
            "value": 0.004119067834108136,
            "min": 0.003554150080890395,
            "max": 0.3057074250653386,
            "count": 247
        },
        "DroneAgent.Losses.GAILLoss.sum": {
            "value": 0.004119067834108136,
            "min": 0.003554150080890395,
            "max": 0.3057074250653386,
            "count": 247
        },
        "DroneAgent.Policy.GAILGradMagLoss.mean": {
            "value": 0.006914984690956772,
            "min": 0.0042194114241283385,
            "max": 0.05770109635777772,
            "count": 247
        },
        "DroneAgent.Policy.GAILGradMagLoss.sum": {
            "value": 0.006914984690956772,
            "min": 0.0042194114241283385,
            "max": 0.05770109635777772,
            "count": 247
        },
        "DroneAgent.Losses.PretrainingLoss.mean": {
            "value": 0.0,
            "min": 0.0,
            "max": 4.373686705695258,
            "count": 247
        },
        "DroneAgent.Losses.PretrainingLoss.sum": {
            "value": 0.0,
            "min": 0.0,
            "max": 4.373686705695258,
            "count": 247
        }
    },
    "metadata": {
        "timer_format_version": "0.1.0",
        "start_time_seconds": "1699705062",
        "python_version": "3.9.13 (tags/v3.9.13:6de2ca5, May 17 2022, 16:36:42) [MSC v.1929 64 bit (AMD64)]",
        "command_line_arguments": "C:\\Users\\thoma\\AppData\\Local\\Programs\\Python\\Python39\\Scripts\\mlagents-learn config\\DroneAgent.yaml --initialize-from=DroneAgentFineTune3 --run-id=DroneAgentFineTune4",
        "mlagents_version": "0.30.0",
        "mlagents_envs_version": "0.30.0",
        "communication_protocol_version": "1.5.0",