{
    "name": "root",
    "gauges": {
        "DroneAgent.Policy.Entropy.mean": {
            "value": 1.8201847076416016,
            "min": 1.3454493284225464,
            "max": 1.8201847076416016,
            "count": 366
        },
        "DroneAgent.Policy.Entropy.sum": {
            "value": 18806.1484375,
            "min": 12714.49609375,
            "max": 19570.203125,
            "count": 366
        },
        "DroneAgent.Step.mean": {
            "value": 3659968.0,
            "min": 9954.0,
            "max": 3659968.0,
            "count": 366
        },
        "DroneAgent.Step.sum": {
            "value": 3659968.0,
            "min": 9954.0,
            "max": 3659968.0,
            "count": 366
        },
        "DroneAgent.Policy.ExtrinsicValueEstimate.mean": {
            "value": 1.0472469329833984,
            "min": -0.797102153301239,
            "max": 1.1543622016906738,
            "count": 366
        },
        "DroneAgent.Policy.ExtrinsicValueEstimate.sum": {
            "value": 163.37051391601562,
            "min": -141.0870819091797,
            "max": 208.219482421875,
            "count": 366
        },
        "DroneAgent.Policy.GailValueEstimate.mean": {
            "value": 0.011284328065812588,
            "min": 0.00688312528654933,
            "max": 1.7550795078277588,
            "count": 366
        },
        "DroneAgent.Policy.GailValueEstimate.sum": {
            "value": 1.7603552341461182,
            "min": 1.1110332012176514,
            "max": 307.138916015625,
            "count": 366
        },
        "DroneAgent.Environment.EpisodeLength.mean": {
            "value": 799.0,
            "min": 394.92,
            "max": 799.0,
            "count": 362
        },
        "DroneAgent.Environment.EpisodeLength.sum": {
            "value": 16779.0,
            "min": 7633.0,
            "max": 18858.0,
            "count": 362
        },
        "DroneAgent.Environment.CumulativeReward.mean": {
            "value": 5.151114212615149,
            "min": -5.82760672226903,
            "max": 5.165354899707294,
            "count": 363
        },
        "DroneAgent.Environment.CumulativeReward.sum": {
            "value": 36.057799488306046,
            "min": -122.37974116764963,
            "max": 175.53033783473074,
            "count": 363
        },
        "DroneAgent.Policy.ExtrinsicReward.mean": {
            "value": 5.151114212615149,
            "min": -5.82760672226903,
            "max": 5.165354899707294,
            "count": 363
        },
        "DroneAgent.Policy.ExtrinsicReward.sum": {
            "value": 36.057799488306046,
            "min": -122.37974116764963,
            "max": 175.53033783473074,
            "count": 363
        },
        "DroneAgent.Policy.GailReward.mean": {
            "value": 0.051054049215183896,
            "min": 0.025778167250054863,
            "max": 14.344420195544703,
            "count": 363
        },
        "DroneAgent.Policy.GailReward.sum": {
            "value": 0.35737834450628725,
            "min": 0.35737834450628725,
            "max": 301.2328241064388,
            "count": 363
        },
        "DroneAgent.IsTraining.mean": {
            "value": 1.0,
            "min": 1.0,
            "max": 1.0,
            "count": 366
        },
        "DroneAgent.IsTraining.sum": {
            "value": 1.0,
            "min": 1.0,
            "max": 1.0,
            "count": 366
        },
        "DroneAgent.Losses.PolicyLoss.mean": {
            "value": 0.14930669199675323,
            "min": 0.04756223300646525,
            "max": 0.16325637575937435,
            "count": 200
        },
        "DroneAgent.Losses.PolicyLoss.sum": {
            "value": 0.14930669199675323,
            "min": 0.04756223300646525,
            "max": 0.16325637575937435,
            "count": 200
        },
        "DroneAgent.Losses.ValueLoss.mean": {
            "value": 0.00041899613352143207,
            "min": 4.347364829300204e-05,
            "max": 0.07390773710794747,
            "count": 200
        },
        "DroneAgent.Losses.ValueLoss.sum": {
            "value": 0.00041899613352143207,
            "min": 4.347364829300204e-05,
            "max": 0.07390773710794747,
            "count": 200
        },
        "DroneAgent.Policy.LearningRate.mean": {
            "value": 0.0002714240728576,
            "min": 0.0002714240728576,
            "max": 0.0009962216003778402,
            "count": 200
        },
        "DroneAgent.Policy.LearningRate.sum": {
            "value": 0.0002714240728576,
            "min": 0.0002714240728576,
            "max": 0.0009962216003778402,
            "count": 200
        },
        "DroneAgent.Policy.Epsilon.mean": {
            "value": 0.12714240000000002,
            "min": 0.12714240000000002,
            "max": 0.19962216000000002,
            "count": 200
        },
        "DroneAgent.Policy.Epsilon.sum": {
            "value": 0.12714240000000002,
            "min": 0.12714240000000002,
            "max": 0.19962216000000002,
            "count": 200
        },
        "DroneAgent.Policy.Beta.mean": {
            "value": 0.01,
            "min": 0.01,
            "max": 0.01,
            "count": 200
        },
        "DroneAgent.Policy.Beta.sum": {
            "value": 0.01,
            "min": 0.01,
            "max": 0.01,
            "count": 200
        },
        "DroneAgent.Policy.GAILPolicyEstimate.mean": {
            "value": 0.00017307788257312496,
            "min": 0.00017307788257312496,
            "max": 0.03246676540002227,
            "count": 200
        },
        "DroneAgent.Policy.GAILPolicyEstimate.sum": {
            "value": 0.00017307788257312496,
            "min": 0.00017307788257312496,
            "max": 0.03246676540002227,
            "count": 200
        },
        "DroneAgent.Policy.GAILExpertEstimate.mean": {
            "value": 0.9997938215732575,
            "min": 0.9929175868630409,
            "max": 0.9997938215732575,
            "count": 200
        },
        "DroneAgent.Policy.GAILExpertEstimate.sum": {
            "value": 0.9997938215732575,
            "min": 0.9929175868630409,
            "max": 0.9997938215732575,
            "count": 200
        },
        "DroneAgent.Losses.GAILLoss.mean": {
            "value": 0.00037973611179040743,
            "min": 0.00037973611179040743,
            "max": 0.04227367690764368,
            "count": 200
        },
        "DroneAgent.Losses.GAILLoss.sum": {
            "value": 0.00037973611179040743,
            "min": 0.00037973611179040743,
            "max": 0.04227367690764368,
            "count": 200
        },
        "DroneAgent.Policy.GAILGradMagLoss.mean": {
            "value": 0.0012835993271437473,
            "min": 0.0012062514550052583,
            "max": 0.10138078974559903,
            "count": 200
        },
        "DroneAgent.Policy.GAILGradMagLoss.sum": {
            "value": 0.0012835993271437473,
            "min": 0.0012062514550052583,
            "max": 0.10138078974559903,
            "count": 200
        },
        "DroneAgent.Losses.PretrainingLoss.mean": {
            "value": 0.0,
            "min": 0.0,
            "max": 1.5505355596542358,
            "count": 200
        },
        "DroneAgent.Losses.PretrainingLoss.sum": {
            "value": 0.0,
            "min": 0.0,
            "max": 1.5505355596542358,
            "count": 200
        }
    },
    "metadata": {
        "timer_format_version": "0.1.0",
        "start_time_seconds": "1699651420",
        "python_version": "3.9.13 (tags/v3.9.13:6de2ca5, May 17 2022, 16:36:42) [MSC v.1929 64 bit (AMD64)]",
        "command_line_arguments": "C:\\Users\\thoma\\AppData\\Local\\Programs\\Python\\Python39\\Scripts\\mlagents-learn config\\DroneAgent.yaml --initialize-from=DroneAgentFineTune --run-id=DroneAgentFineTune1",
        "mlagents_version": "0.30.0",
        "mlagents_envs_version": "0.30.0",