{
    "name": "root",
    "gauges": {
        "DroneAgent.Policy.Entropy.mean": {
            "value": 5.7827067375183105,
            "min": 5.248480796813965,
            "max": 5.7827067375183105,
            "count": 279
        },
        "DroneAgent.Policy.Entropy.sum": {
            "value": 56346.6953125,
            "min": 51179.7578125,
            "max": 59263.5078125,
            "count": 279
        },
        "DroneAgent.Step.mean": {
            "value": 2789940.0,
            "min": 9950.0,
            "max": 2789940.0,
            "count": 279
        },
        "DroneAgent.Step.sum": {
            "value": 2789940.0,
            "min": 9950.0,
            "max": 2789940.0,
            "count": 279
        },
        "DroneAgent.Policy.ExtrinsicValueEstimate.mean": {
            "value": 0.3032321333885193,
            "min": 0.14927364885807037,
            "max": 0.33920490741729736,
            "count": 279
        },
        "DroneAgent.Policy.ExtrinsicValueEstimate.sum": {
            "value": 47.607444763183594,
            "min": 23.73451042175293,
            "max": 54.496971130371094,
            "count": 279
        },
        "DroneAgent.Policy.GailValueEstimate.mean": {
            "value": 0.005841948091983795,
            "min": -0.0035145555157214403,
            "max": 0.113881915807724,
            "count": 279
        },
        "DroneAgent.Policy.GailValueEstimate.sum": {
            "value": 0.9171858429908752,
            "min": -0.5552997589111328,
            "max": 17.87946128845215,
            "count": 279
        },
        "DroneAgent.Environment.EpisodeLength.mean": {
            "value": 3809.5,
            "min": 392.5,
            "max": 5999.0,
            "count": 267
        },
        "DroneAgent.Environment.EpisodeLength.sum": {
            "value": 7619.0,
            "min": 562.0,
            "max": 36884.0,
            "count": 267
        },
        "DroneAgent.Environment.CumulativeReward.mean": {
            "value": 9.632611428009113,
            "min": -0.24643845669925213,
            "max": 19.748400928918272,
            "count": 267
        },
        "DroneAgent.Environment.CumulativeReward.sum": {
            "value": 19.265222856018227,
            "min": -0.4873803146183491,
            "max": 110.53493703418644,
            "count": 267
        },
        "DroneAgent.Policy.ExtrinsicReward.mean": {
            "value": 9.632611428009113,
            "min": -0.24643845669925213,
            "max": 19.748400928918272,
            "count": 267
        },
        "DroneAgent.Policy.ExtrinsicReward.sum": {
            "value": 19.265222856018227,
            "min": -0.4873803146183491,
            "max": 110.53493703418644,
            "count": 267
        },
        "DroneAgent.Policy.GailReward.mean": {
            "value": 0.1768615016013646,
            "min": 0.009640580739949334,
            "max": 4.994169852440426,
            "count": 267
        },
        "DroneAgent.Policy.GailReward.sum": {
            "value": 0.3537230032027292,
            "min": 0.014293940530038185,
            "max": 41.611660375463586,
            "count": 267
        },
        "DroneAgent.IsTraining.mean": {
            "value": 1.0,
            "min": 1.0,
            "max": 1.0,
            "count": 279
        },
        "DroneAgent.IsTraining.sum": {
            "value": 1.0,
            "min": 1.0,
            "max": 1.0,
            "count": 279
        },
        "DroneAgent.Losses.PolicyLoss.mean": {
            "value": 0.0820258991792798,
            "min": 0.05559995339717716,
            "max": 0.11063750989269465,
            "count": 136
        },
        "DroneAgent.Losses.PolicyLoss.sum": {
            "value": 0.0820258991792798,
            "min": 0.05559995339717716,
            "max": 0.11063750989269465,
            "count": 136
        },
        "DroneAgent.Losses.ValueLoss.mean": {
            "value": 0.0005920872168644564,
            "min": 0.0003747522725461749,
            "max": 0.00898475166177377,
            "count": 136
        },
        "DroneAgent.Losses.ValueLoss.sum": {
            "value": 0.0005920872168644564,
            "min": 0.0003747522725461749,
            "max": 0.00898475166177377,
            "count": 136
        },
        "DroneAgent.Policy.LearningRate.mean": {
            "value": 0.00044561945543805995,
            "min": 0.00044561945543805995,
            "max": 0.00099605640039436,
            "count": 136
        },
        "DroneAgent.Policy.LearningRate.sum": {
            "value": 0.00044561945543805995,
            "min": 0.00044561945543805995,
            "max": 0.00099605640039436,
            "count": 136
        },
        "DroneAgent.Policy.Epsilon.mean": {
            "value": 0.14456194,
            "min": 0.14456194,
            "max": 0.19960564,
            "count": 136
        },
        "DroneAgent.Policy.Epsilon.sum": {
            "value": 0.14456194,
            "min": 0.14456194,
            "max": 0.19960564,
            "count": 136
        },
        "DroneAgent.Policy.Beta.mean": {
            "value": 0.01,
            "min": 0.01,
            "max": 0.01,
            "count": 136
        },
        "DroneAgent.Policy.Beta.sum": {
            "value": 0.01,
            "min": 0.01,
            "max": 0.01,
            "count": 136
        },
        "DroneAgent.Policy.GAILPolicyEstimate.mean": {
            "value": 0.0002460218493069988,
            "min": 0.00011815637569725367,
            "max": 0.005382676332374103,
            "count": 136
        },
        "DroneAgent.Policy.GAILPolicyEstimate.sum": {
            "value": 0.0002460218493069988,
            "min": 0.00011815637569725367,
            "max": 0.005382676332374103,
            "count": 136
        },
        "DroneAgent.Policy.GAILExpertEstimate.mean": {
            "value": 0.9999203696846962,
            "min": 0.9986012250185012,
            "max": 0.9999428272247315,
            "count": 136
        },
        "DroneAgent.Policy.GAILExpertEstimate.sum": {
            "value": 0.9999203696846962,
            "min": 0.9986012250185012,
            "max": 0.9999428272247315,
            "count": 136
        },
        "DroneAgent.Losses.GAILLoss.mean": {
            "value": 0.00034214934094052297,
            "min": 0.00021186781850701664,
            "max": 0.008032148791244254,
            "count": 136
        },
        "DroneAgent.Losses.GAILLoss.sum": {
            "value": 0.00034214934094052297,
            "min": 0.00021186781850701664,
            "max": 0.008032148791244254,
            "count": 136
        },
        "DroneAgent.Policy.GAILGradMagLoss.mean": {
            "value": 0.0008076651662122458,
            "min": 0.00048100392486958297,
            "max": 0.006186851728125475,
            "count": 136
        },
        "DroneAgent.Policy.GAILGradMagLoss.sum": {
            "value": 0.0008076651662122458,
            "min": 0.00048100392486958297,
            "max": 0.006186851728125475,
            "count": 136
        },
        "DroneAgent.Losses.PretrainingLoss.mean": {
            "value": 0.0,
            "min": 0.0,
            "max": 3547.6376681857637,
            "count": 136
        },
        "DroneAgent.Losses.PretrainingLoss.sum": {
            "value": 0.0,
            "min": 0.0,
            "max": 3547.6376681857637,
            "count": 136
        }
    },
    "metadata": {
        "timer_format_version": "0.1.0",
        "start_time_seconds": "1697723742",
        "python_version": "3.9.13 (tags/v3.9.13:6de2ca5, May 17 2022, 16:36:42) [MSC v.1929 64 bit (AMD64)]",
        "command_line_arguments": "F:\\Unity projects\\Oblig2\\Drone_MLagents\\venv\\Scripts\\mlagents-learn config\\DroneAgent.yaml --initialize-from=DroneAgentTrackNew9 --run-id=DroneAgentTrackNew10",
        "mlagents_version": "0.30.0",
        "mlagents_envs_version": "0.30.0",
        "communication_protocol_version": "1.5.0",