{
    "name": "root",
    "gauges": {
        "DroneAgent.Policy.Entropy.mean": {
            "value": -5.289917469024658,
            "min": -5.289917469024658,
            "max": -5.2095794677734375,
            "count": 6
        },
        "DroneAgent.Policy.Entropy.sum": {
            "value": -104528.765625,
            "min": -105875.7890625,
            "max": -103346.109375,
            "count": 6
        },
        "DroneAgent.Step.mean": {
            "value": 119972.0,
            "min": 19992.0,
            "max": 119972.0,
            "count": 6
        },
        "DroneAgent.Step.sum": {
            "value": 119972.0,
            "min": 19992.0,
            "max": 119972.0,
            "count": 6
        },
        "DroneAgent.Policy.ExtrinsicValueEstimate.mean": {
            "value": 3.0141594409942627,
            "min": 0.09575798362493515,
            "max": 104.79087829589844,
            "count": 6
        },
        "DroneAgent.Policy.ExtrinsicValueEstimate.sum": {
            "value": 973.573486328125,
            "min": 30.929828643798828,
            "max": 33323.5,
            "count": 6
        },
        "DroneAgent.Policy.GailValueEstimate.mean": {
            "value": -47.56951904296875,
            "min": -47.56951904296875,
            "max": 906.2171630859375,
            "count": 6
        },
        "DroneAgent.Policy.GailValueEstimate.sum": {
            "value": -15364.9541015625,
            "min": -15364.9541015625,
            "max": 288177.0625,
            "count": 6
        },
        "DroneAgent.Losses.PolicyLoss.mean": {
            "value": 0.2977167870875241,
            "min": 0.2977167870875241,
            "max": 0.32120396685786545,
            "count": 6
        },
        "DroneAgent.Losses.PolicyLoss.sum": {
            "value": 4.763468593400385,
            "min": 4.559438830572698,
            "max": 5.139263469725847,
            "count": 6
        },
        "DroneAgent.Losses.ValueLoss.mean": {
            "value": 150.36668961114356,
            "min": 1.3569485026903245,
            "max": 14933.365902851248,
            "count": 6
        },
        "DroneAgent.Losses.ValueLoss.sum": {
            "value": 2405.867033778297,
            "min": 21.711176043045192,
            "max": 224000.48854276873,
            "count": 6
        },
        "DroneAgent.Policy.LearningRate.mean": {
            "value": 0.000293397002201,
            "min": 0.000293397002201,
            "max": 0.00029938112020629336,
            "count": 6
        },
        "DroneAgent.Policy.LearningRate.sum": {
            "value": 0.004694352035216,
            "min": 0.004419134426955201,
            "max": 0.0047519520160159995,
            "count": 6
        },
        "DroneAgent.Policy.Epsilon.mean": {
            "value": 0.197799,
            "min": 0.197799,
            "max": 0.19979370666666665,
            "count": 6
        },
        "DroneAgent.Policy.Epsilon.sum": {
            "value": 3.164784,
            "min": 2.9730448000000003,
            "max": 3.183984,
            "count": 6
        },
        "DroneAgent.Policy.Beta.mean": {
            "value": 0.0004892150999999999,
            "min": 0.0004892150999999999,
            "max": 0.0004989891626666668,
            "count": 6
        },
        "DroneAgent.Policy.Beta.sum": {
            "value": 0.007827441599999999,
            "min": 0.00736791952,
            "max": 0.007921521599999998,
            "count": 6
        },
        "DroneAgent.Policy.GAILPolicyEstimate.mean": {
            "value": 0.014496995083067786,
            "min": 0.014496995083067786,
            "max": 0.275531892536415,
            "count": 6
        },
        "DroneAgent.Policy.GAILPolicyEstimate.sum": {
            "value": 0.23195192132908457,
            "min": 0.23195192132908457,
            "max": 4.132978388046225,
            "count": 6
        },
        "DroneAgent.Policy.GAILExpertEstimate.mean": {
            "value": 0.9766960197852718,
            "min": 0.8010435303935297,
            "max": 0.9766960197852718,
            "count": 6
        },
        "DroneAgent.Policy.GAILExpertEstimate.sum": {
            "value": 15.627136316564348,
            "min": 12.015652955902945,
            "max": 15.627136316564348,
            "count": 6
        },
        "DroneAgent.Losses.GAILLoss.mean": {
            "value": 0.13386011869103337,
            "min": 0.13386011869103337,
            "max": 2.92049926188257,
            "count": 6
        },
        "DroneAgent.Losses.GAILLoss.sum": {
            "value": 2.141761899056534,
            "min": 2.141761899056534,
            "max": 43.80748892823855,
            "count": 6
        },
        "DroneAgent.Policy.GAILGradMagLoss.mean": {
            "value": 9.88904411262936,
            "min": 0.17093533891149693,
            "max": 9.88904411262936,
            "count": 6
        },
        "DroneAgent.Policy.GAILGradMagLoss.sum": {
            "value": 158.22470580206976,
            "min": 2.734965422583951,
            "max": 158.22470580206976,
            "count": 6
        },
        "DroneAgent.Losses.PretrainingLoss.mean": {
            "value": 0.0008882012583167683,
            "min": 0.0008882012583167683,
            "max": 0.3576077763159345,
            "count": 6
        },
        "DroneAgent.Losses.PretrainingLoss.sum": {
            "value": 0.014211220133068293,
            "min": 0.014211220133068293,
            "max": 5.364116644739017,
            "count": 6
        },
        "DroneAgent.Environment.EpisodeLength.mean": {
            "value": 1499.0,
            "min": 1499.0,
            "max": 1499.0,
            "count": 6
        },
        "DroneAgent.Environment.EpisodeLength.sum": {
            "value": 29980.0,
            "min": 14990.0,
            "max": 29980.0,
            "count": 6
        },
        "DroneAgent.Environment.CumulativeReward.mean": {
            "value": 1.000000074505806,
            "min": 0.08187879224053839,
            "max": 1.000000074505806,
            "count": 6
        },
        "DroneAgent.Environment.CumulativeReward.sum": {
            "value": 19.000001415610313,
            "min": 0.9006667146459222,
            "max": 19.000001415610313,
            "count": 6
        },
        "DroneAgent.Policy.ExtrinsicReward.mean": {
            "value": 1.000000074505806,
            "min": 0.08187879224053839,
            "max": 1.000000074505806,
            "count": 6
        },
        "DroneAgent.Policy.ExtrinsicReward.sum": {
            "value": 19.000001415610313,
            "min": 0.9006667146459222,
            "max": 19.000001415610313,
            "count": 6
        },
        "DroneAgent.Policy.GailReward.mean": {
            "value": 101.31092360302024,
            "min": 101.31092360302024,
            "max": 3712.8004653930666,
            "count": 6
        },
        "DroneAgent.Policy.GailReward.sum": {
            "value": 1924.9075484573846,
            "min": 1375.6570916827768,
            "max": 37128.004653930664,
            "count": 6
        },
        "DroneAgent.IsTraining.mean": {
            "value": 1.0,
            "min": 1.0,
            "max": 1.0,
            "count": 6
        },
        "DroneAgent.IsTraining.sum": {
            "value": 1.0,
            "min": 1.0,
            "max": 1.0,
            "count": 6
        }
    },
    "metadata": {
        "timer_format_version": "0.1.0",
        "start_time_seconds": "1696283271",
        "python_version": "3.9.13 (tags/v3.9.13:6de2ca5, May 17 2022, 16:36:42) [MSC v.1929 64 bit (AMD64)]",
        "command_line_arguments": "F:\\Unity projects\\Oblig2\\Drone_MLagents\\venv\\Scripts\\mlagents-learn config/DroneAgent.yaml --initialize-from=DroneAgentGoalRayTest2 --run-id=DroneAgentGoalRayGG",
        "mlagents_version": "0.30.0",
        "mlagents_envs_version": "0.30.0",
        "communication_protocol_version": "1.5.0",