{
    "name": "root",
    "gauges": {
        "DroneAgent.Policy.Entropy.mean": {
            "value": 7.72465705871582,
            "min": 7.356329917907715,
            "max": 7.72465705871582,
            "count": 500
        },
        "DroneAgent.Policy.Entropy.sum": {
            "value": 77122.9765625,
            "min": 71616.59375,
            "max": 80303.25,
            "count": 500
        },
        "DroneAgent.Step.mean": {
            "value": 4999950.0,
            "min": 9989.0,
            "max": 4999950.0,
            "count": 500
        },
        "DroneAgent.Step.sum": {
            "value": 4999950.0,
            "min": 9989.0,
            "max": 4999950.0,
            "count": 500
        },
        "DroneAgent.Policy.ExtrinsicValueEstimate.mean": {
            "value": 0.5852058529853821,
            "min": 0.2868967056274414,
            "max": 0.6814132928848267,
            "count": 500
        },
        "DroneAgent.Policy.ExtrinsicValueEstimate.sum": {
            "value": 93.6329345703125,
            "min": 46.83677673339844,
            "max": 106.98188781738281,
            "count": 500
        },
        "DroneAgent.Policy.GailValueEstimate.mean": {
            "value": 0.14512953162193298,
            "min": 0.09746336936950684,
            "max": 0.32601961493492126,
            "count": 500
        },
        "DroneAgent.Policy.GailValueEstimate.sum": {
            "value": 23.220726013183594,
            "min": 15.789066314697266,
            "max": 51.837120056152344,
            "count": 500
        },
        "DroneAgent.Environment.EpisodeLength.mean": {
            "value": 1108.75,
            "min": 353.5,
            "max": 2896.0,
            "count": 500
        },
        "DroneAgent.Environment.EpisodeLength.sum": {
            "value": 8870.0,
            "min": 707.0,
            "max": 21240.0,
            "count": 500
        },
        "DroneAgent.Environment.CumulativeReward.mean": {
            "value": 6.867958236252889,
            "min": 0.9567501454148442,
            "max": 18.93511811721449,
            "count": 500
        },
        "DroneAgent.Environment.CumulativeReward.sum": {
            "value": 54.94366589002311,
            "min": 3.1597353043034673,
            "max": 139.44329960257164,
            "count": 500
        },
        "DroneAgent.Policy.ExtrinsicReward.mean": {
            "value": 6.867958236252889,
            "min": 0.9567501454148442,
            "max": 18.93511811721449,
            "count": 500
        },
        "DroneAgent.Policy.ExtrinsicReward.sum": {
            "value": 54.94366589002311,
            "min": 3.1597353043034673,
            "max": 139.44329960257164,
            "count": 500
        },
        "DroneAgent.Policy.GailReward.mean": {
            "value": 1.1984937043359878,
            "min": 0.4678974404241245,
            "max": 11.08007471533216,
            "count": 500
        },
        "DroneAgent.Policy.GailReward.sum": {
            "value": 9.587949634687902,
            "min": 1.2461218720056877,
            "max": 70.75681086532772,
            "count": 500
        },
        "DroneAgent.IsTraining.mean": {
            "value": 1.0,
            "min": 1.0,
            "max": 1.0,
            "count": 500
        },
        "DroneAgent.IsTraining.sum": {
            "value": 1.0,
            "min": 1.0,
            "max": 1.0,
            "count": 500
        },
        "DroneAgent.Losses.PolicyLoss.mean": {
            "value": 0.07391227977932431,
            "min": 0.055898832966340704,
            "max": 0.11966970195062458,
            "count": 249
        },
        "DroneAgent.Losses.PolicyLoss.sum": {
            "value": 0.07391227977932431,
            "min": 0.055898832966340704,
            "max": 0.11966970195062458,
            "count": 249
        },
        "DroneAgent.Losses.ValueLoss.mean": {
            "value": 0.004729583469452336,
            "min": 0.0038556058832909914,
            "max": 0.009985489334212616,
            "count": 249
        },
        "DroneAgent.Losses.ValueLoss.sum": {
            "value": 0.004729583469452336,
            "min": 0.0038556058832909914,
            "max": 0.009985489334212616,
            "count": 249
        },
        "DroneAgent.Policy.LearningRate.mean": {
            "value": 7.409999260001849e-08,
            "min": 7.409999260001849e-08,
            "max": 0.0009959650004035,
            "count": 249
        },
        "DroneAgent.Policy.LearningRate.sum": {
            "value": 7.409999260001849e-08,
            "min": 7.409999260001849e-08,
            "max": 0.0009959650004035,
            "count": 249
        },
        "DroneAgent.Policy.Epsilon.mean": {
            "value": 0.10000740000000001,
            "min": 0.10000740000000001,
            "max": 0.1995965,
            "count": 249
        },
        "DroneAgent.Policy.Epsilon.sum": {
            "value": 0.10000740000000001,
            "min": 0.10000740000000001,
            "max": 0.1995965,
            "count": 249
        },
        "DroneAgent.Policy.Beta.mean": {
            "value": 0.01,
            "min": 0.01,
            "max": 0.01,
            "count": 249
        },
        "DroneAgent.Policy.Beta.sum": {
            "value": 0.01,
            "min": 0.01,
            "max": 0.01,
            "count": 249
        },
        "DroneAgent.Policy.GAILPolicyEstimate.mean": {
            "value": 0.08722491338849067,
            "min": 0.07178266094997525,
            "max": 0.16154807712882757,
            "count": 249
        },
        "DroneAgent.Policy.GAILPolicyEstimate.sum": {
            "value": 0.08722491338849067,
            "min": 0.07178266094997525,
            "max": 0.16154807712882757,
            "count": 249
        },
        "DroneAgent.Policy.GAILExpertEstimate.mean": {
            "value": 0.92174461632967,
            "min": 0.841255110502243,
            "max": 0.9332782074809074,
            "count": 249
        },
        "DroneAgent.Policy.GAILExpertEstimate.sum": {
            "value": 0.92174461632967,
            "min": 0.841255110502243,
            "max": 0.9332782074809074,
            "count": 249
        },
        "DroneAgent.Losses.GAILLoss.mean": {
            "value": 0.22947254218161106,
            "min": 0.17247775495052337,
            "max": 0.44033054932951926,
            "count": 249
        },
        "DroneAgent.Losses.GAILLoss.sum": {
            "value": 0.22947254218161106,
            "min": 0.17247775495052337,
            "max": 0.44033054932951926,
            "count": 249
        },
        "DroneAgent.Policy.GAILGradMagLoss.mean": {
            "value": 0.04398943511769175,
            "min": 0.03993060882203281,
            "max": 0.09109907113015651,
            "count": 249
        },
        "DroneAgent.Policy.GAILGradMagLoss.sum": {
            "value": 0.04398943511769175,
            "min": 0.03993060882203281,
            "max": 0.09109907113015651,
            "count": 249
        },
        "DroneAgent.Losses.PretrainingLoss.mean": {
            "value": 0.0,
            "min": 0.0,
            "max": 3776958.657407407,
            "count": 249
        },
        "DroneAgent.Losses.PretrainingLoss.sum": {
            "value": 0.0,
            "min": 0.0,
            "max": 3776958.657407407,
            "count": 249
        }
    },
    "metadata": {
        "timer_format_version": "0.1.0",
        "start_time_seconds": "1697424455",
        "python_version": "3.9.13 (tags/v3.9.13:6de2ca5, May 17 2022, 16:36:42) [MSC v.1929 64 bit (AMD64)]",
        "command_line_arguments": "F:\\Unity projects\\Oblig2\\Drone_MLagents\\venv\\Scripts\\mlagents-learn config\\DroneAgent.yaml --initialize-from=DroneAgentTrackFast --run-id=DroneAgentTrackFast1",
        "mlagents_version": "0.30.0",
        "mlagents_envs_version": "0.30.0",
        "communication_protocol_version": "1.5.0",
        "pytorch_version": "1.7.1+cu110",