{
    "name": "root",
    "gauges": {
        "DroneAgent.Policy.Entropy.mean": {
            "value": 0.8207083940505981,
            "min": 0.7770853638648987,
            "max": 0.8314763903617859,
            "count": 236
        },
        "DroneAgent.Policy.Entropy.sum": {
            "value": 8198.876953125,
            "min": 7645.30712890625,
            "max": 8783.978515625,
            "count": 236
        },
        "DroneAgent.Step.mean": {
            "value": 2359973.0,
            "min": 9986.0,
            "max": 2359973.0,
            "count": 236
        },
        "DroneAgent.Step.sum": {
            "value": 2359973.0,
            "min": 9986.0,
            "max": 2359973.0,
            "count": 236
        },
        "DroneAgent.Policy.ExtrinsicValueEstimate.mean": {
            "value": -0.038833461701869965,
            "min": -0.13665004074573517,
            "max": 0.3924054801464081,
            "count": 236
        },
        "DroneAgent.Policy.ExtrinsicValueEstimate.sum": {
            "value": -6.29102087020874,
            "min": -22.000656127929688,
            "max": 64.74690246582031,
            "count": 236
        },
        "DroneAgent.Policy.GailValueEstimate.mean": {
            "value": 0.10424811393022537,
            "min": 0.0732143446803093,
            "max": 1.6687042713165283,
            "count": 236
        },
        "DroneAgent.Policy.GailValueEstimate.sum": {
            "value": 16.888195037841797,
            "min": 11.78750991821289,
            "max": 275.3362121582031,
            "count": 236
        },
        "DroneAgent.Environment.EpisodeLength.mean": {
            "value": 478.5,
            "min": 209.75,
            "max": 986.5,
            "count": 236
        },
        "DroneAgent.Environment.EpisodeLength.sum": {
            "value": 9570.0,
            "min": 4352.0,
            "max": 15016.0,
            "count": 236
        },
        "DroneAgent.Environment.CumulativeReward.mean": {
            "value": -0.23890000818064436,
            "min": -1.0362250111356843,
            "max": 0.26837825581289665,
            "count": 236
        },
        "DroneAgent.Environment.CumulativeReward.sum": {
            "value": -4.778000163612887,
            "min": -18.462700065458193,
            "max": 6.172699883696623,
            "count": 236
        },
        "DroneAgent.Policy.ExtrinsicReward.mean": {
            "value": -0.23890000818064436,
            "min": -1.0362250111356843,
            "max": 0.26837825581289665,
            "count": 236
        },
        "DroneAgent.Policy.ExtrinsicReward.sum": {
            "value": -4.778000163612887,
            "min": -18.462700065458193,
            "max": 6.172699883696623,
            "count": 236
        },
        "DroneAgent.Policy.GailReward.mean": {
            "value": 0.7292482555256357,
            "min": 0.6115066423287772,
            "max": 6.105694323817321,
            "count": 236
        },
        "DroneAgent.Policy.GailReward.sum": {
            "value": 14.584965110512712,
            "min": 8.164553830647492,
            "max": 110.39669563016366,
            "count": 236
        },
        "DroneAgent.Losses.PolicyLoss.mean": {
            "value": 0.12371593972978492,
            "min": 0.08555931114630463,
            "max": 0.21441074503430477,
            "count": 236
        },
        "DroneAgent.Losses.PolicyLoss.sum": {
            "value": 0.12371593972978492,
            "min": 0.08555931114630463,
            "max": 0.2770759533314655,
            "count": 236
        },
        "DroneAgent.Losses.ValueLoss.mean": {
            "value": 0.004901264614697236,
            "min": 0.0006341179080967171,
            "max": 0.22640258570512137,
            "count": 236
        },
        "DroneAgent.Losses.ValueLoss.sum": {
            "value": 0.004901264614697236,
            "min": 0.0006341179080967171,
            "max": 0.22640258570512137,
            "count": 236
        },
        "DroneAgent.Policy.LearningRate.mean": {
            "value": 0.00015844336718555998,
            "min": 0.00015844336718555998,
            "max": 0.00029941620019460004,
            "count": 236
        },
        "DroneAgent.Policy.LearningRate.sum": {
            "value": 0.00015844336718555998,
            "min": 0.00015844336718555998,
            "max": 0.0004913796962067798,
            "count": 236
        },
        "DroneAgent.Policy.Epsilon.mean": {
            "value": 0.15281444000000005,
            "min": 0.15281444000000005,
            "max": 0.19980539999999997,
            "count": 236
        },
        "DroneAgent.Policy.Epsilon.sum": {
            "value": 0.15281444000000005,
            "min": 0.15281444000000005,
            "max": 0.3637932199999999,
            "count": 236
        },
        "DroneAgent.Policy.Beta.mean": {
            "value": 0.005000000000000001,
            "min": 0.005000000000000001,
            "max": 0.005000000000000001,
            "count": 236
        },
        "DroneAgent.Policy.Beta.sum": {
            "value": 0.005000000000000001,
            "min": 0.005000000000000001,
            "max": 0.010000000000000002,
            "count": 236
        },
        "DroneAgent.Policy.GAILPolicyEstimate.mean": {
            "value": 0.013120397288973133,
            "min": 0.008410552291510005,
            "max": 0.09000358556707701,
            "count": 236
        },
        "DroneAgent.Policy.GAILPolicyEstimate.sum": {
            "value": 0.013120397288973133,
            "min": 0.008410552291510005,
            "max": 0.09000358556707701,
            "count": 236
        },
        "DroneAgent.Policy.GAILExpertEstimate.mean": {
            "value": 0.9973253726959228,
            "min": 0.8163968225320181,
            "max": 0.9977425396442413,
            "count": 236
        },
        "DroneAgent.Policy.GAILExpertEstimate.sum": {
            "value": 0.9973253726959228,
            "min": 0.8163968225320181,
            "max": 1.9945100625356038,
            "count": 236
        },
        "DroneAgent.Losses.GAILLoss.mean": {
            "value": 0.0163376293455561,
            "min": 0.012682272307574748,
            "max": 1.0071030060450237,
            "count": 236
        },
        "DroneAgent.Losses.GAILLoss.sum": {
            "value": 0.0163376293455561,
            "min": 0.012682272307574748,
            "max": 1.0071030060450237,
            "count": 236
        },
        "DroneAgent.Policy.GAILGradMagLoss.mean": {
            "value": 0.04025714493667086,
            "min": 0.02839858035246531,
            "max": 1.0049828271071115,
            "count": 236
        },
        "DroneAgent.Policy.GAILGradMagLoss.sum": {
            "value": 0.04025714493667086,
            "min": 0.02839858035246531,
            "max": 1.0049828271071115,
            "count": 236
        },
        "DroneAgent.Losses.PretrainingLoss.mean": {
            "value": 0.0,
            "min": 0.0,
            "max": 1.1107237370390641,
            "count": 236
        },
        "DroneAgent.Losses.PretrainingLoss.sum": {
            "value": 0.0,
            "min": 0.0,
            "max": 1.1107237370390641,
            "count": 236
        },
        "DroneAgent.IsTraining.mean": {
            "value": 1.0,
            "min": 1.0,
            "max": 1.0,
            "count": 236
        },
        "DroneAgent.IsTraining.sum": {
            "value": 1.0,
            "min": 1.0,
            "max": 1.0,
            "count": 236
        }
    },
    "metadata": {
        "timer_format_version": "0.1.0",
        "start_time_seconds": "1696553028",
        "python_version": "3.9.13 (tags/v3.9.13:6de2ca5, May 17 2022, 16:36:42) [MSC v.1929 64 bit (AMD64)]",
        "command_line_arguments": "F:\\Unity projects\\Oblig2\\Drone_MLagents\\venv\\Scripts\\mlagents-learn config/DroneAgentNew.yaml --initialize-from=DroneAgent_Reworked --run-id=DroneAgent_reworked_Simple_movement",