{
    "name": "root",
    "gauges": {
        "DroneAgent.Policy.Entropy.mean": {
            "value": 0.9435585141181946,
            "min": 0.9435585141181946,
            "max": 1.223418951034546,
            "count": 340
        },
        "DroneAgent.Policy.Entropy.sum": {
            "value": 9443.1337890625,
            "min": 9275.7822265625,
            "max": 12713.76953125,
            "count": 340
        },
        "DroneAgent.Step.mean": {
            "value": 3399980.0,
            "min": 9987.0,
            "max": 3399980.0,
            "count": 340
        },
        "DroneAgent.Step.sum": {
            "value": 3399980.0,
            "min": 9987.0,
            "max": 3399980.0,
            "count": 340
        },
        "DroneAgent.Policy.ExtrinsicValueEstimate.mean": {
            "value": 0.4366154372692108,
            "min": 0.03915691375732422,
            "max": 0.45878082513809204,
            "count": 340
        },
        "DroneAgent.Policy.ExtrinsicValueEstimate.sum": {
            "value": 73.78800964355469,
            "min": 6.813302993774414,
            "max": 80.2866439819336,
            "count": 340
        },
        "DroneAgent.Policy.GailValueEstimate.mean": {
            "value": 1.2439026832580566,
            "min": 0.6564764380455017,
            "max": 1.767821192741394,
            "count": 340
        },
        "DroneAgent.Policy.GailValueEstimate.sum": {
            "value": 210.21954345703125,
            "min": 113.57041931152344,
            "max": 296.765380859375,
            "count": 340
        },
        "DroneAgent.Environment.EpisodeLength.mean": {
            "value": 265.6896551724138,
            "min": 257.3157894736842,
            "max": 932.8461538461538,
            "count": 340
        },
        "DroneAgent.Environment.EpisodeLength.sum": {
            "value": 7705.0,
            "min": 6676.0,
            "max": 12710.0,
            "count": 340
        },
        "DroneAgent.Environment.CumulativeReward.mean": {
            "value": 1.4889264409590899,
            "min": -0.09841011519785281,
            "max": 2.351290314990495,
            "count": 340
        },
        "DroneAgent.Environment.CumulativeReward.sum": {
            "value": 43.178866787813604,
            "min": -2.6570731103420258,
            "max": 58.008169274777174,
            "count": 340
        },
        "DroneAgent.Policy.ExtrinsicReward.mean": {
            "value": 1.4889264409590899,
            "min": -0.09841011519785281,
            "max": 2.351290314990495,
            "count": 340
        },
        "DroneAgent.Policy.ExtrinsicReward.sum": {
            "value": 43.178866787813604,
            "min": -2.6570731103420258,
            "max": 58.008169274777174,
            "count": 340
        },
        "DroneAgent.Policy.GailReward.mean": {
            "value": 5.370426613676908,
            "min": 1.9867831317533273,
            "max": 16.338459885368746,
            "count": 340
        },
        "DroneAgent.Policy.GailReward.sum": {
            "value": 155.74237179663032,
            "min": 30.642551943659782,
            "max": 272.2944197766483,
            "count": 340
        },
        "DroneAgent.IsTraining.mean": {
            "value": 1.0,
            "min": 1.0,
            "max": 1.0,
            "count": 340
        },
        "DroneAgent.IsTraining.sum": {
            "value": 1.0,
            "min": 1.0,
            "max": 1.0,
            "count": 340
        },
        "DroneAgent.Losses.PolicyLoss.mean": {
            "value": 0.10479365135543048,
            "min": 0.06894933854782721,
            "max": 0.14648192250169814,
            "count": 178
        },
        "DroneAgent.Losses.PolicyLoss.sum": {
            "value": 0.10479365135543048,
            "min": 0.06894933854782721,
            "max": 0.14648192250169814,
            "count": 178
        },
        "DroneAgent.Losses.ValueLoss.mean": {
            "value": 0.013470596540719271,
            "min": 0.005013914237497375,
            "max": 0.07580331517383457,
            "count": 178
        },
        "DroneAgent.Losses.ValueLoss.sum": {
            "value": 0.013470596540719271,
            "min": 0.005013914237497375,
            "max": 0.07580331517383457,
            "count": 178
        },
        "DroneAgent.Policy.LearningRate.mean": {
            "value": 0.0003201220679878,
            "min": 0.0003201220679878,
            "max": 0.0009962460003754,
            "count": 178
        },
        "DroneAgent.Policy.LearningRate.sum": {
            "value": 0.0003201220679878,
            "min": 0.0003201220679878,
            "max": 0.0009962460003754,
            "count": 178
        },
        "DroneAgent.Policy.Epsilon.mean": {
            "value": 0.13201220000000002,
            "min": 0.13201220000000002,
            "max": 0.1996246,
            "count": 178
        },
        "DroneAgent.Policy.Epsilon.sum": {
            "value": 0.13201220000000002,
            "min": 0.13201220000000002,
            "max": 0.1996246,
            "count": 178
        },
        "DroneAgent.Policy.Beta.mean": {
            "value": 0.01,
            "min": 0.01,
            "max": 0.01,
            "count": 178
        },
        "DroneAgent.Policy.Beta.sum": {
            "value": 0.01,
            "min": 0.01,
            "max": 0.01,
            "count": 178
        },
        "DroneAgent.Policy.GAILPolicyEstimate.mean": {
            "value": 0.2178727935999632,
            "min": 0.09284560633823276,
            "max": 0.24364883042871952,
            "count": 178
        },
        "DroneAgent.Policy.GAILPolicyEstimate.sum": {
            "value": 0.2178727935999632,
            "min": 0.09284560633823276,
            "max": 0.24364883042871952,
            "count": 178
        },
        "DroneAgent.Policy.GAILExpertEstimate.mean": {
            "value": 0.8034499734640121,
            "min": 0.7735536143183708,
            "max": 0.9233628287911415,
            "count": 178
        },
        "DroneAgent.Policy.GAILExpertEstimate.sum": {
            "value": 0.8034499734640121,
            "min": 0.7735536143183708,
            "max": 0.9233628287911415,
            "count": 178
        },
        "DroneAgent.Losses.GAILLoss.mean": {
            "value": 0.553712785243988,
            "min": 0.22135062254965304,
            "max": 0.6448081314563752,
            "count": 178
        },
        "DroneAgent.Losses.GAILLoss.sum": {
            "value": 0.553712785243988,
            "min": 0.22135062254965304,
            "max": 0.6448081314563752,
            "count": 178
        },
        "DroneAgent.Policy.GAILGradMagLoss.mean": {
            "value": 0.05344259971752763,
            "min": 0.044033403508365154,
            "max": 0.07620645361021161,
            "count": 178
        },
        "DroneAgent.Policy.GAILGradMagLoss.sum": {
            "value": 0.05344259971752763,
            "min": 0.044033403508365154,
            "max": 0.07620645361021161,
            "count": 178
        },
        "DroneAgent.Losses.PretrainingLoss.mean": {
            "value": 0.0,
            "min": 0.0,
            "max": 1.8719335501654106,
            "count": 178
        },
        "DroneAgent.Losses.PretrainingLoss.sum": {
            "value": 0.0,
            "min": 0.0,
            "max": 1.8719335501654106,
            "count": 178
        }
    },
    "metadata": {
        "timer_format_version": "0.1.0",
        "start_time_seconds": "1696809873",
        "python_version": "3.9.13 (tags/v3.9.13:6de2ca5, May 17 2022, 16:36:42) [MSC v.1929 64 bit (AMD64)]",
        "command_line_arguments": "F:\\Unity projects\\Oblig2\\Drone_MLagents\\venv\\Scripts\\mlagents-learn config/DroneAgent.yaml --initialize-from=DroneAgent_New_More_Brain --run-id=DroneAgent_New_More_Brain_SmallGoal",
        "mlagents_version": "0.30.0",
        "mlagents_envs_version": "0.30.0",