{
    "name": "root",
    "gauges": {
        "DroneAgent.Policy.Entropy.mean": {
            "value": 6.176941871643066,
            "min": 5.5456671714782715,
            "max": 6.176941871643066,
            "count": 500
        },
        "DroneAgent.Policy.Entropy.sum": {
            "value": 61744.7109375,
            "min": 52173.63671875,
            "max": 64020.78515625,
            "count": 500
        },
        "DroneAgent.Step.mean": {
            "value": 4999944.0,
            "min": 9984.0,
            "max": 4999944.0,
            "count": 500
        },
        "DroneAgent.Step.sum": {
            "value": 4999944.0,
            "min": 9984.0,
            "max": 4999944.0,
            "count": 500
        },
        "DroneAgent.Policy.ExtrinsicValueEstimate.mean": {
            "value": 0.19372302293777466,
            "min": 0.07789777219295502,
            "max": 0.39046114683151245,
            "count": 500
        },
        "DroneAgent.Policy.ExtrinsicValueEstimate.sum": {
            "value": 30.414514541625977,
            "min": 12.385746002197266,
            "max": 60.91193771362305,
            "count": 500
        },
        "DroneAgent.Policy.GailValueEstimate.mean": {
            "value": 0.003634414169937372,
            "min": -0.008563096635043621,
            "max": 0.013181569054722786,
            "count": 500
        },
        "DroneAgent.Policy.GailValueEstimate.sum": {
            "value": 0.5706030130386353,
            "min": -1.3444061279296875,
            "max": 2.095869541168213,
            "count": 500
        },
        "DroneAgent.Environment.EpisodeLength.mean": {
            "value": 2639.0,
            "min": 347.0,
            "max": 4499.0,
            "count": 488
        },
        "DroneAgent.Environment.EpisodeLength.sum": {
            "value": 7917.0,
            "min": 347.0,
            "max": 53778.0,
            "count": 488
        },
        "DroneAgent.Environment.CumulativeReward.mean": {
            "value": 3.9999008390586823,
            "min": -1.173660894855857,
            "max": 14.038461385993287,
            "count": 488
        },
        "DroneAgent.Environment.CumulativeReward.sum": {
            "value": 11.999702517176047,
            "min": -1.2239652232965454,
            "max": 133.66919435490854,
            "count": 488
        },
        "DroneAgent.Policy.ExtrinsicReward.mean": {
            "value": 3.9999008390586823,
            "min": -1.173660894855857,
            "max": 14.038461385993287,
            "count": 488
        },
        "DroneAgent.Policy.ExtrinsicReward.sum": {
            "value": 11.999702517176047,
            "min": -1.2239652232965454,
            "max": 133.66919435490854,
            "count": 488
        },
        "DroneAgent.Policy.GailReward.mean": {
            "value": 0.03591650237710627,
            "min": 2.4437957848455483e-06,
            "max": 1.26061863455293,
            "count": 488
        },
        "DroneAgent.Policy.GailReward.sum": {
            "value": 0.10774950713131881,
            "min": 2.4437957848455483e-06,
            "max": 3.78185590365879,
            "count": 488
        },
        "DroneAgent.IsTraining.mean": {
            "value": 1.0,
            "min": 1.0,
            "max": 1.0,
            "count": 500
        },
        "DroneAgent.IsTraining.sum": {
            "value": 1.0,
            "min": 1.0,
            "max": 1.0,
            "count": 500
        },
        "DroneAgent.Losses.PolicyLoss.mean": {
            "value": 0.08852521714870817,
            "min": 0.05551096744893584,
            "max": 0.11289270853158087,
            "count": 246
        },
        "DroneAgent.Losses.PolicyLoss.sum": {
            "value": 0.08852521714870817,
            "min": 0.05551096744893584,
            "max": 0.11289270853158087,
            "count": 246
        },
        "DroneAgent.Losses.ValueLoss.mean": {
            "value": 0.00529839918599464,
            "min": 0.0025903825764544306,
            "max": 0.007322229852434248,
            "count": 246
        },
        "DroneAgent.Losses.ValueLoss.sum": {
            "value": 0.00529839918599464,
            "min": 0.0025903825764544306,
            "max": 0.007322229852434248,
            "count": 246
        },
        "DroneAgent.Policy.LearningRate.mean": {
            "value": 7.72099922799995e-07,
            "min": 7.72099922799995e-07,
            "max": 0.00099570160042984,
            "count": 246
        },
        "DroneAgent.Policy.LearningRate.sum": {
            "value": 7.72099922799995e-07,
            "min": 7.72099922799995e-07,
            "max": 0.00099570160042984,
            "count": 246
        },
        "DroneAgent.Policy.Epsilon.mean": {
            "value": 0.1000772,
            "min": 0.1000772,
            "max": 0.19957016,
            "count": 246
        },
        "DroneAgent.Policy.Epsilon.sum": {
            "value": 0.1000772,
            "min": 0.1000772,
            "max": 0.19957016,
            "count": 246
        },
        "DroneAgent.Policy.Beta.mean": {
            "value": 0.01,
            "min": 0.01,
            "max": 0.01,
            "count": 246
        },
        "DroneAgent.Policy.Beta.sum": {
            "value": 0.01,
            "min": 0.01,
            "max": 0.01,
            "count": 246
        },
        "DroneAgent.Policy.GAILPolicyEstimate.mean": {
            "value": 0.0002232071366286892,
            "min": 4.039581808754633e-05,
            "max": 0.0027180795718777517,
            "count": 246
        },
        "DroneAgent.Policy.GAILPolicyEstimate.sum": {
            "value": 0.0002232071366286892,
            "min": 4.039581808754633e-05,
            "max": 0.0027180795718777517,
            "count": 246
        },
        "DroneAgent.Policy.GAILExpertEstimate.mean": {
            "value": 0.9999985426664353,
            "min": 0.9995332762598992,
            "max": 0.999999837577343,
            "count": 246
        },
        "DroneAgent.Policy.GAILExpertEstimate.sum": {
            "value": 0.9999985426664353,
            "min": 0.9995332762598992,
            "max": 0.999999837577343,
            "count": 246
        },
        "DroneAgent.Losses.GAILLoss.mean": {
            "value": 0.00023279260964148563,
            "min": 4.376672459898146e-05,
            "max": 0.003193840562698824,
            "count": 246
        },
        "DroneAgent.Losses.GAILLoss.sum": {
            "value": 0.00023279260964148563,
            "min": 4.376672459898146e-05,
            "max": 0.003193840562698824,
            "count": 246
        },
        "DroneAgent.Policy.GAILGradMagLoss.mean": {
            "value": 0.0006227191643120022,
            "min": 0.00021554380255111026,
            "max": 0.032038710960841855,
            "count": 246
        },
        "DroneAgent.Policy.GAILGradMagLoss.sum": {
            "value": 0.0006227191643120022,
            "min": 0.00021554380255111026,
            "max": 0.032038710960841855,
            "count": 246
        },
        "DroneAgent.Losses.PretrainingLoss.mean": {
            "value": 0.0,
            "min": 0.0,
            "max": 24911.03185763889,
            "count": 246
        },
        "DroneAgent.Losses.PretrainingLoss.sum": {
            "value": 0.0,
            "min": 0.0,
            "max": 24911.03185763889,
            "count": 246
        }
    },
    "metadata": {
        "timer_format_version": "0.1.0",
        "start_time_seconds": "1699997470",
        "python_version": "3.9.13 (tags/v3.9.13:6de2ca5, May 17 2022, 16:36:42) [MSC v.1929 64 bit (AMD64)]",
        "command_line_arguments": "C:\\Users\\thoma\\AppData\\Local\\Programs\\Python\\Python39\\Scripts\\mlagents-learn config\\DroneAgent.yaml --initialize-from=DroneAgentMG6 --run-id=DroneAgentMG7",
        "mlagents_version": "0.30.0",
        "mlagents_envs_version": "0.30.0",
        "communication_protocol_version": "1.5.0",