{
    "name": "root",
    "gauges": {
        "DroneAgent.Policy.Entropy.mean": {
            "value": 1.4188566207885742,
            "min": 1.4188566207885742,
            "max": 1.4189382791519165,
            "count": 2
        },
        "DroneAgent.Policy.Entropy.sum": {
            "value": 14072.2197265625,
            "min": 14072.2197265625,
            "max": 14498.7109375,
            "count": 2
        },
        "DroneAgent.Step.mean": {
            "value": 19967.0,
            "min": 9976.0,
            "max": 19967.0,
            "count": 2
        },
        "DroneAgent.Step.sum": {
            "value": 19967.0,
            "min": 9976.0,
            "max": 19967.0,
            "count": 2
        },
        "DroneAgent.Policy.ExtrinsicValueEstimate.mean": {
            "value": 0.10108676552772522,
            "min": 0.10108676552772522,
            "max": 0.11834917217493057,
            "count": 2
        },
        "DroneAgent.Policy.ExtrinsicValueEstimate.sum": {
            "value": 16.27496910095215,
            "min": 16.27496910095215,
            "max": 19.172565460205078,
            "count": 2
        },
        "DroneAgent.Policy.GailValueEstimate.mean": {
            "value": 0.519731879234314,
            "min": 0.519731879234314,
            "max": 0.5562587380409241,
            "count": 2
        },
        "DroneAgent.Policy.GailValueEstimate.sum": {
            "value": 83.67683410644531,
            "min": 83.67683410644531,
            "max": 90.1139144897461,
            "count": 2
        },
        "DroneAgent.Environment.EpisodeLength.mean": {
            "value": 831.7,
            "min": 675.6666666666666,
            "max": 831.7,
            "count": 2
        },
        "DroneAgent.Environment.EpisodeLength.sum": {
            "value": 8317.0,
            "min": 8108.0,
            "max": 8317.0,
            "count": 2
        },
        "DroneAgent.Environment.CumulativeReward.mean": {
            "value": -0.8869281132720062,
            "min": -0.8869281132720062,
            "max": -0.8215639775395781,
            "count": 2
        },
        "DroneAgent.Environment.CumulativeReward.sum": {
            "value": -8.869281132720062,
            "min": -9.858767730474938,
            "max": -8.869281132720062,
            "count": 2
        },
        "DroneAgent.Policy.ExtrinsicReward.mean": {
            "value": -0.8869281132720062,
            "min": -0.8869281132720062,
            "max": -0.8215639775395781,
            "count": 2
        },
        "DroneAgent.Policy.ExtrinsicReward.sum": {
            "value": -8.869281132720062,
            "min": -9.858767730474938,
            "max": -8.869281132720062,
            "count": 2
        },
        "DroneAgent.Policy.GailReward.mean": {
            "value": 55.28247075676918,
            "min": 44.94452444898585,
            "max": 55.28247075676918,
            "count": 2
        },
        "DroneAgent.Policy.GailReward.sum": {
            "value": 552.8247075676918,
            "min": 539.3342933878303,
            "max": 552.8247075676918,
            "count": 2
        },
        "DroneAgent.IsTraining.mean": {
            "value": 1.0,
            "min": 1.0,
            "max": 1.0,
            "count": 2
        },
        "DroneAgent.IsTraining.sum": {
            "value": 1.0,
            "min": 1.0,
            "max": 1.0,
            "count": 2
        },
        "DroneAgent.Losses.PolicyLoss.mean": {
            "value": 0.0781932853977196,
            "min": 0.0781932853977196,
            "max": 0.0781932853977196,
            "count": 1
        },
        "DroneAgent.Losses.PolicyLoss.sum": {
            "value": 0.0781932853977196,
            "min": 0.0781932853977196,
            "max": 0.0781932853977196,
            "count": 1
        },
        "DroneAgent.Losses.ValueLoss.mean": {
            "value": 0.1276752408593893,
            "min": 0.1276752408593893,
            "max": 0.1276752408593893,
            "count": 1
        },
        "DroneAgent.Losses.ValueLoss.sum": {
            "value": 0.1276752408593893,
            "min": 0.1276752408593893,
            "max": 0.1276752408593893,
            "count": 1
        },
        "DroneAgent.Policy.LearningRate.mean": {
            "value": 0.0009960322003967801,
            "min": 0.0009960322003967801,
            "max": 0.0009960322003967801,
            "count": 1
        },
        "DroneAgent.Policy.LearningRate.sum": {
            "value": 0.0009960322003967801,
            "min": 0.0009960322003967801,
            "max": 0.0009960322003967801,
            "count": 1
        },
        "DroneAgent.Policy.Epsilon.mean": {
            "value": 0.19960322000000003,
            "min": 0.19960322000000003,
            "max": 0.19960322000000003,
            "count": 1
        },
        "DroneAgent.Policy.Epsilon.sum": {
            "value": 0.19960322000000003,
            "min": 0.19960322000000003,
            "max": 0.19960322000000003,
            "count": 1
        },
        "DroneAgent.Policy.Beta.mean": {
            "value": 0.01,
            "min": 0.01,
            "max": 0.01,
            "count": 1
        },
        "DroneAgent.Policy.Beta.sum": {
            "value": 0.01,
            "min": 0.01,
            "max": 0.01,
            "count": 1
        },
        "DroneAgent.Policy.GAILPolicyEstimate.mean": {
            "value": 0.43047418668866155,
            "min": 0.43047418668866155,
            "max": 0.43047418668866155,
            "count": 1
        },
        "DroneAgent.Policy.GAILPolicyEstimate.sum": {
            "value": 0.43047418668866155,
            "min": 0.43047418668866155,
            "max": 0.43047418668866155,
            "count": 1
        },
        "DroneAgent.Policy.GAILExpertEstimate.mean": {
            "value": 0.5214582689106464,
            "min": 0.5214582689106464,
            "max": 0.5214582689106464,
            "count": 1
        },
        "DroneAgent.Policy.GAILExpertEstimate.sum": {
            "value": 0.5214582689106464,
            "min": 0.5214582689106464,
            "max": 0.5214582689106464,
            "count": 1
        },
        "DroneAgent.Losses.GAILLoss.mean": {
            "value": 1.2218248471617699,
            "min": 1.2218248471617699,
            "max": 1.2218248471617699,
            "count": 1
        },
        "DroneAgent.Losses.GAILLoss.sum": {
            "value": 1.2218248471617699,
            "min": 1.2218248471617699,
            "max": 1.2218248471617699,
            "count": 1
        },
        "DroneAgent.Policy.GAILGradMagLoss.mean": {
            "value": 9.347532176971436,
            "min": 9.347532176971436,
            "max": 9.347532176971436,
            "count": 1
        },
        "DroneAgent.Policy.GAILGradMagLoss.sum": {
            "value": 9.347532176971436,
            "min": 9.347532176971436,
            "max": 9.347532176971436,
            "count": 1
        },
        "DroneAgent.Losses.PretrainingLoss.mean": {
            "value": 1.103682537873586,
            "min": 1.103682537873586,
            "max": 1.103682537873586,
            "count": 1
        },
        "DroneAgent.Losses.PretrainingLoss.sum": {
            "value": 1.103682537873586,
            "min": 1.103682537873586,
            "max": 1.103682537873586,
            "count": 1
        }
    },
    "metadata": {
        "timer_format_version": "0.1.0",
        "start_time_seconds": "1697245935",
        "python_version": "3.9.13 (tags/v3.9.13:6de2ca5, May 17 2022, 16:36:42) [MSC v.1929 64 bit (AMD64)]",
        "command_line_arguments": "F:\\Unity projects\\Oblig2\\Drone_MLagents\\venv\\Scripts\\mlagents-learn config/DroneAgent.yaml --run-id=DroneAgentTrack",
        "mlagents_version": "0.30.0",
        "mlagents_envs_version": "0.30.0",
        "communication_protocol_version": "1.5.0",
        "pytorch_version": "1.7.1+cu110",
        "numpy_version": "1.21.2",