{
    "name": "root",
    "gauges": {
        "DroneAgent.Policy.Entropy.mean": {
            "value": 1.2707208395004272,
            "min": 1.2707208395004272,
            "max": 1.3710516691207886,
            "count": 2
        },
        "DroneAgent.Policy.Entropy.sum": {
            "value": 25513.533203125,
            "min": 25513.533203125,
            "max": 27467.6484375,
            "count": 2
        },
        "DroneAgent.Step.mean": {
            "value": 39992.0,
            "min": 19981.0,
            "max": 39992.0,
            "count": 2
        },
        "DroneAgent.Step.sum": {
            "value": 39992.0,
            "min": 19981.0,
            "max": 39992.0,
            "count": 2
        },
        "DroneAgent.Policy.ExtrinsicValueEstimate.mean": {
            "value": 0.23684433102607727,
            "min": 0.23684433102607727,
            "max": 0.46996405720710754,
            "count": 2
        },
        "DroneAgent.Policy.ExtrinsicValueEstimate.sum": {
            "value": 78.15863037109375,
            "min": 78.15863037109375,
            "max": 155.088134765625,
            "count": 2
        },
        "DroneAgent.Policy.GailValueEstimate.mean": {
            "value": 22.599302291870117,
            "min": 19.312328338623047,
            "max": 22.599302291870117,
            "count": 2
        },
        "DroneAgent.Policy.GailValueEstimate.sum": {
            "value": 7457.76953125,
            "min": 6373.068359375,
            "max": 7457.76953125,
            "count": 2
        },
        "DroneAgent.Losses.PolicyLoss.mean": {
            "value": 0.04962533169932533,
            "min": 0.044433824981010894,
            "max": 0.04962533169932533,
            "count": 2
        },
        "DroneAgent.Losses.PolicyLoss.sum": {
            "value": 0.9428813022871813,
            "min": 0.7998088496581961,
            "max": 0.9428813022871813,
            "count": 2
        },
        "DroneAgent.Losses.ValueLoss.mean": {
            "value": 14.97590487777141,
            "min": 14.97590487777141,
            "max": 24.527593482147765,
            "count": 2
        },
        "DroneAgent.Losses.ValueLoss.sum": {
            "value": 284.5421926776568,
            "min": 284.5421926776568,
            "max": 441.49668267865974,
            "count": 2
        },
        "DroneAgent.Policy.LearningRate.mean": {
            "value": 0.00029821858796222524,
            "min": 0.00029821858796222524,
            "max": 0.00029938858353713884,
            "count": 2
        },
        "DroneAgent.Policy.LearningRate.sum": {
            "value": 0.005666153171282279,
            "min": 0.0053889945036684995,
            "max": 0.005666153171282279,
            "count": 2
        },
        "DroneAgent.Policy.Epsilon.mean": {
            "value": 0.19940619578947372,
            "min": 0.19940619578947372,
            "max": 0.19979619444444446,
            "count": 2
        },
        "DroneAgent.Policy.Epsilon.sum": {
            "value": 3.7887177200000006,
            "min": 3.5963315000000002,
            "max": 3.7887177200000006,
            "count": 2
        },
        "DroneAgent.Policy.Beta.mean": {
            "value": 0.0004970903593684211,
            "min": 0.0004970903593684211,
            "max": 0.0004990013527777777,
            "count": 2
        },
        "DroneAgent.Policy.Beta.sum": {
            "value": 0.009444716828,
            "min": 0.00898202435,
            "max": 0.009444716828,
            "count": 2
        },
        "DroneAgent.Policy.GAILPolicyEstimate.mean": {
            "value": 0.3933518765526905,
            "min": 0.3933518765526905,
            "max": 0.45362971019413734,
            "count": 2
        },
        "DroneAgent.Policy.GAILPolicyEstimate.sum": {
            "value": 7.47368565450112,
            "min": 7.47368565450112,
            "max": 8.165334783494473,
            "count": 2
        },
        "DroneAgent.Policy.GAILExpertEstimate.mean": {
            "value": 0.6185495372404132,
            "min": 0.5749291137412742,
            "max": 0.6185495372404132,
            "count": 2
        },
        "DroneAgent.Policy.GAILExpertEstimate.sum": {
            "value": 11.75244120756785,
            "min": 10.348724047342936,
            "max": 11.75244120756785,
            "count": 2
        },
        "DroneAgent.Losses.GAILLoss.mean": {
            "value": 1.0533967028584397,
            "min": 1.0533967028584397,
            "max": 1.2004839303316894,
            "count": 2
        },
        "DroneAgent.Losses.GAILLoss.sum": {
            "value": 20.014537354310352,
            "min": 20.014537354310352,
            "max": 21.60871074597041,
            "count": 2
        },
        "DroneAgent.Policy.GAILGradMagLoss.mean": {
            "value": 0.40134245978786787,
            "min": 0.40134245978786787,
            "max": 2.133832616399525,
            "count": 2
        },
        "DroneAgent.Policy.GAILGradMagLoss.sum": {
            "value": 7.6255067359694895,
            "min": 7.6255067359694895,
            "max": 38.40898709519145,
            "count": 2
        },
        "DroneAgent.Losses.PretrainingLoss.mean": {
            "value": 0.8830505788151982,
            "min": 0.8830505788151982,
            "max": 1.0574332398396953,
            "count": 2
        },
        "DroneAgent.Losses.PretrainingLoss.sum": {
            "value": 16.777960997488766,
            "min": 16.777960997488766,
            "max": 19.033798317114513,
            "count": 2
        },
        "DroneAgent.Environment.EpisodeLength.mean": {
            "value": 421.2,
            "min": 237.78846153846155,
            "max": 421.2,
            "count": 2
        },
        "DroneAgent.Environment.EpisodeLength.sum": {
            "value": 18954.0,
            "min": 12365.0,
            "max": 18954.0,
            "count": 2
        },
        "DroneAgent.Environment.CumulativeReward.mean": {
            "value": 0.7608695652173914,
            "min": 0.7608695652173914,
            "max": 1.0,
            "count": 2
        },
        "DroneAgent.Environment.CumulativeReward.sum": {
            "value": 35.0,
            "min": 35.0,
            "max": 51.0,
            "count": 2
        },
        "DroneAgent.Policy.ExtrinsicReward.mean": {
            "value": 0.7608695652173914,
            "min": 0.7608695652173914,
            "max": 1.0,
            "count": 2
        },
        "DroneAgent.Policy.ExtrinsicReward.sum": {
            "value": 35.0,
            "min": 35.0,
            "max": 51.0,
            "count": 2
        },
        "DroneAgent.Policy.GailReward.mean": {
            "value": 113.67104327484317,
            "min": 113.67104327484317,
            "max": 129.3369579440823,
            "count": 2
        },
        "DroneAgent.Policy.GailReward.sum": {
            "value": 5228.867990642786,
            "min": 5228.867990642786,
            "max": 6596.184855148196,
            "count": 2
        },
        "DroneAgent.IsTraining.mean": {
            "value": 1.0,
            "min": 1.0,
            "max": 1.0,
            "count": 2
        },
        "DroneAgent.IsTraining.sum": {
            "value": 1.0,
            "min": 1.0,
            "max": 1.0,
            "count": 2
        }
    },
    "metadata": {
        "timer_format_version": "0.1.0",
        "start_time_seconds": "1696216557",
        "python_version": "3.9.13 (tags/v3.9.13:6de2ca5, May 17 2022, 16:36:42) [MSC v.1929 64 bit (AMD64)]",
        "command_line_arguments": "F:\\Unity projects\\Oblig2\\Drone_MLagents\\venv\\Scripts\\mlagents-learn config/DroneAgent.yaml --run-id=DroneAgentGoalTest",
        "mlagents_version": "0.30.0",
        "mlagents_envs_version": "0.30.0",
        "communication_protocol_version": "1.5.0",
        "pytorch_version": "2.0.1+cu117",
        "numpy_version": "1.21.2",
        "end_time_seconds": "1696216894"
    },