{
    "name": "root",
    "metadata": {
        "timer_format_version": "0.1.0",
        "start_time_seconds": "1696341220",
        "python_version": "3.9.13 (tags/v3.9.13:6de2ca5, May 17 2022, 16:36:42) [MSC v.1929 64 bit (AMD64)]",
        "command_line_arguments": "F:\\Unity projects\\Oblig2\\Drone_MLagents\\venv\\Scripts\\mlagents-learn config/DroneAgent.yaml --initialize-from=DroneAgentMoveForward6 --run-id=DroneAgentMoveForwardnewTraining",
        "mlagents_version": "0.30.0",
        "mlagents_envs_version": "0.30.0",
        "communication_protocol_version": "1.5.0",
        "pytorch_version": "2.0.1+cu117",
        "numpy_version": "1.21.2",
        "end_time_seconds": "1696341229"
    },
    "total": 9.021894300000001,
    "count": 1,
    "self": 0.007699800000001034,
    "children": {
        "run_training.setup": {
            "total": 0.07648300000000008,
            "count": 1,
            "self": 0.07648300000000008
        },
        "TrainerController.start_learning": {
            "total": 8.9377115,
            "count": 1,
            "self": 8.249999999954127e-05,
            "children": {
                "TrainerController._reset_env": {
                    "total": 8.936680500000001,
                    "count": 1,
                    "self": 8.936573800000001,
                    "children": {
                        "demo_to_buffer": {
                            "total": 0.0001066999999999041,
                            "count": 1,
                            "self": 9.300000000322939e-06,
                            "children": {
                                "load_demonstration": {
                                    "total": 9.739999999958115e-05,
                                    "count": 1,
                                    "self": 9.739999999958115e-05
                                }
                            }
                        }
                    }
                },
                "TrainerController._save_models": {
                    "total": 0.0009484999999997967,
                    "count": 1,
                    "self": 0.00012730000000082953,
                    "children": {
                        "RLTrainer._checkpoint": {
                            "total": 0.0008211999999989672,
                            "count": 1,
                            "self": 0.0008211999999989672
                        }
                    }
                }
            }
        }
    }
}