{
    "name": "root",
    "gauges": {
        "DroneAgent.Policy.Entropy.mean": {
            "value": 2.542757511138916,
            "min": 2.04195237159729,
            "max": 2.542757511138916,
            "count": 500
        },
        "DroneAgent.Policy.Entropy.sum": {
            "value": 25737.791015625,
            "min": 19884.3125,
            "max": 25990.04296875,
            "count": 500
        },
        "DroneAgent.Step.mean": {
            "value": 4999987.0,
            "min": 9984.0,
            "max": 4999987.0,
            "count": 500
        },
        "DroneAgent.Step.sum": {
            "value": 4999987.0,
            "min": 9984.0,
            "max": 4999987.0,
            "count": 500
        },
        "DroneAgent.Policy.ExtrinsicValueEstimate.mean": {
            "value": 0.348505437374115,
            "min": -0.13436169922351837,
            "max": 0.4529452621936798,
            "count": 500
        },
        "DroneAgent.Policy.ExtrinsicValueEstimate.sum": {
            "value": 55.76087188720703,
            "min": -21.363510131835938,
            "max": 71.56535339355469,
            "count": 500
        },
        "DroneAgent.Policy.GailValueEstimate.mean": {
            "value": 0.008778324350714684,
            "min": 0.00498741352930665,
            "max": 0.17856986820697784,
            "count": 500
        },
        "DroneAgent.Policy.GailValueEstimate.sum": {
            "value": 1.4045319557189941,
            "min": 0.7880113124847412,
            "max": 28.392608642578125,
            "count": 500
        },
        "DroneAgent.IsTraining.mean": {
            "value": 1.0,
            "min": 1.0,
            "max": 1.0,
            "count": 500
        },
        "DroneAgent.IsTraining.sum": {
            "value": 1.0,
            "min": 1.0,
            "max": 1.0,
            "count": 500
        },
        "DroneAgent.Environment.EpisodeLength.mean": {
            "value": 1999.0,
            "min": 856.4,
            "max": 1999.0,
            "count": 499
        },
        "DroneAgent.Environment.EpisodeLength.sum": {
            "value": 9995.0,
            "min": 1193.0,
            "max": 21826.0,
            "count": 499
        },
        "DroneAgent.Environment.CumulativeReward.mean": {
            "value": 8.57498022322543,
            "min": -3.9593164388090374,
            "max": 8.742393227294087,
            "count": 499
        },
        "DroneAgent.Environment.CumulativeReward.sum": {
            "value": 42.87490111612715,
            "min": -34.44625368947163,
            "max": 80.78998564532958,
            "count": 499
        },
        "DroneAgent.Policy.ExtrinsicReward.mean": {
            "value": 8.57498022322543,
            "min": -3.9593164388090374,
            "max": 8.742393227294087,
            "count": 499
        },
        "DroneAgent.Policy.ExtrinsicReward.sum": {
            "value": 42.87490111612715,
            "min": -34.44625368947163,
            "max": 80.78998564532958,
            "count": 499
        },
        "DroneAgent.Policy.GailReward.mean": {
            "value": 0.03391475484409625,
            "min": 0.03391475484409625,
            "max": 3.6529477952830427,
            "count": 499
        },
        "DroneAgent.Policy.GailReward.sum": {
            "value": 0.16957377422048125,
            "min": 0.05987933434880688,
            "max": 47.488321338679555,
            "count": 499
        },
        "DroneAgent.Losses.PolicyLoss.mean": {
            "value": 0.08556738543557003,
            "min": 0.05918426691787317,
            "max": 0.12452259343117475,
            "count": 249
        },
        "DroneAgent.Losses.PolicyLoss.sum": {
            "value": 0.08556738543557003,
            "min": 0.05918426691787317,
            "max": 0.12452259343117475,
            "count": 249
        },
        "DroneAgent.Losses.ValueLoss.mean": {
            "value": 0.0010647316805261653,
            "min": 0.0004425241131684743,
            "max": 0.006229059724137187,
            "count": 249
        },
        "DroneAgent.Losses.ValueLoss.sum": {
            "value": 0.0010647316805261653,
            "min": 0.0004425241131684743,
            "max": 0.006229059724137187,
            "count": 249
        },
        "DroneAgent.Policy.LearningRate.mean": {
            "value": 4.1099995899957735e-08,
            "min": 4.1099995899957735e-08,
            "max": 0.00099594880040512,
            "count": 249
        },
        "DroneAgent.Policy.LearningRate.sum": {
            "value": 4.1099995899957735e-08,
            "min": 4.1099995899957735e-08,
            "max": 0.00099594880040512,
            "count": 249
        },
        "DroneAgent.Policy.Epsilon.mean": {
            "value": 0.1000041,
            "min": 0.1000041,
            "max": 0.19959488,
            "count": 249
        },
        "DroneAgent.Policy.Epsilon.sum": {
            "value": 0.1000041,
            "min": 0.1000041,
            "max": 0.19959488,
            "count": 249
        },
        "DroneAgent.Policy.Beta.mean": {
            "value": 0.01,
            "min": 0.01,
            "max": 0.01,
            "count": 249
        },
        "DroneAgent.Policy.Beta.sum": {
            "value": 0.01,
            "min": 0.01,
            "max": 0.01,
            "count": 249
        },
        "DroneAgent.Policy.GAILPolicyEstimate.mean": {
            "value": 0.000318612995215517,
            "min": 0.00031334795621660303,
            "max": 0.007877586872200481,
            "count": 249
        },
        "DroneAgent.Policy.GAILPolicyEstimate.sum": {
            "value": 0.000318612995215517,
            "min": 0.00031334795621660303,
            "max": 0.007877586872200481,
            "count": 249
        },
        "DroneAgent.Policy.GAILExpertEstimate.mean": {
            "value": 0.9995025083422661,
            "min": 0.9964435815811157,
            "max": 0.9996329247951508,
            "count": 249
        },
        "DroneAgent.Policy.GAILExpertEstimate.sum": {
            "value": 0.9995025083422661,
            "min": 0.9964435815811157,
            "max": 0.9996329247951508,
            "count": 249
        },
        "DroneAgent.Losses.GAILLoss.mean": {
            "value": 0.0008221265408792533,
            "min": 0.0007349697363679298,
            "max": 0.012456103088334202,
            "count": 249
        },
        "DroneAgent.Losses.GAILLoss.sum": {
            "value": 0.0008221265408792533,
            "min": 0.0007349697363679298,
            "max": 0.012456103088334202,
            "count": 249
        },
        "DroneAgent.Policy.GAILGradMagLoss.mean": {
            "value": 0.003179427928989753,
            "min": 0.0028609385568415745,
            "max": 0.018178220943082125,
            "count": 249
        },
        "DroneAgent.Policy.GAILGradMagLoss.sum": {
            "value": 0.003179427928989753,
            "min": 0.0028609385568415745,
            "max": 0.018178220943082125,
            "count": 249
        },
        "DroneAgent.Losses.PretrainingLoss.mean": {
            "value": 0.0,
            "min": 0.0,
            "max": 5.437325848473443,
            "count": 249
        },
        "DroneAgent.Losses.PretrainingLoss.sum": {
            "value": 0.0,
            "min": 0.0,
            "max": 5.437325848473443,
            "count": 249
        }
    },
    "metadata": {
        "timer_format_version": "0.1.0",
        "start_time_seconds": "1697577308",
        "python_version": "3.9.13 (tags/v3.9.13:6de2ca5, May 17 2022, 16:36:42) [MSC v.1929 64 bit (AMD64)]",
        "command_line_arguments": "F:\\Unity projects\\Oblig2\\Drone_MLagents\\venv\\Scripts\\mlagents-learn config/DroneAgent.yaml --initialize-from=DroneAgentTrackNew2 --run-id=DroneAgentTrackNew3",
        "mlagents_version": "0.30.0",
        "mlagents_envs_version": "0.30.0",
        "communication_protocol_version": "1.5.0",