{
    "name": "root",
    "metadata": {
        "timer_format_version": "0.1.0",
        "start_time_seconds": "1696393949",
        "python_version": "3.9.13 (tags/v3.9.13:6de2ca5, May 17 2022, 16:36:42) [MSC v.1929 64 bit (AMD64)]",
        "command_line_arguments": "F:\\Unity projects\\Oblig2\\Drone_MLagents\\venv\\Scripts\\mlagents-learn config/DroneAgent.yaml --run-id=DroneAgentStraightaheadver2_1",
        "mlagents_version": "0.30.0",
        "mlagents_envs_version": "0.30.0",
        "communication_protocol_version": "1.5.0",
        "pytorch_version": "2.0.1+cu117",
        "numpy_version": "1.21.2",
        "end_time_seconds": "1696394076"
    },
    "total": 126.95465499999999,
    "count": 1,
    "self": 10.006180399999977,
    "children": {
        "run_training.setup": {
            "total": 0.07395520000000011,
            "count": 1,
            "self": 0.07395520000000011
        },
        "TrainerController.start_learning": {
            "total": 116.87451940000001,
            "count": 1,
            "self": 0.013746599999976183,
            "children": {
                "TrainerController._reset_env": {
                    "total": 48.954913600000005,
                    "count": 1,
                    "self": 45.0282107,
                    "children": {
                        "demo_to_buffer": {
                            "total": 3.926702900000002,
                            "count": 2,
                            "self": 0.0001221999999998502,
                            "children": {
                                "load_demonstration": {
                                    "total": 0.07783220000000313,
                                    "count": 2,
                                    "self": 0.07629540000000645,
                                    "children": {
                                        "read_file": {
                                            "total": 0.0015367999999966742,
                                            "count": 2,
                                            "self": 0.0015367999999966742
                                        }
                                    }
                                },
                                "make_demo_buffer": {
                                    "total": 3.8487484999999992,
                                    "count": 2,
                                    "self": 0.45206649999965975,
                                    "children": {
                                        "steps_from_proto": {
                                            "total": 3.3966820000003395,
                                            "count": 21172,
                                            "self": 1.2692381000007629,
                                            "children": {
                                                "_process_rank_one_or_two_observation": {
                                                    "total": 2.1274438999995766,
                                                    "count": 169376,
                                                    "self": 2.1274438999995766
                                                }
                                            }
                                        }
                                    }
                                }
                            }
                        }
                    }
                },
                "TrainerController.advance": {
                    "total": 67.76832800000001,
                    "count": 900,
                    "self": 0.011204499999834638,
                    "children": {
                        "env_step": {
                            "total": 50.669290600000025,
                            "count": 900,
                            "self": 47.67334990000013,
                            "children": {
                                "SubprocessEnvManager._take_step": {
                                    "total": 2.987997799999931,
                                    "count": 901,
                                    "self": 0.05114940000035517,
                                    "children": {
                                        "TorchPolicy.evaluate": {
                                            "total": 2.936848399999576,
                                            "count": 901,
                                            "self": 2.936848399999576
                                        }
                                    }
                                },
                                "workers": {
                                    "total": 0.007942899999960673,
                                    "count": 899,
                                    "self": 0.0,
                                    "children": {
                                        "worker_root": {
                                            "total": 38.09473700000004,
                                            "count": 899,
                                            "is_parallel": true,
                                            "self": 26.210901899999925,
                                            "children": {
                                                "steps_from_proto": {
                                                    "total": 0.0014966000000029567,
                                                    "count": 2,
                                                    "is_parallel": true,
                                                    "self": 0.00023000000000195087,
                                                    "children": {
                                                        "_process_rank_one_or_two_observation": {
                                                            "total": 0.0012666000000010058,
                                                            "count": 16,
                                                            "is_parallel": true,
                                                            "self": 0.0012666000000010058
                                                        }
                                                    }
                                                },
                                                "UnityEnvironment.step": {
                                                    "total": 11.88233850000011,
                                                    "count": 899,
                                                    "is_parallel": true,
                                                    "self": 0.2683270999998939,
                                                    "children": {
                                                        "UnityEnvironment._generate_step_input": {
                                                            "total": 0.2361637999999715,
                                                            "count": 899,
                                                            "is_parallel": true,
                                                            "self": 0.2361637999999715
                                                        },
                                                        "communicator.exchange": {
                                                            "total": 10.778121000000162,
                                                            "count": 899,
                                                            "is_parallel": true,
                                                            "self": 10.778121000000162
                                                        },
                                                        "steps_from_proto": {
                                                            "total": 0.599726600000082,
                                                            "count": 899,
                                                            "is_parallel": true,