{
    "name": "root",
    "gauges": {
        "DroneAgent.Policy.Entropy.mean": {
            "value": 1.3639233112335205,
            "min": 1.3639233112335205,
            "max": 1.418923258781433,
            "count": 69
        },
        "DroneAgent.Policy.Entropy.sum": {
            "value": 13723.796875,
            "min": 13212.224609375,
            "max": 14983.830078125,
            "count": 69
        },
        "DroneAgent.Step.mean": {
            "value": 689987.0,
            "min": 9994.0,
            "max": 689987.0,
            "count": 69
        },
        "DroneAgent.Step.sum": {
            "value": 689987.0,
            "min": 9994.0,
            "max": 689987.0,
            "count": 69
        },
        "DroneAgent.Policy.ExtrinsicValueEstimate.mean": {
            "value": 0.1899690181016922,
            "min": -0.3038535714149475,
            "max": 0.3058198392391205,
            "count": 69
        },
        "DroneAgent.Policy.ExtrinsicValueEstimate.sum": {
            "value": 30.395042419433594,
            "min": -48.61656951904297,
            "max": 48.931175231933594,
            "count": 69
        },
        "DroneAgent.Policy.GailValueEstimate.mean": {
            "value": 2.184753894805908,
            "min": -0.4438818395137787,
            "max": 3.4413084983825684,
            "count": 69
        },
        "DroneAgent.Policy.GailValueEstimate.sum": {
            "value": 349.56060791015625,
            "min": -71.90885925292969,
            "max": 554.0506591796875,
            "count": 69
        },
        "DroneAgent.Environment.EpisodeLength.mean": {
            "value": 749.0,
            "min": 544.0,
            "max": 749.0,
            "count": 69
        },
        "DroneAgent.Environment.EpisodeLength.sum": {
            "value": 9737.0,
            "min": 6974.0,
            "max": 12731.0,
            "count": 69
        },
        "DroneAgent.Environment.CumulativeReward.mean": {
            "value": 1.5635671796312987,
            "min": -0.45175698403424275,
            "max": 2.094338228056828,
            "count": 69
        },
        "DroneAgent.Environment.CumulativeReward.sum": {
            "value": 20.32637333520688,
            "min": -5.421083808410913,
            "max": 37.500098886943306,
            "count": 69
        },
        "DroneAgent.Policy.ExtrinsicReward.mean": {
            "value": 1.5635671796312987,
            "min": -0.45175698403424275,
            "max": 2.094338228056828,
            "count": 69
        },
        "DroneAgent.Policy.ExtrinsicReward.sum": {
            "value": 20.32637333520688,
            "min": -5.421083808410913,
            "max": 37.500098886943306,
            "count": 69
        },
        "DroneAgent.Policy.GailReward.mean": {
            "value": 24.465233847928737,
            "min": 13.600338232058744,
            "max": 49.1893705924352,
            "count": 69
        },
        "DroneAgent.Policy.GailReward.sum": {
            "value": 318.04804002307355,
            "min": 176.8043970167637,
            "max": 656.1795027256012,
            "count": 69
        },
        "DroneAgent.Losses.PolicyLoss.mean": {
            "value": 0.10333178973038835,
            "min": 0.07596006888973837,
            "max": 0.1896048834081739,
            "count": 65
        },
        "DroneAgent.Losses.PolicyLoss.sum": {
            "value": 0.10333178973038835,
            "min": 0.07596006888973837,
            "max": 0.3054898084917416,
            "count": 65
        },
        "DroneAgent.Losses.ValueLoss.mean": {
            "value": 0.03102878105516235,
            "min": 0.00981341446749866,
            "max": 0.1488750231762727,
            "count": 65
        },
        "DroneAgent.Losses.ValueLoss.sum": {
            "value": 0.03102878105516235,
            "min": 0.00981341446749866,
            "max": 0.1488750231762727,
            "count": 65
        },
        "DroneAgent.Policy.LearningRate.mean": {
            "value": 0.0002590881136373,
            "min": 0.0002590881136373,
            "max": 0.00029940408019864007,
            "count": 65
        },
        "DroneAgent.Policy.LearningRate.sum": {
            "value": 0.0002590881136373,
            "min": 0.0002590881136373,
            "max": 0.00058739952420016,
            "count": 65
        },
        "DroneAgent.Policy.Epsilon.mean": {
            "value": 0.18636270000000005,
            "min": 0.18636270000000005,
            "max": 0.19980136000000007,
            "count": 65
        },
        "DroneAgent.Policy.Epsilon.sum": {
            "value": 0.18636270000000005,
            "min": 0.18636270000000005,
            "max": 0.3957998399999999,
            "count": 65
        },
        "DroneAgent.Policy.Beta.mean": {
            "value": 0.005000000000000001,
            "min": 0.005000000000000001,
            "max": 0.005000000000000001,
            "count": 65
        },
        "DroneAgent.Policy.Beta.sum": {
            "value": 0.005000000000000001,
            "min": 0.005000000000000001,
            "max": 0.010000000000000002,
            "count": 65
        },
        "DroneAgent.Policy.GAILPolicyEstimate.mean": {
            "value": 0.23013645609219868,
            "min": 0.17112450922528902,
            "max": 0.4962917457024256,
            "count": 65
        },
        "DroneAgent.Policy.GAILPolicyEstimate.sum": {
            "value": 0.23013645609219868,
            "min": 0.17112450922528902,
            "max": 0.4962917457024256,
            "count": 65
        },
        "DroneAgent.Policy.GAILExpertEstimate.mean": {
            "value": 0.7331557552019755,
            "min": 0.525572320818901,
            "max": 0.8248314837614695,
            "count": 65
        },
        "DroneAgent.Policy.GAILExpertEstimate.sum": {
            "value": 0.7331557552019755,
            "min": 0.525572320818901,
            "max": 1.602246061960856,
            "count": 65
        },
        "DroneAgent.Losses.GAILLoss.mean": {
            "value": 0.6543102165063223,
            "min": 0.4309193313121796,
            "max": 1.2648577253023783,
            "count": 65
        },
        "DroneAgent.Losses.GAILLoss.sum": {
            "value": 0.6543102165063223,
            "min": 0.4309193313121796,
            "max": 1.2648577253023783,
            "count": 65
        },
        "DroneAgent.Policy.GAILGradMagLoss.mean": {
            "value": 0.09877502123514811,
            "min": 0.09289172167579333,
            "max": 9.496417808532716,
            "count": 65
        },
        "DroneAgent.Policy.GAILGradMagLoss.sum": {
            "value": 0.09877502123514811,
            "min": 0.09289172167579333,
            "max": 9.496417808532716,
            "count": 65
        },
        "DroneAgent.Losses.PretrainingLoss.mean": {
            "value": 0.0,
            "min": 0.0,
            "max": 1.1232932055438007,
            "count": 65
        },
        "DroneAgent.Losses.PretrainingLoss.sum": {
            "value": 0.0,
            "min": 0.0,
            "max": 2.045504249908306,
            "count": 65
        },
        "DroneAgent.IsTraining.mean": {
            "value": 1.0,
            "min": 1.0,
            "max": 1.0,
            "count": 69
        },
        "DroneAgent.IsTraining.sum": {
            "value": 1.0,
            "min": 1.0,
            "max": 1.0,
            "count": 69
        }
    },
    "metadata": {
        "timer_format_version": "0.1.0",
        "start_time_seconds": "1696727253",
        "python_version": "3.9.13 (tags/v3.9.13:6de2ca5, May 17 2022, 16:36:42) [MSC v.1929 64 bit (AMD64)]",
        "command_line_arguments": "F:\\Unity projects\\Oblig2\\Drone_MLagents\\venv\\Scripts\\mlagents-learn config/DroneAgentNew.yaml --run-id=DroneAgentLETSGO6",
        "mlagents_version": "0.30.0",
        "mlagents_envs_version": "0.30.0",
        "communication_protocol_version": "1.5.0",