{
    "name": "root",
    "gauges": {
        "DroneAgent.Policy.Entropy.mean": {
            "value": 6.349699974060059,
            "min": 5.83950138092041,
            "max": 6.349754810333252,
            "count": 500
        },
        "DroneAgent.Policy.Entropy.sum": {
            "value": 62982.671875,
            "min": 57475.0390625,
            "max": 64834.9140625,
            "count": 500
        },
        "DroneAgent.Step.mean": {
            "value": 4999957.0,
            "min": 9936.0,
            "max": 4999957.0,
            "count": 500
        },
        "DroneAgent.Step.sum": {
            "value": 4999957.0,
            "min": 9936.0,
            "max": 4999957.0,
            "count": 500
        },
        "DroneAgent.Policy.ExtrinsicValueEstimate.mean": {
            "value": 0.6644213795661926,
            "min": 0.10548481345176697,
            "max": 0.8039705157279968,
            "count": 500
        },
        "DroneAgent.Policy.ExtrinsicValueEstimate.sum": {
            "value": 105.64299774169922,
            "min": 17.932418823242188,
            "max": 136.67498779296875,
            "count": 500
        },
        "DroneAgent.Policy.GailValueEstimate.mean": {
            "value": 0.00022813401301391423,
            "min": -0.00204838952049613,
            "max": 0.00440507847815752,
            "count": 500
        },
        "DroneAgent.Policy.GailValueEstimate.sum": {
            "value": 0.03627330809831619,
            "min": -0.33798426389694214,
            "max": 0.7400531768798828,
            "count": 500
        },
        "DroneAgent.Environment.EpisodeLength.mean": {
            "value": 1695.1666666666667,
            "min": 175.33333333333334,
            "max": 3582.0,
            "count": 500
        },
        "DroneAgent.Environment.EpisodeLength.sum": {
            "value": 10171.0,
            "min": 1088.0,
            "max": 23871.0,
            "count": 500
        },
        "DroneAgent.Environment.CumulativeReward.mean": {
            "value": 12.135338083569271,
            "min": 0.03131074189635304,
            "max": 23.919347019167617,
            "count": 500
        },
        "DroneAgent.Environment.CumulativeReward.sum": {
            "value": 72.81202850141563,
            "min": 1.502915611024946,
            "max": 173.42621875955956,
            "count": 500
        },
        "DroneAgent.Policy.ExtrinsicReward.mean": {
            "value": 12.135338083569271,
            "min": 0.03131074189635304,
            "max": 23.919347019167617,
            "count": 500
        },
        "DroneAgent.Policy.ExtrinsicReward.sum": {
            "value": 72.81202850141563,
            "min": 1.502915611024946,
            "max": 173.42621875955956,
            "count": 500
        },
        "DroneAgent.Policy.GailReward.mean": {
            "value": 0.0021128812524305505,
            "min": 9.723625150392934e-06,
            "max": 0.26706684749193155,
            "count": 500
        },
        "DroneAgent.Policy.GailReward.sum": {
            "value": 0.012677287514583302,
            "min": 2.91708754511788e-05,
            "max": 0.9369507109915438,
            "count": 500
        },
        "DroneAgent.IsTraining.mean": {
            "value": 1.0,
            "min": 1.0,
            "max": 1.0,
            "count": 500
        },
        "DroneAgent.IsTraining.sum": {
            "value": 1.0,
            "min": 1.0,
            "max": 1.0,
            "count": 500
        },
        "DroneAgent.Losses.PolicyLoss.mean": {
            "value": 0.06881598043255507,
            "min": 0.049012800335185604,
            "max": 0.11168440035544336,
            "count": 249
        },
        "DroneAgent.Losses.PolicyLoss.sum": {
            "value": 0.06881598043255507,
            "min": 0.049012800335185604,
            "max": 0.11168440035544336,
            "count": 249
        },
        "DroneAgent.Losses.ValueLoss.mean": {
            "value": 0.0032102889934321867,
            "min": 0.002847169143205974,
            "max": 0.013086421121261082,
            "count": 249
        },
        "DroneAgent.Losses.ValueLoss.sum": {
            "value": 0.0032102889934321867,
            "min": 0.002847169143205974,
            "max": 0.013086421121261082,
            "count": 249
        },
        "DroneAgent.Policy.LearningRate.mean": {
            "value": 2.920499707960045e-06,
            "min": 2.920499707960045e-06,
            "max": 0.00099623940037606,
            "count": 249
        },
        "DroneAgent.Policy.LearningRate.sum": {
            "value": 2.920499707960045e-06,
            "min": 2.920499707960045e-06,
            "max": 0.00099623940037606,
            "count": 249
        },
        "DroneAgent.Policy.Epsilon.mean": {
            "value": 0.10029204,
            "min": 0.10029204,
            "max": 0.19962394,
            "count": 249
        },
        "DroneAgent.Policy.Epsilon.sum": {
            "value": 0.10029204,
            "min": 0.10029204,
            "max": 0.19962394,
            "count": 249
        },
        "DroneAgent.Policy.Beta.mean": {
            "value": 0.01,
            "min": 0.01,
            "max": 0.01,
            "count": 249
        },
        "DroneAgent.Policy.Beta.sum": {
            "value": 0.01,
            "min": 0.01,
            "max": 0.01,
            "count": 249
        },
        "DroneAgent.Policy.GAILPolicyEstimate.mean": {
            "value": 1.3213560222347098e-05,
            "min": 1.368235050591693e-06,
            "max": 0.0002947262046745891,
            "count": 249
        },
        "DroneAgent.Policy.GAILPolicyEstimate.sum": {
            "value": 1.3213560222347098e-05,
            "min": 1.368235050591693e-06,
            "max": 0.0002947262046745891,
            "count": 249
        },
        "DroneAgent.Policy.GAILExpertEstimate.mean": {
            "value": 0.9999996185302734,
            "min": 0.9998665302991867,
            "max": 1.0,
            "count": 249
        },
        "DroneAgent.Policy.GAILExpertEstimate.sum": {
            "value": 0.9999996185302734,
            "min": 0.9998665302991867,
            "max": 1.0,
            "count": 249
        },
        "DroneAgent.Losses.GAILLoss.mean": {
            "value": 1.3686761448994389e-05,
            "min": 2.1677572910050458e-06,
            "max": 0.00032465915885495635,
            "count": 249
        },
        "DroneAgent.Losses.GAILLoss.sum": {
            "value": 1.3686761448994389e-05,
            "min": 2.1677572910050458e-06,
            "max": 0.00032465915885495635,
            "count": 249
        },
        "DroneAgent.Policy.GAILGradMagLoss.mean": {
            "value": 2.1245748143883247e-05,
            "min": 2.1245748143883247e-05,
            "max": 0.02338365493633319,
            "count": 249
        },
        "DroneAgent.Policy.GAILGradMagLoss.sum": {
            "value": 2.1245748143883247e-05,
            "min": 2.1245748143883247e-05,
            "max": 0.02338365493633319,
            "count": 249
        },
        "DroneAgent.Losses.PretrainingLoss.mean": {
            "value": 0.0,
            "min": 0.0,
            "max": 24819.310546875,
            "count": 249
        },
        "DroneAgent.Losses.PretrainingLoss.sum": {
            "value": 0.0,
            "min": 0.0,
            "max": 24819.310546875,
            "count": 249
        }
    },
    "metadata": {
        "timer_format_version": "0.1.0",
        "start_time_seconds": "1697391958",
        "python_version": "3.9.13 (tags/v3.9.13:6de2ca5, May 17 2022, 16:36:42) [MSC v.1929 64 bit (AMD64)]",
        "command_line_arguments": "F:\\Unity projects\\Oblig2\\Drone_MLagents\\venv\\Scripts\\mlagents-learn config\\DroneAgent.yaml --initialize-from=DroneAgentTrack9 --run-id=DroneAgentTrack10",
        "mlagents_version": "0.30.0",
        "mlagents_envs_version": "0.30.0",
        "communication_protocol_version": "1.5.0",