{
    "name": "root",
    "gauges": {
        "DroneAgent.Policy.Entropy.mean": {
            "value": 4.949975490570068,
            "min": 4.490128040313721,
            "max": 4.950206279754639,
            "count": 500
        },
        "DroneAgent.Policy.Entropy.sum": {
            "value": 49791.8046875,
            "min": 42677.1015625,
            "max": 50550.40625,
            "count": 500
        },
        "DroneAgent.Step.mean": {
            "value": 4999970.0,
            "min": 9984.0,
            "max": 4999970.0,
            "count": 500
        },
        "DroneAgent.Step.sum": {
            "value": 4999970.0,
            "min": 9984.0,
            "max": 4999970.0,
            "count": 500
        },
        "DroneAgent.Policy.ExtrinsicValueEstimate.mean": {
            "value": 0.3909400999546051,
            "min": 0.05754891782999039,
            "max": 0.44238078594207764,
            "count": 500
        },
        "DroneAgent.Policy.ExtrinsicValueEstimate.sum": {
            "value": 61.377593994140625,
            "min": 9.207826614379883,
            "max": 69.45378112792969,
            "count": 500
        },
        "DroneAgent.Policy.GailValueEstimate.mean": {
            "value": 0.0014991417992860079,
            "min": -0.0052347127348184586,
            "max": 0.020170846953988075,
            "count": 500
        },
        "DroneAgent.Policy.GailValueEstimate.sum": {
            "value": 0.23536527156829834,
            "min": -0.8166151642799377,
            "max": 3.1869938373565674,
            "count": 500
        },
        "DroneAgent.IsTraining.mean": {
            "value": 1.0,
            "min": 1.0,
            "max": 1.0,
            "count": 500
        },
        "DroneAgent.IsTraining.sum": {
            "value": 1.0,
            "min": 1.0,
            "max": 1.0,
            "count": 500
        },
        "DroneAgent.Losses.PolicyLoss.mean": {
            "value": 0.08353013845626264,
            "min": 0.05530185831012204,
            "max": 0.10784608973772265,
            "count": 244
        },
        "DroneAgent.Losses.PolicyLoss.sum": {
            "value": 0.08353013845626264,
            "min": 0.05530185831012204,
            "max": 0.10784608973772265,
            "count": 244
        },
        "DroneAgent.Losses.ValueLoss.mean": {
            "value": 0.0003234816069380031,
            "min": 0.00013161253427824705,
            "max": 0.002644129291002173,
            "count": 244
        },
        "DroneAgent.Losses.ValueLoss.sum": {
            "value": 0.0003234816069380031,
            "min": 0.00013161253427824705,
            "max": 0.002644129291002173,
            "count": 244
        },
        "DroneAgent.Policy.LearningRate.mean": {
            "value": 1.1324998867600333e-06,
            "min": 1.1324998867600333e-06,
            "max": 0.00099569920043008,
            "count": 244
        },
        "DroneAgent.Policy.LearningRate.sum": {
            "value": 1.1324998867600333e-06,
            "min": 1.1324998867600333e-06,
            "max": 0.00099569920043008,
            "count": 244
        },
        "DroneAgent.Policy.Epsilon.mean": {
            "value": 0.10011324000000002,
            "min": 0.10011324000000002,
            "max": 0.19956992,
            "count": 244
        },
        "DroneAgent.Policy.Epsilon.sum": {
            "value": 0.10011324000000002,
            "min": 0.10011324000000002,
            "max": 0.19956992,
            "count": 244
        },
        "DroneAgent.Policy.Beta.mean": {
            "value": 0.01,
            "min": 0.01,
            "max": 0.01,
            "count": 244
        },
        "DroneAgent.Policy.Beta.sum": {
            "value": 0.01,
            "min": 0.01,
            "max": 0.01,
            "count": 244
        },
        "DroneAgent.Policy.GAILPolicyEstimate.mean": {
            "value": 6.681339265242059e-05,
            "min": 3.1315927014929915e-05,
            "max": 0.0008343611228156078,
            "count": 244
        },
        "DroneAgent.Policy.GAILPolicyEstimate.sum": {
            "value": 6.681339265242059e-05,
            "min": 3.1315927014929915e-05,
            "max": 0.0008343611228156078,
            "count": 244
        },
        "DroneAgent.Policy.GAILExpertEstimate.mean": {
            "value": 0.9999572440981865,
            "min": 0.9995078399777413,
            "max": 0.9999679744243621,
            "count": 244
        },
        "DroneAgent.Policy.GAILExpertEstimate.sum": {
            "value": 0.9999572440981865,
            "min": 0.9995078399777413,
            "max": 0.9999679744243621,
            "count": 244
        },
        "DroneAgent.Losses.GAILLoss.mean": {
            "value": 0.00011068300145780085,
            "min": 9.380987039548927e-05,
            "max": 0.0011643135134363548,
            "count": 244
        },
        "DroneAgent.Losses.GAILLoss.sum": {
            "value": 0.00011068300145780085,
            "min": 9.380987039548927e-05,
            "max": 0.0011643135134363548,
            "count": 244
        },
        "DroneAgent.Policy.GAILGradMagLoss.mean": {
            "value": 0.0005388889854657464,
            "min": 0.0004647505033062771,
            "max": 0.004047442489536479,
            "count": 244
        },
        "DroneAgent.Policy.GAILGradMagLoss.sum": {
            "value": 0.0005388889854657464,
            "min": 0.0004647505033062771,
            "max": 0.004047442489536479,
            "count": 244
        },
        "DroneAgent.Losses.PretrainingLoss.mean": {
            "value": 0.0,
            "min": 0.0,
            "max": 755.2565488462095,
            "count": 244
        },
        "DroneAgent.Losses.PretrainingLoss.sum": {
            "value": 0.0,
            "min": 0.0,
            "max": 755.2565488462095,
            "count": 244
        },
        "DroneAgent.Environment.EpisodeLength.mean": {
            "value": 5999.0,
            "min": 460.0,
            "max": 5999.0,
            "count": 435
        },
        "DroneAgent.Environment.EpisodeLength.sum": {
            "value": 11998.0,
            "min": 460.0,
            "max": 35994.0,
            "count": 435
        },
        "DroneAgent.Environment.CumulativeReward.mean": {
            "value": 25.14570940914564,
            "min": -0.6810018417891115,
            "max": 26.471397603861988,
            "count": 436
        },
        "DroneAgent.Environment.CumulativeReward.sum": {
            "value": 50.29141881829128,
            "min": -1.362003683578223,
            "max": 136.60166119108908,
            "count": 436
        },
        "DroneAgent.Policy.ExtrinsicReward.mean": {
            "value": 25.14570940914564,
            "min": -0.6810018417891115,
            "max": 26.471397603861988,
            "count": 436
        },
        "DroneAgent.Policy.ExtrinsicReward.sum": {
            "value": 50.29141881829128,
            "min": -1.362003683578223,
            "max": 136.60166119108908,
            "count": 436
        },
        "DroneAgent.Policy.GailReward.mean": {
            "value": 0.14240795608244605,
            "min": 0.004488608918202797,
            "max": 0.986646257245313,
            "count": 436
        },
        "DroneAgent.Policy.GailReward.sum": {
            "value": 0.2848159121648921,
            "min": 0.004488608918202797,
            "max": 7.893170057962504,
            "count": 436
        }
    },
    "metadata": {
        "timer_format_version": "0.1.0",
        "start_time_seconds": "1697657144",
        "python_version": "3.9.13 (tags/v3.9.13:6de2ca5, May 17 2022, 16:36:42) [MSC v.1929 64 bit (AMD64)]",
        "command_line_arguments": "F:\\Unity projects\\Oblig2\\Drone_MLagents\\venv\\Scripts\\mlagents-learn config/DroneAgent.yaml --initialize-from=DroneAgentTrackNew7 --run-id=DroneAgentTrackNew8",
        "mlagents_version": "0.30.0",
        "mlagents_envs_version": "0.30.0",