{
    "name": "root",
    "gauges": {
        "DroneAgent.Policy.Entropy.mean": {
            "value": 11.075528144836426,
            "min": 10.339254379272461,
            "max": 11.075530052185059,
            "count": 500
        },
        "DroneAgent.Policy.Entropy.sum": {
            "value": 111176.15625,
            "min": 97271.703125,
            "max": 114858.234375,
            "count": 500
        },
        "DroneAgent.Step.mean": {
            "value": 4999962.0,
            "min": 9984.0,
            "max": 4999962.0,
            "count": 500
        },
        "DroneAgent.Step.sum": {
            "value": 4999962.0,
            "min": 9984.0,
            "max": 4999962.0,
            "count": 500
        },
        "DroneAgent.Policy.ExtrinsicValueEstimate.mean": {
            "value": 0.20104730129241943,
            "min": 0.14636115729808807,
            "max": 0.30278638005256653,
            "count": 500
        },
        "DroneAgent.Policy.ExtrinsicValueEstimate.sum": {
            "value": 31.56442642211914,
            "min": 23.27142333984375,
            "max": 48.14303207397461,
            "count": 500
        },
        "DroneAgent.Policy.GailValueEstimate.mean": {
            "value": 0.00017509364988654852,
            "min": -0.0012394436635077,
            "max": 0.019512875005602837,
            "count": 500
        },
        "DroneAgent.Policy.GailValueEstimate.sum": {
            "value": 0.02748970314860344,
            "min": -0.1945926547050476,
            "max": 3.063521385192871,
            "count": 500
        },
        "DroneAgent.IsTraining.mean": {
            "value": 1.0,
            "min": 1.0,
            "max": 1.0,
            "count": 500
        },
        "DroneAgent.IsTraining.sum": {
            "value": 1.0,
            "min": 1.0,
            "max": 1.0,
            "count": 500
        },
        "DroneAgent.Environment.EpisodeLength.mean": {
            "value": 5128.0,
            "min": 212.0,
            "max": 6999.0,
            "count": 463
        },
        "DroneAgent.Environment.EpisodeLength.sum": {
            "value": 10256.0,
            "min": 212.0,
            "max": 53538.0,
            "count": 463
        },
        "DroneAgent.Environment.CumulativeReward.mean": {
            "value": 10.16487748301006,
            "min": -0.806291401386261,
            "max": 21.375871498137712,
            "count": 463
        },
        "DroneAgent.Environment.CumulativeReward.sum": {
            "value": 20.32975496602012,
            "min": -0.806291401386261,
            "max": 147.8982275071903,
            "count": 463
        },
        "DroneAgent.Policy.ExtrinsicReward.mean": {
            "value": 10.16487748301006,
            "min": -0.806291401386261,
            "max": 21.375871498137712,
            "count": 463
        },
        "DroneAgent.Policy.ExtrinsicReward.sum": {
            "value": 20.32975496602012,
            "min": -0.806291401386261,
            "max": 147.8982275071903,
            "count": 463
        },
        "DroneAgent.Policy.GailReward.mean": {
            "value": 0.004095104289740581,
            "min": 0.00012835712666392496,
            "max": 2.9004189438777637,
            "count": 463
        },
        "DroneAgent.Policy.GailReward.sum": {
            "value": 0.008190208579481162,
            "min": 0.00012835712666392496,
            "max": 21.869478191432712,
            "count": 463
        },
        "DroneAgent.Losses.PolicyLoss.mean": {
            "value": 0.0719533111085184,
            "min": 0.05431457689992385,
            "max": 0.10951847879914567,
            "count": 245
        },
        "DroneAgent.Losses.PolicyLoss.sum": {
            "value": 0.0719533111085184,
            "min": 0.05431457689992385,
            "max": 0.10951847879914567,
            "count": 245
        },
        "DroneAgent.Losses.ValueLoss.mean": {
            "value": 0.002559011601260863,
            "min": 0.0013532191325793975,
            "max": 0.010555461182957516,
            "count": 245
        },
        "DroneAgent.Losses.ValueLoss.sum": {
            "value": 0.002559011601260863,
            "min": 0.0013532191325793975,
            "max": 0.010555461182957516,
            "count": 245
        },
        "DroneAgent.Policy.LearningRate.mean": {
            "value": 1.2620998737999854e-06,
            "min": 1.2620998737999854e-06,
            "max": 0.00099571620042838,
            "count": 245
        },
        "DroneAgent.Policy.LearningRate.sum": {
            "value": 1.2620998737999854e-06,
            "min": 1.2620998737999854e-06,
            "max": 0.00099571620042838,
            "count": 245
        },
        "DroneAgent.Policy.Epsilon.mean": {
            "value": 0.10012620000000001,
            "min": 0.10012620000000001,
            "max": 0.19957162,
            "count": 245
        },
        "DroneAgent.Policy.Epsilon.sum": {
            "value": 0.10012620000000001,
            "min": 0.10012620000000001,
            "max": 0.19957162,
            "count": 245
        },
        "DroneAgent.Policy.Beta.mean": {
            "value": 0.01,
            "min": 0.01,
            "max": 0.01,
            "count": 245
        },
        "DroneAgent.Policy.Beta.sum": {
            "value": 0.01,
            "min": 0.01,
            "max": 0.01,
            "count": 245
        },
        "DroneAgent.Policy.GAILPolicyEstimate.mean": {
            "value": 0.0001546770820858967,
            "min": 2.973489215207792e-05,
            "max": 0.007491420958831441,
            "count": 245
        },
        "DroneAgent.Policy.GAILPolicyEstimate.sum": {
            "value": 0.0001546770820858967,
            "min": 2.973489215207792e-05,
            "max": 0.007491420958831441,
            "count": 245
        },
        "DroneAgent.Policy.GAILExpertEstimate.mean": {
            "value": 0.999957175552845,
            "min": 0.9915765359997749,
            "max": 0.9999936774373055,
            "count": 245
        },
        "DroneAgent.Policy.GAILExpertEstimate.sum": {
            "value": 0.999957175552845,
            "min": 0.9915765359997749,
            "max": 0.9999936774373055,
            "count": 245
        },
        "DroneAgent.Losses.GAILLoss.mean": {
            "value": 0.00020624940848392725,
            "min": 5.1516448053234853e-05,
            "max": 0.04430239208741114,
            "count": 245
        },
        "DroneAgent.Losses.GAILLoss.sum": {
            "value": 0.00020624940848392725,
            "min": 5.1516448053234853e-05,
            "max": 0.04430239208741114,
            "count": 245
        },
        "DroneAgent.Policy.GAILGradMagLoss.mean": {
            "value": 0.0003443956860792241,
            "min": 0.00012796646060451167,
            "max": 0.010870530587271787,
            "count": 245
        },
        "DroneAgent.Policy.GAILGradMagLoss.sum": {
            "value": 0.0003443956860792241,
            "min": 0.00012796646060451167,
            "max": 0.010870530587271787,
            "count": 245
        },
        "DroneAgent.Losses.PretrainingLoss.mean": {
            "value": 0.0,
            "min": 0.0,
            "max": 562710896.5925926,
            "count": 245
        },
        "DroneAgent.Losses.PretrainingLoss.sum": {
            "value": 0.0,
            "min": 0.0,
            "max": 562710896.5925926,
            "count": 245
        }
    },
    "metadata": {
        "timer_format_version": "0.1.0",
        "start_time_seconds": "1699547121",
        "python_version": "3.9.13 (tags/v3.9.13:6de2ca5, May 17 2022, 16:36:42) [MSC v.1929 64 bit (AMD64)]",
        "command_line_arguments": "C:\\Users\\thoma\\AppData\\Local\\Programs\\Python\\Python39\\Scripts\\mlagents-learn config\\DroneAgent.yaml --initialize-from=DroneAgentMoveingTrack7 --run-id=DroneAgentFast",
        "mlagents_version": "0.30.0",
        "mlagents_envs_version": "0.30.0",