{
    "name": "root",
    "gauges": {
        "DroneAgent.Policy.Entropy.mean": {
            "value": 7.019637107849121,
            "min": 6.945565700531006,
            "max": 7.019637107849121,
            "count": 82
        },
        "DroneAgent.Policy.Entropy.sum": {
            "value": 70610.53125,
            "min": 67676.625,
            "max": 75288.546875,
            "count": 82
        },
        "DroneAgent.Step.mean": {
            "value": 819970.0,
            "min": 9992.0,
            "max": 819970.0,
            "count": 82
        },
        "DroneAgent.Step.sum": {
            "value": 819970.0,
            "min": 9992.0,
            "max": 819970.0,
            "count": 82
        },
        "DroneAgent.Policy.ExtrinsicValueEstimate.mean": {
            "value": 0.39131882786750793,
            "min": 0.07822888344526291,
            "max": 0.5943671464920044,
            "count": 82
        },
        "DroneAgent.Policy.ExtrinsicValueEstimate.sum": {
            "value": 62.61101150512695,
            "min": 12.751307487487793,
            "max": 95.09873962402344,
            "count": 82
        },
        "DroneAgent.Policy.GailValueEstimate.mean": {
            "value": 0.202962726354599,
            "min": 0.09603340178728104,
            "max": 0.28116580843925476,
            "count": 82
        },
        "DroneAgent.Policy.GailValueEstimate.sum": {
            "value": 32.474037170410156,
            "min": 15.557411193847656,
            "max": 45.83002853393555,
            "count": 82
        },
        "DroneAgent.Environment.EpisodeLength.mean": {
            "value": 692.0,
            "min": 403.8666666666667,
            "max": 1174.2222222222222,
            "count": 82
        },
        "DroneAgent.Environment.EpisodeLength.sum": {
            "value": 6920.0,
            "min": 3392.0,
            "max": 17338.0,
            "count": 82
        },
        "DroneAgent.Environment.CumulativeReward.mean": {
            "value": 2.8970126478146994,
            "min": 0.08871042156242766,
            "max": 5.146757850810536,
            "count": 82
        },
        "DroneAgent.Environment.CumulativeReward.sum": {
            "value": 28.970126478146994,
            "min": 1.3306563234364148,
            "max": 74.19996070023626,
            "count": 82
        },
        "DroneAgent.Policy.ExtrinsicReward.mean": {
            "value": 2.8970126478146994,
            "min": 0.08871042156242766,
            "max": 5.146757850810536,
            "count": 82
        },
        "DroneAgent.Policy.ExtrinsicReward.sum": {
            "value": 28.970126478146994,
            "min": 1.3306563234364148,
            "max": 74.19996070023626,
            "count": 82
        },
        "DroneAgent.Policy.GailReward.mean": {
            "value": 1.1924135955952806,
            "min": 0.3773115578816942,
            "max": 4.753043822200046,
            "count": 82
        },
        "DroneAgent.Policy.GailReward.sum": {
            "value": 11.924135955952806,
            "min": 4.443768305005506,
            "max": 66.54963634118394,
            "count": 82
        },
        "DroneAgent.IsTraining.mean": {
            "value": 1.0,
            "min": 1.0,
            "max": 1.0,
            "count": 82
        },
        "DroneAgent.IsTraining.sum": {
            "value": 1.0,
            "min": 1.0,
            "max": 1.0,
            "count": 82
        },
        "DroneAgent.Losses.PolicyLoss.mean": {
            "value": 0.07642431567655876,
            "min": 0.0636584371328354,
            "max": 0.12483825743547641,
            "count": 41
        },
        "DroneAgent.Losses.PolicyLoss.sum": {
            "value": 0.07642431567655876,
            "min": 0.0636584371328354,
            "max": 0.12483825743547641,
            "count": 41
        },
        "DroneAgent.Losses.ValueLoss.mean": {
            "value": 0.0058656726847402755,
            "min": 0.0038158353156177325,
            "max": 0.007835914648603648,
            "count": 41
        },
        "DroneAgent.Losses.ValueLoss.sum": {
            "value": 0.0058656726847402755,
            "min": 0.0038158353156177325,
            "max": 0.007835914648603648,
            "count": 41
        },
        "DroneAgent.Policy.LearningRate.mean": {
            "value": 0.0008381890161811,
            "min": 0.0008381890161811,
            "max": 0.00099605740039426,
            "count": 41
        },
        "DroneAgent.Policy.LearningRate.sum": {
            "value": 0.0008381890161811,
            "min": 0.0008381890161811,
            "max": 0.00099605740039426,
            "count": 41
        },
        "DroneAgent.Policy.Epsilon.mean": {
            "value": 0.1838189,
            "min": 0.1838189,
            "max": 0.19960574,
            "count": 41
        },
        "DroneAgent.Policy.Epsilon.sum": {
            "value": 0.1838189,
            "min": 0.1838189,
            "max": 0.19960574,
            "count": 41
        },
        "DroneAgent.Policy.Beta.mean": {
            "value": 0.01,
            "min": 0.01,
            "max": 0.01,
            "count": 41
        },
        "DroneAgent.Policy.Beta.sum": {
            "value": 0.01,
            "min": 0.01,
            "max": 0.01,
            "count": 41
        },
        "DroneAgent.Policy.GAILPolicyEstimate.mean": {
            "value": 0.1431790381669998,
            "min": 0.07725825067609549,
            "max": 0.17009446881711482,
            "count": 41
        },
        "DroneAgent.Policy.GAILPolicyEstimate.sum": {
            "value": 0.1431790381669998,
            "min": 0.07725825067609549,
            "max": 0.17009446881711482,
            "count": 41
        },
        "DroneAgent.Policy.GAILExpertEstimate.mean": {
            "value": 0.8730475038290024,
            "min": 0.8320364937186241,
            "max": 0.9236704275012017,
            "count": 41
        },
        "DroneAgent.Policy.GAILExpertEstimate.sum": {
            "value": 0.8730475038290024,
            "min": 0.8320364937186241,
            "max": 0.9236704275012017,
            "count": 41
        },
        "DroneAgent.Losses.GAILLoss.mean": {
            "value": 0.36044982746243476,
            "min": 0.18536188900470735,
            "max": 0.4400090016424656,
            "count": 41
        },
        "DroneAgent.Losses.GAILLoss.sum": {
            "value": 0.36044982746243476,
            "min": 0.18536188900470735,
            "max": 0.4400090016424656,
            "count": 41
        },
        "DroneAgent.Policy.GAILGradMagLoss.mean": {
            "value": 0.05747369350865483,
            "min": 0.054007787816226484,
            "max": 0.10592484558001161,
            "count": 41
        },
        "DroneAgent.Policy.GAILGradMagLoss.sum": {
            "value": 0.05747369350865483,
            "min": 0.054007787816226484,
            "max": 0.10592484558001161,
            "count": 41
        },
        "DroneAgent.Losses.PretrainingLoss.mean": {
            "value": 0.0,
            "min": 0.0,
            "max": 2071730.0,
            "count": 41
        },
        "DroneAgent.Losses.PretrainingLoss.sum": {
            "value": 0.0,
            "min": 0.0,
            "max": 2071730.0,
            "count": 41
        }
    },
    "metadata": {
        "timer_format_version": "0.1.0",
        "start_time_seconds": "1697467362",
        "python_version": "3.9.13 (tags/v3.9.13:6de2ca5, May 17 2022, 16:36:42) [MSC v.1929 64 bit (AMD64)]",
        "command_line_arguments": "F:\\Unity projects\\Oblig2\\Drone_MLagents\\venv\\Scripts\\mlagents-learn config\\DroneAgent.yaml --initialize-from=DroneAgentTrack12 --run-id=DroneAgentTrack13",
        "mlagents_version": "0.30.0",
        "mlagents_envs_version": "0.30.0",
        "communication_protocol_version": "1.5.0",
        "pytorch_version": "1.7.1+cu110",
        "numpy_version": "1.21.2",
        "end_time_seconds": "1697468218"
    },