{
    "name": "root",
    "gauges": {
        "DroneAgent.Policy.Entropy.mean": {
            "value": 8.180146217346191,
            "min": 7.638710021972656,
            "max": 8.180253028869629,
            "count": 500
        },
        "DroneAgent.Policy.Entropy.sum": {
            "value": 81883.265625,
            "min": 74840.703125,
            "max": 83583.7578125,
            "count": 500
        },
        "DroneAgent.Step.mean": {
            "value": 4999991.0,
            "min": 9953.0,
            "max": 4999991.0,
            "count": 500
        },
        "DroneAgent.Step.sum": {
            "value": 4999991.0,
            "min": 9953.0,
            "max": 4999991.0,
            "count": 500
        },
        "DroneAgent.Policy.ExtrinsicValueEstimate.mean": {
            "value": 0.576744019985199,
            "min": 0.3249903917312622,
            "max": 0.7258434891700745,
            "count": 500
        },
        "DroneAgent.Policy.ExtrinsicValueEstimate.sum": {
            "value": 92.85578918457031,
            "min": 52.64844512939453,
            "max": 115.40911865234375,
            "count": 500
        },
        "DroneAgent.Policy.GailValueEstimate.mean": {
            "value": 0.1024431511759758,
            "min": 0.053689081221818924,
            "max": 0.17039810121059418,
            "count": 500
        },
        "DroneAgent.Policy.GailValueEstimate.sum": {
            "value": 16.49334716796875,
            "min": 8.643941879272461,
            "max": 26.922901153564453,
            "count": 500
        },
        "DroneAgent.Environment.EpisodeLength.mean": {
            "value": 1067.3333333333333,
            "min": 479.2,
            "max": 3975.6666666666665,
            "count": 500
        },
        "DroneAgent.Environment.EpisodeLength.sum": {
            "value": 9606.0,
            "min": 1485.0,
            "max": 23059.0,
            "count": 500
        },
        "DroneAgent.Environment.CumulativeReward.mean": {
            "value": 6.222316459018556,
            "min": 1.514283365885993,
            "max": 19.999533921053324,
            "count": 500
        },
        "DroneAgent.Environment.CumulativeReward.sum": {
            "value": 56.000848131167004,
            "min": 8.286658742523286,
            "max": 126.20373807700526,
            "count": 500
        },
        "DroneAgent.Policy.ExtrinsicReward.mean": {
            "value": 6.222316459018556,
            "min": 1.514283365885993,
            "max": 19.999533921053324,
            "count": 500
        },
        "DroneAgent.Policy.ExtrinsicReward.sum": {
            "value": 56.000848131167004,
            "min": 8.286658742523286,
            "max": 126.20373807700526,
            "count": 500
        },
        "DroneAgent.Policy.GailReward.mean": {
            "value": 0.9963898352480101,
            "min": 0.3258849695632762,
            "max": 4.463960386281542,
            "count": 500
        },
        "DroneAgent.Policy.GailReward.sum": {
            "value": 8.96750851723209,
            "min": 1.3062944543125639,
            "max": 32.13253626662495,
            "count": 500
        },
        "DroneAgent.IsTraining.mean": {
            "value": 1.0,
            "min": 1.0,
            "max": 1.0,
            "count": 500
        },
        "DroneAgent.IsTraining.sum": {
            "value": 1.0,
            "min": 1.0,
            "max": 1.0,
            "count": 500
        },
        "DroneAgent.Losses.PolicyLoss.mean": {
            "value": 0.08810648466751445,
            "min": 0.058978410674899354,
            "max": 0.11176624265499413,
            "count": 248
        },
        "DroneAgent.Losses.PolicyLoss.sum": {
            "value": 0.08810648466751445,
            "min": 0.058978410674899354,
            "max": 0.11176624265499413,
            "count": 248
        },
        "DroneAgent.Losses.ValueLoss.mean": {
            "value": 0.005317405768437311,
            "min": 0.0030797402723692358,
            "max": 0.008577723579946905,
            "count": 248
        },
        "DroneAgent.Losses.ValueLoss.sum": {
            "value": 0.005317405768437311,
            "min": 0.0030797402723692358,
            "max": 0.008577723579946905,
            "count": 248
        },
        "DroneAgent.Policy.LearningRate.mean": {
            "value": 3.6194996380600504e-06,
            "min": 3.6194996380600504e-06,
            "max": 0.0009959596004040399,
            "count": 248
        },
        "DroneAgent.Policy.LearningRate.sum": {
            "value": 3.6194996380600504e-06,
            "min": 3.6194996380600504e-06,
            "max": 0.0009959596004040399,
            "count": 248
        },
        "DroneAgent.Policy.Epsilon.mean": {
            "value": 0.10036194000000001,
            "min": 0.10036194000000001,
            "max": 0.19959596000000002,
            "count": 248
        },
        "DroneAgent.Policy.Epsilon.sum": {
            "value": 0.10036194000000001,
            "min": 0.10036194000000001,
            "max": 0.19959596000000002,
            "count": 248
        },
        "DroneAgent.Policy.Beta.mean": {
            "value": 0.01,
            "min": 0.01,
            "max": 0.01,
            "count": 248
        },
        "DroneAgent.Policy.Beta.sum": {
            "value": 0.01,
            "min": 0.01,
            "max": 0.01,
            "count": 248
        },
        "DroneAgent.Policy.GAILPolicyEstimate.mean": {
            "value": 0.05162201002240181,
            "min": 0.03808169262483716,
            "max": 0.09092285530641675,
            "count": 248
        },
        "DroneAgent.Policy.GAILPolicyEstimate.sum": {
            "value": 0.05162201002240181,
            "min": 0.03808169262483716,
            "max": 0.09092285530641675,
            "count": 248
        },
        "DroneAgent.Policy.GAILExpertEstimate.mean": {
            "value": 0.9582138285040855,
            "min": 0.9232758983969689,
            "max": 0.9669789701700211,
            "count": 248
        },
        "DroneAgent.Policy.GAILExpertEstimate.sum": {
            "value": 0.9582138285040855,
            "min": 0.9232758983969689,
            "max": 0.9669789701700211,
            "count": 248
        },
        "DroneAgent.Losses.GAILLoss.mean": {
            "value": 0.13758315108716487,
            "min": 0.0957057097926736,
            "max": 0.23613093085587025,
            "count": 248
        },
        "DroneAgent.Losses.GAILLoss.sum": {
            "value": 0.13758315108716487,
            "min": 0.0957057097926736,
            "max": 0.23613093085587025,
            "count": 248
        },
        "DroneAgent.Policy.GAILGradMagLoss.mean": {
            "value": 0.035526915453374386,
            "min": 0.02501039137132466,
            "max": 0.063739965390414,
            "count": 248
        },
        "DroneAgent.Policy.GAILGradMagLoss.sum": {
            "value": 0.035526915453374386,
            "min": 0.02501039137132466,
            "max": 0.063739965390414,
            "count": 248
        },
        "DroneAgent.Losses.PretrainingLoss.mean": {
            "value": 0.0,
            "min": 0.0,
            "max": 27607401.111111112,
            "count": 248
        },
        "DroneAgent.Losses.PretrainingLoss.sum": {
            "value": 0.0,
            "min": 0.0,
            "max": 27607401.111111112,
            "count": 248
        }
    },
    "metadata": {
        "timer_format_version": "0.1.0",
        "start_time_seconds": "1697450732",
        "python_version": "3.9.13 (tags/v3.9.13:6de2ca5, May 17 2022, 16:36:42) [MSC v.1929 64 bit (AMD64)]",
        "command_line_arguments": "F:\\Unity projects\\Oblig2\\Drone_MLagents\\venv\\Scripts\\mlagents-learn config\\DroneAgent.yaml --initialize-from=DroneAgentTrackFast1 --run-id=DroneAgentTrackFast2",
        "mlagents_version": "0.30.0",
        "mlagents_envs_version": "0.30.0",