{
    "name": "root",
    "gauges": {
        "DroneAgent.Policy.Entropy.mean": {
            "value": 5.890018939971924,
            "min": 5.739649295806885,
            "max": 5.890018939971924,
            "count": 500
        },
        "DroneAgent.Policy.Entropy.sum": {
            "value": 58258.1796875,
            "min": 54757.265625,
            "max": 62745.52734375,
            "count": 500
        },
        "DroneAgent.Step.mean": {
            "value": 4999941.0,
            "min": 9984.0,
            "max": 4999941.0,
            "count": 500
        },
        "DroneAgent.Step.sum": {
            "value": 4999941.0,
            "min": 9984.0,
            "max": 4999941.0,
            "count": 500
        },
        "DroneAgent.Policy.ExtrinsicValueEstimate.mean": {
            "value": 1.1578619480133057,
            "min": -0.25761327147483826,
            "max": 1.269120216369629,
            "count": 500
        },
        "DroneAgent.Policy.ExtrinsicValueEstimate.sum": {
            "value": 192.205078125,
            "min": -43.02141571044922,
            "max": 211.94308471679688,
            "count": 500
        },
        "DroneAgent.Policy.GailValueEstimate.mean": {
            "value": 0.0015734897460788488,
            "min": -0.0028010348323732615,
            "max": 0.025596151128411293,
            "count": 500
        },
        "DroneAgent.Policy.GailValueEstimate.sum": {
            "value": 0.26119929552078247,
            "min": -0.47006040811538696,
            "max": 4.325749397277832,
            "count": 500
        },
        "DroneAgent.IsTraining.mean": {
            "value": 1.0,
            "min": 1.0,
            "max": 1.0,
            "count": 500
        },
        "DroneAgent.IsTraining.sum": {
            "value": 1.0,
            "min": 1.0,
            "max": 1.0,
            "count": 500
        },
        "DroneAgent.Environment.EpisodeLength.mean": {
            "value": 599.0,
            "min": 518.6111111111111,
            "max": 599.0,
            "count": 498
        },
        "DroneAgent.Environment.EpisodeLength.sum": {
            "value": 10183.0,
            "min": 4936.0,
            "max": 12579.0,
            "count": 498
        },
        "DroneAgent.Environment.CumulativeReward.mean": {
            "value": 7.718165673753795,
            "min": -3.483521345016711,
            "max": 8.290709855692352,
            "count": 499
        },
        "DroneAgent.Environment.CumulativeReward.sum": {
            "value": 131.2088164538145,
            "min": -59.99015033058822,
            "max": 170.7502647973597,
            "count": 499
        },
        "DroneAgent.Policy.ExtrinsicReward.mean": {
            "value": 7.718165673753795,
            "min": -3.483521345016711,
            "max": 8.290709855692352,
            "count": 499
        },
        "DroneAgent.Policy.ExtrinsicReward.sum": {
            "value": 131.2088164538145,
            "min": -59.99015033058822,
            "max": 170.7502647973597,
            "count": 499
        },
        "DroneAgent.Policy.GailReward.mean": {
            "value": 0.0008900091655079395,
            "min": 1.5820596433889655e-06,
            "max": 0.2531619261630404,
            "count": 499
        },
        "DroneAgent.Policy.GailReward.sum": {
            "value": 0.015130155813634971,
            "min": 2.8477073581001378e-05,
            "max": 4.810076597097767,
            "count": 499
        },
        "DroneAgent.Losses.PolicyLoss.mean": {
            "value": 0.0766175780678168,
            "min": 0.058055500348564236,
            "max": 0.11649856807489414,
            "count": 259
        },
        "DroneAgent.Losses.PolicyLoss.sum": {
            "value": 0.0766175780678168,
            "min": 0.058055500348564236,
            "max": 0.11649856807489414,
            "count": 259
        },
        "DroneAgent.Losses.ValueLoss.mean": {
            "value": 0.003336095134727657,
            "min": 0.0013201597903389484,
            "max": 0.01779710832051933,
            "count": 259
        },
        "DroneAgent.Losses.ValueLoss.sum": {
            "value": 0.003336095134727657,
            "min": 0.0013201597903389484,
            "max": 0.01779710832051933,
            "count": 259
        },
        "DroneAgent.Policy.LearningRate.mean": {
            "value": 1.0534998946599822e-06,
            "min": 1.0534998946599822e-06,
            "max": 0.00099586720041328,
            "count": 259
        },
        "DroneAgent.Policy.LearningRate.sum": {
            "value": 1.0534998946599822e-06,
            "min": 1.0534998946599822e-06,
            "max": 0.00099586720041328,
            "count": 259
        },
        "DroneAgent.Policy.Epsilon.mean": {
            "value": 0.10010534,
            "min": 0.10010534,
            "max": 0.19958672,
            "count": 259
        },
        "DroneAgent.Policy.Epsilon.sum": {
            "value": 0.10010534,
            "min": 0.10010534,
            "max": 0.19958672,
            "count": 259
        },
        "DroneAgent.Policy.Beta.mean": {
            "value": 0.01,
            "min": 0.01,
            "max": 0.01,
            "count": 259
        },
        "DroneAgent.Policy.Beta.sum": {
            "value": 0.01,
            "min": 0.01,
            "max": 0.01,
            "count": 259
        },
        "DroneAgent.Policy.GAILPolicyEstimate.mean": {
            "value": 0.0001765534254233536,
            "min": 1.7235067991450136e-06,
            "max": 0.0004394178641376811,
            "count": 259
        },
        "DroneAgent.Policy.GAILPolicyEstimate.sum": {
            "value": 0.0001765534254233536,
            "min": 1.7235067991450136e-06,
            "max": 0.0004394178641376811,
            "count": 259
        },
        "DroneAgent.Policy.GAILExpertEstimate.mean": {
            "value": 0.9999955758452416,
            "min": 0.9998651534318924,
            "max": 0.9999999985098839,
            "count": 259
        },
        "DroneAgent.Policy.GAILExpertEstimate.sum": {
            "value": 0.9999955758452416,
            "min": 0.9998651534318924,
            "max": 0.9999999985098839,
            "count": 259
        },
        "DroneAgent.Losses.GAILLoss.mean": {
            "value": 0.0001888083922718664,
            "min": 1.8169217905317226e-06,
            "max": 0.0005171520336034518,
            "count": 259
        },
        "DroneAgent.Losses.GAILLoss.sum": {
            "value": 0.0001888083922718664,
            "min": 1.8169217905317226e-06,
            "max": 0.0005171520336034518,
            "count": 259
        },
        "DroneAgent.Policy.GAILGradMagLoss.mean": {
            "value": 0.00017643975220380526,
            "min": 4.117782600587816e-05,
            "max": 0.052993110000170415,
            "count": 259
        },
        "DroneAgent.Policy.GAILGradMagLoss.sum": {
            "value": 0.00017643975220380526,
            "min": 4.117782600587816e-05,
            "max": 0.052993110000170415,
            "count": 259
        },
        "DroneAgent.Losses.PretrainingLoss.mean": {
            "value": 0.0,
            "min": 0.0,
            "max": 18980.498524305556,
            "count": 259
        },
        "DroneAgent.Losses.PretrainingLoss.sum": {
            "value": 0.0,
            "min": 0.0,
            "max": 18980.498524305556,
            "count": 259
        }
    },
    "metadata": {
        "timer_format_version": "0.1.0",
        "start_time_seconds": "1700092443",
        "python_version": "3.9.13 (tags/v3.9.13:6de2ca5, May 17 2022, 16:36:42) [MSC v.1929 64 bit (AMD64)]",
        "command_line_arguments": "C:\\Users\\thoma\\AppData\\Local\\Programs\\Python\\Python39\\Scripts\\mlagents-learn config\\DroneAgent.yaml --initialize-from=DroneAgentMG10 --run-id=DroneAgentMG11",
        "mlagents_version": "0.30.0",
        "mlagents_envs_version": "0.30.0",