{
    "name": "root",
    "gauges": {
        "DroneAgent.Policy.Entropy.mean": {
            "value": 8.387895584106445,
            "min": 7.9136433601379395,
            "max": 8.387895584106445,
            "count": 500
        },
        "DroneAgent.Policy.Entropy.sum": {
            "value": 84197.6953125,
            "min": 74451.5546875,
            "max": 86278.015625,
            "count": 500
        },
        "DroneAgent.Step.mean": {
            "value": 4999988.0,
            "min": 9972.0,
            "max": 4999988.0,
            "count": 500
        },
        "DroneAgent.Step.sum": {
            "value": 4999988.0,
            "min": 9972.0,
            "max": 4999988.0,
            "count": 500
        },
        "DroneAgent.Policy.ExtrinsicValueEstimate.mean": {
            "value": -0.14691203832626343,
            "min": -0.3136993944644928,
            "max": 0.2923923432826996,
            "count": 500
        },
        "DroneAgent.Policy.ExtrinsicValueEstimate.sum": {
            "value": -23.3590145111084,
            "min": -49.878204345703125,
            "max": 48.82952117919922,
            "count": 500
        },
        "DroneAgent.Policy.GailValueEstimate.mean": {
            "value": 0.0006421271245926619,
            "min": -0.002846289426088333,
            "max": 0.007995497435331345,
            "count": 500
        },
        "DroneAgent.Policy.GailValueEstimate.sum": {
            "value": 0.10209821164608002,
            "min": -0.4554063081741333,
            "max": 1.2632886171340942,
            "count": 500
        },
        "DroneAgent.Environment.EpisodeLength.mean": {
            "value": 1105.6,
            "min": 499.0,
            "max": 1499.0,
            "count": 498
        },
        "DroneAgent.Environment.EpisodeLength.sum": {
            "value": 5528.0,
            "min": 499.0,
            "max": 30479.0,
            "count": 498
        },
        "DroneAgent.Environment.CumulativeReward.mean": {
            "value": -2.3572401240468026,
            "min": -9.114057749509811,
            "max": 2.126772021253904,
            "count": 499
        },
        "DroneAgent.Environment.CumulativeReward.sum": {
            "value": -11.786200620234013,
            "min": -48.94998066453263,
            "max": 6.380316063761711,
            "count": 499
        },
        "DroneAgent.Policy.ExtrinsicReward.mean": {
            "value": -2.3572401240468026,
            "min": -9.114057749509811,
            "max": 2.126772021253904,
            "count": 499
        },
        "DroneAgent.Policy.ExtrinsicReward.sum": {
            "value": -11.786200620234013,
            "min": -48.94998066453263,
            "max": 6.380316063761711,
            "count": 499
        },
        "DroneAgent.Policy.GailReward.mean": {
            "value": 0.0019717912351751242,
            "min": 1.5098120025314188e-06,
            "max": 0.17134809413382052,
            "count": 499
        },
        "DroneAgent.Policy.GailReward.sum": {
            "value": 0.009858956175875622,
            "min": 1.5098120025314188e-06,
            "max": 2.398873317873487,
            "count": 499
        },
        "DroneAgent.IsTraining.mean": {
            "value": 1.0,
            "min": 1.0,
            "max": 1.0,
            "count": 500
        },
        "DroneAgent.IsTraining.sum": {
            "value": 1.0,
            "min": 1.0,
            "max": 1.0,
            "count": 500
        },
        "DroneAgent.Losses.PolicyLoss.mean": {
            "value": 0.09682756741531193,
            "min": 0.060632051737047735,
            "max": 0.13118883580900728,
            "count": 248
        },
        "DroneAgent.Losses.PolicyLoss.sum": {
            "value": 0.09682756741531193,
            "min": 0.060632051737047735,
            "max": 0.13118883580900728,
            "count": 248
        },
        "DroneAgent.Losses.ValueLoss.mean": {
            "value": 0.0033678314415737987,
            "min": 0.002668118162546307,
            "max": 0.005676218622829765,
            "count": 248
        },
        "DroneAgent.Losses.ValueLoss.sum": {
            "value": 0.0033678314415737987,
            "min": 0.002668118162546307,
            "max": 0.005676218622829765,
            "count": 248
        },
        "DroneAgent.Policy.LearningRate.mean": {
            "value": 2.54829974518e-06,
            "min": 2.54829974518e-06,
            "max": 0.0009957040004296,
            "count": 248
        },
        "DroneAgent.Policy.LearningRate.sum": {
            "value": 2.54829974518e-06,
            "min": 2.54829974518e-06,
            "max": 0.0009957040004296,
            "count": 248
        },
        "DroneAgent.Policy.Epsilon.mean": {
            "value": 0.10025482000000001,
            "min": 0.10025482000000001,
            "max": 0.1995704,
            "count": 248
        },
        "DroneAgent.Policy.Epsilon.sum": {
            "value": 0.10025482000000001,
            "min": 0.10025482000000001,
            "max": 0.1995704,
            "count": 248
        },
        "DroneAgent.Policy.Beta.mean": {
            "value": 0.01,
            "min": 0.01,
            "max": 0.01,
            "count": 248
        },
        "DroneAgent.Policy.Beta.sum": {
            "value": 0.01,
            "min": 0.01,
            "max": 0.01,
            "count": 248
        },
        "DroneAgent.Policy.GAILPolicyEstimate.mean": {
            "value": 8.552410603996918e-05,
            "min": 1.8908473671075398e-05,
            "max": 0.0018686742283307467,
            "count": 248
        },
        "DroneAgent.Policy.GAILPolicyEstimate.sum": {
            "value": 8.552410603996918e-05,
            "min": 1.8908473671075398e-05,
            "max": 0.0018686742283307467,
            "count": 248
        },
        "DroneAgent.Policy.GAILExpertEstimate.mean": {
            "value": 0.9999899119138718,
            "min": 0.9998268887400628,
            "max": 0.9999999746680259,
            "count": 248
        },
        "DroneAgent.Policy.GAILExpertEstimate.sum": {
            "value": 0.9999899119138718,
            "min": 0.9998268887400628,
            "max": 0.9999999746680259,
            "count": 248
        },
        "DroneAgent.Losses.GAILLoss.mean": {
            "value": 9.890657753430787e-05,
            "min": 2.1766942688827838e-05,
            "max": 0.002333375737953247,
            "count": 248
        },
        "DroneAgent.Losses.GAILLoss.sum": {
            "value": 9.890657753430787e-05,
            "min": 2.1766942688827838e-05,
            "max": 0.002333375737953247,
            "count": 248
        },
        "DroneAgent.Policy.GAILGradMagLoss.mean": {
            "value": 0.00016410297857873956,
            "min": 8.531024504918606e-05,
            "max": 0.031200377232926256,
            "count": 248
        },
        "DroneAgent.Policy.GAILGradMagLoss.sum": {
            "value": 0.00016410297857873956,
            "min": 8.531024504918606e-05,
            "max": 0.031200377232926256,
            "count": 248
        },
        "DroneAgent.Losses.PretrainingLoss.mean": {
            "value": 0.0,
            "min": 0.0,
            "max": 459659517.15555555,
            "count": 248
        },
        "DroneAgent.Losses.PretrainingLoss.sum": {
            "value": 0.0,
            "min": 0.0,
            "max": 459659517.15555555,
            "count": 248
        }
    },
    "metadata": {
        "timer_format_version": "0.1.0",
        "start_time_seconds": "1700022739",
        "python_version": "3.9.13 (tags/v3.9.13:6de2ca5, May 17 2022, 16:36:42) [MSC v.1929 64 bit (AMD64)]",
        "command_line_arguments": "C:\\Users\\thoma\\AppData\\Local\\Programs\\Python\\Python39\\Scripts\\mlagents-learn config\\DroneAgent.yaml --initialize-from=DroneAgentMG10 --run-id=DroneAgentMG11",
        "mlagents_version": "0.30.0",
        "mlagents_envs_version": "0.30.0",