{
    "name": "root",
    "gauges": {
        "DroneAgent.Policy.Entropy.mean": {
            "value": 0.9399492144584656,
            "min": 0.899188756942749,
            "max": 1.117737889289856,
            "count": 500
        },
        "DroneAgent.Policy.Entropy.sum": {
            "value": 9399.4921875,
            "min": 8955.763671875,
            "max": 12071.0302734375,
            "count": 500
        },
        "DroneAgent.Step.mean": {
            "value": 4999988.0,
            "min": 9948.0,
            "max": 4999988.0,
            "count": 500
        },
        "DroneAgent.Step.sum": {
            "value": 4999988.0,
            "min": 9948.0,
            "max": 4999988.0,
            "count": 500
        },
        "DroneAgent.Policy.ExtrinsicValueEstimate.mean": {
            "value": 3.23193359375,
            "min": 0.09638945758342743,
            "max": 3.3142151832580566,
            "count": 500
        },
        "DroneAgent.Policy.ExtrinsicValueEstimate.sum": {
            "value": 517.109375,
            "min": 15.518702507019043,
            "max": 530.3109130859375,
            "count": 500
        },
        "DroneAgent.Policy.GailValueEstimate.mean": {
            "value": 0.8643409609794617,
            "min": 0.5202053189277649,
            "max": 28.238183975219727,
            "count": 500
        },
        "DroneAgent.Policy.GailValueEstimate.sum": {
            "value": 138.2945556640625,
            "min": 83.23284912109375,
            "max": 4518.109375,
            "count": 500
        },
        "DroneAgent.Environment.EpisodeLength.mean": {
            "value": 499.0,
            "min": 465.1818181818182,
            "max": 500.0,
            "count": 499
        },
        "DroneAgent.Environment.EpisodeLength.sum": {
            "value": 9980.0,
            "min": 9397.0,
            "max": 10848.0,
            "count": 499
        },
        "DroneAgent.Environment.CumulativeReward.mean": {
            "value": 16.725621127337217,
            "min": -1.5891737720929087,
            "max": 17.536782244592906,
            "count": 500
        },
        "DroneAgent.Environment.CumulativeReward.sum": {
            "value": 334.51242254674435,
            "min": -31.783475441858172,
            "max": 359.642173178494,
            "count": 500
        },
        "DroneAgent.Policy.ExtrinsicReward.mean": {
            "value": 16.725621127337217,
            "min": -1.5891737720929087,
            "max": 17.536782244592906,
            "count": 500
        },
        "DroneAgent.Policy.ExtrinsicReward.sum": {
            "value": 334.51242254674435,
            "min": -31.783475441858172,
            "max": 359.642173178494,
            "count": 500
        },
        "DroneAgent.Policy.GailReward.mean": {
            "value": 3.564885024475484,
            "min": 2.3038570048299105,
            "max": 339.22507198820756,
            "count": 500
        },
        "DroneAgent.Policy.GailReward.sum": {
            "value": 71.29770048950968,
            "min": 13.500967383384705,
            "max": 6784.501439764152,
            "count": 500
        },
        "DroneAgent.IsTraining.mean": {
            "value": 1.0,
            "min": 1.0,
            "max": 1.0,
            "count": 500
        },
        "DroneAgent.IsTraining.sum": {
            "value": 1.0,
            "min": 1.0,
            "max": 1.0,
            "count": 500
        },
        "DroneAgent.Losses.PolicyLoss.mean": {
            "value": 0.08304135806574778,
            "min": 0.05798090655298438,
            "max": 0.1368694865552243,
            "count": 248
        },
        "DroneAgent.Losses.PolicyLoss.sum": {
            "value": 0.08304135806574778,
            "min": 0.05798090655298438,
            "max": 0.1368694865552243,
            "count": 248
        },
        "DroneAgent.Losses.ValueLoss.mean": {
            "value": 0.10978769781067968,
            "min": 0.032992901559919116,
            "max": 27.39935956001282,
            "count": 248
        },
        "DroneAgent.Losses.ValueLoss.sum": {
            "value": 0.10978769781067968,
            "min": 0.032992901559919116,
            "max": 27.39935956001282,
            "count": 248
        },
        "DroneAgent.Policy.LearningRate.mean": {
            "value": 2.4744997525599876e-06,
            "min": 2.4744997525599876e-06,
            "max": 0.0009957440004255999,
            "count": 248
        },
        "DroneAgent.Policy.LearningRate.sum": {
            "value": 2.4744997525599876e-06,
            "min": 2.4744997525599876e-06,
            "max": 0.0009957440004255999,
            "count": 248
        },
        "DroneAgent.Policy.Epsilon.mean": {
            "value": 0.10024744000000001,
            "min": 0.10024744000000001,
            "max": 0.1995744,
            "count": 248
        },
        "DroneAgent.Policy.Epsilon.sum": {
            "value": 0.10024744000000001,
            "min": 0.10024744000000001,
            "max": 0.1995744,
            "count": 248
        },
        "DroneAgent.Policy.Beta.mean": {
            "value": 0.01,
            "min": 0.01,
            "max": 0.01,
            "count": 248
        },
        "DroneAgent.Policy.Beta.sum": {
            "value": 0.01,
            "min": 0.01,
            "max": 0.01,
            "count": 248
        },
        "DroneAgent.Policy.GAILPolicyEstimate.mean": {
            "value": 0.027822867035865784,
            "min": 0.02252482840558514,
            "max": 0.1929002745077014,
            "count": 248
        },
        "DroneAgent.Policy.GAILPolicyEstimate.sum": {
            "value": 0.027822867035865784,
            "min": 0.02252482840558514,
            "max": 0.1929002745077014,
            "count": 248
        },
        "DroneAgent.Policy.GAILExpertEstimate.mean": {
            "value": 0.9757772088050842,
            "min": 0.8152783170342446,
            "max": 0.9827030554413796,
            "count": 248
        },
        "DroneAgent.Policy.GAILExpertEstimate.sum": {
            "value": 0.9757772088050842,
            "min": 0.8152783170342446,
            "max": 0.9827030554413796,
            "count": 248
        },
        "DroneAgent.Losses.GAILLoss.mean": {
            "value": 0.059380831010639665,
            "min": 0.04709934778511524,
            "max": 0.6043605342507362,
            "count": 248
        },
        "DroneAgent.Losses.GAILLoss.sum": {
            "value": 0.059380831010639665,
            "min": 0.04709934778511524,
            "max": 0.6043605342507362,
            "count": 248
        },
        "DroneAgent.Policy.GAILGradMagLoss.mean": {
            "value": 0.033651970280334356,
            "min": 0.017466512718237938,
            "max": 0.055646354984492066,
            "count": 248
        },
        "DroneAgent.Policy.GAILGradMagLoss.sum": {
            "value": 0.033651970280334356,
            "min": 0.017466512718237938,
            "max": 0.055646354984492066,
            "count": 248
        },
        "DroneAgent.Losses.PretrainingLoss.mean": {
            "value": 0.0,
            "min": 0.0,
            "max": 1.587769414439346,
            "count": 248
        },
        "DroneAgent.Losses.PretrainingLoss.sum": {
            "value": 0.0,
            "min": 0.0,
            "max": 1.587769414439346,
            "count": 248
        }
    },
    "metadata": {
        "timer_format_version": "0.1.0",
        "start_time_seconds": "1699620978",
        "python_version": "3.9.13 (tags/v3.9.13:6de2ca5, May 17 2022, 16:36:42) [MSC v.1929 64 bit (AMD64)]",
        "command_line_arguments": "C:\\Users\\thoma\\AppData\\Local\\Programs\\Python\\Python39\\Scripts\\mlagents-learn config\\DroneAgent.yaml --initialize-from=DroneAgentNew3 --run-id=DroneAgentNew4",
        "mlagents_version": "0.30.0",
        "mlagents_envs_version": "0.30.0",
        "communication_protocol_version": "1.5.0",