{
    "name": "root",
    "gauges": {
        "DroneAgent.Policy.Entropy.mean": {
            "value": 5.5456671714782715,
            "min": 4.962989330291748,
            "max": 5.5456671714782715,
            "count": 500
        },
        "DroneAgent.Policy.Entropy.sum": {
            "value": 55434.48828125,
            "min": 46730.7890625,
            "max": 57227.00390625,
            "count": 500
        },
        "DroneAgent.Step.mean": {
            "value": 4999970.0,
            "min": 9984.0,
            "max": 4999970.0,
            "count": 500
        },
        "DroneAgent.Step.sum": {
            "value": 4999970.0,
            "min": 9984.0,
            "max": 4999970.0,
            "count": 500
        },
        "DroneAgent.Policy.ExtrinsicValueEstimate.mean": {
            "value": 0.22472570836544037,
            "min": 0.14414352178573608,
            "max": 0.35274383425712585,
            "count": 500
        },
        "DroneAgent.Policy.ExtrinsicValueEstimate.sum": {
            "value": 35.28193664550781,
            "min": 22.774677276611328,
            "max": 55.38078308105469,
            "count": 500
        },
        "DroneAgent.Policy.GailValueEstimate.mean": {
            "value": 0.004185425583273172,
            "min": -0.004015056416392326,
            "max": 0.02132691629230976,
            "count": 500
        },
        "DroneAgent.Policy.GailValueEstimate.sum": {
            "value": 0.6571118235588074,
            "min": -0.6343789100646973,
            "max": 3.36965274810791,
            "count": 500
        },
        "DroneAgent.IsTraining.mean": {
            "value": 1.0,
            "min": 1.0,
            "max": 1.0,
            "count": 500
        },
        "DroneAgent.IsTraining.sum": {
            "value": 1.0,
            "min": 1.0,
            "max": 1.0,
            "count": 500
        },
        "DroneAgent.Environment.EpisodeLength.mean": {
            "value": 3166.0,
            "min": 560.0,
            "max": 5999.0,
            "count": 464
        },
        "DroneAgent.Environment.EpisodeLength.sum": {
            "value": 3166.0,
            "min": 560.0,
            "max": 36947.0,
            "count": 464
        },
        "DroneAgent.Environment.CumulativeReward.mean": {
            "value": 8.270342559670098,
            "min": -2.5678279860294424,
            "max": 20.327269597444683,
            "count": 464
        },
        "DroneAgent.Environment.CumulativeReward.sum": {
            "value": 8.270342559670098,
            "min": -5.135655972058885,
            "max": 78.88121616846183,
            "count": 464
        },
        "DroneAgent.Policy.ExtrinsicReward.mean": {
            "value": 8.270342559670098,
            "min": -2.5678279860294424,
            "max": 20.327269597444683,
            "count": 464
        },
        "DroneAgent.Policy.ExtrinsicReward.sum": {
            "value": 8.270342559670098,
            "min": -5.135655972058885,
            "max": 78.88121616846183,
            "count": 464
        },
        "DroneAgent.Policy.GailReward.mean": {
            "value": 0.17637394955719055,
            "min": 0.003828912676556495,
            "max": 3.375635649164233,
            "count": 464
        },
        "DroneAgent.Policy.GailReward.sum": {
            "value": 0.17637394955719055,
            "min": 0.003828912676556495,
            "max": 4.172602805064969,
            "count": 464
        },
        "DroneAgent.Losses.PolicyLoss.mean": {
            "value": 0.08584102164604701,
            "min": 0.05888160783215426,
            "max": 0.11561196469701826,
            "count": 244
        },
        "DroneAgent.Losses.PolicyLoss.sum": {
            "value": 0.08584102164604701,
            "min": 0.05888160783215426,
            "max": 0.11561196469701826,
            "count": 244
        },
        "DroneAgent.Losses.ValueLoss.mean": {
            "value": 0.004355038111680187,
            "min": 0.0027550257742404937,
            "max": 0.006178158818511292,
            "count": 244
        },
        "DroneAgent.Losses.ValueLoss.sum": {
            "value": 0.004355038111680187,
            "min": 0.0027550257742404937,
            "max": 0.006178158818511292,
            "count": 244
        },
        "DroneAgent.Policy.LearningRate.mean": {
            "value": 2.853899714620017e-06,
            "min": 2.853899714620017e-06,
            "max": 0.00099570220042978,
            "count": 244
        },
        "DroneAgent.Policy.LearningRate.sum": {
            "value": 2.853899714620017e-06,
            "min": 2.853899714620017e-06,
            "max": 0.00099570220042978,
            "count": 244
        },
        "DroneAgent.Policy.Epsilon.mean": {
            "value": 0.10028538000000001,
            "min": 0.10028538000000001,
            "max": 0.19957022000000002,
            "count": 244
        },
        "DroneAgent.Policy.Epsilon.sum": {
            "value": 0.10028538000000001,
            "min": 0.10028538000000001,
            "max": 0.19957022000000002,
            "count": 244
        },
        "DroneAgent.Policy.Beta.mean": {
            "value": 0.01,
            "min": 0.01,
            "max": 0.01,
            "count": 244
        },
        "DroneAgent.Policy.Beta.sum": {
            "value": 0.01,
            "min": 0.01,
            "max": 0.01,
            "count": 244
        },
        "DroneAgent.Policy.GAILPolicyEstimate.mean": {
            "value": 0.0002776460261657121,
            "min": 5.007767718083756e-05,
            "max": 0.00690556893693497,
            "count": 244
        },
        "DroneAgent.Policy.GAILPolicyEstimate.sum": {
            "value": 0.0002776460261657121,
            "min": 5.007767718083756e-05,
            "max": 0.00690556893693497,
            "count": 244
        },
        "DroneAgent.Policy.GAILExpertEstimate.mean": {
            "value": 0.9999788880348206,
            "min": 0.9991110175848007,
            "max": 0.9999995857477189,
            "count": 244
        },
        "DroneAgent.Policy.GAILExpertEstimate.sum": {
            "value": 0.9999788880348206,
            "min": 0.9991110175848007,
            "max": 0.9999995857477189,
            "count": 244
        },
        "DroneAgent.Losses.GAILLoss.mean": {
            "value": 0.00030904470318091624,
            "min": 5.125152986380499e-05,
            "max": 0.00935455349563199,
            "count": 244
        },
        "DroneAgent.Losses.GAILLoss.sum": {
            "value": 0.00030904470318091624,
            "min": 5.125152986380499e-05,
            "max": 0.00935455349563199,
            "count": 244
        },
        "DroneAgent.Policy.GAILGradMagLoss.mean": {
            "value": 0.0010892927919485373,
            "min": 0.00022893424720678014,
            "max": 0.09115758554398781,
            "count": 244
        },
        "DroneAgent.Policy.GAILGradMagLoss.sum": {
            "value": 0.0010892927919485373,
            "min": 0.00022893424720678014,
            "max": 0.09115758554398781,
            "count": 244
        },
        "DroneAgent.Losses.PretrainingLoss.mean": {
            "value": 0.0,
            "min": 0.0,
            "max": 4372.165359157986,
            "count": 244
        },
        "DroneAgent.Losses.PretrainingLoss.sum": {
            "value": 0.0,
            "min": 0.0,
            "max": 4372.165359157986,
            "count": 244
        }
    },
    "metadata": {
        "timer_format_version": "0.1.0",
        "start_time_seconds": "1699990468",
        "python_version": "3.9.13 (tags/v3.9.13:6de2ca5, May 17 2022, 16:36:42) [MSC v.1929 64 bit (AMD64)]",
        "command_line_arguments": "C:\\Users\\thoma\\AppData\\Local\\Programs\\Python\\Python39\\Scripts\\mlagents-learn config\\DroneAgent.yaml --initialize-from=DroneAgentMG5 --run-id=DroneAgentMG6",
        "mlagents_version": "0.30.0",
        "mlagents_envs_version": "0.30.0",