{
    "name": "root",
    "gauges": {
        "DroneAgent.Policy.Entropy.mean": {
            "value": 7.193290710449219,
            "min": 6.668087959289551,
            "max": 7.193291664123535,
            "count": 500
        },
        "DroneAgent.Policy.Entropy.sum": {
            "value": 73716.84375,
            "min": 63193.9765625,
            "max": 74467.5078125,
            "count": 500
        },
        "DroneAgent.Step.mean": {
            "value": 4999964.0,
            "min": 9997.0,
            "max": 4999964.0,
            "count": 500
        },
        "DroneAgent.Step.sum": {
            "value": 4999964.0,
            "min": 9997.0,
            "max": 4999964.0,
            "count": 500
        },
        "DroneAgent.Policy.ExtrinsicValueEstimate.mean": {
            "value": -0.07150417566299438,
            "min": -0.20665687322616577,
            "max": 0.18844783306121826,
            "count": 500
        },
        "DroneAgent.Policy.ExtrinsicValueEstimate.sum": {
            "value": -11.5836763381958,
            "min": -34.098384857177734,
            "max": 29.5863094329834,
            "count": 500
        },
        "DroneAgent.Policy.GailValueEstimate.mean": {
            "value": 0.0030538442078977823,
            "min": -0.007557708770036697,
            "max": 0.01303938589990139,
            "count": 500
        },
        "DroneAgent.Policy.GailValueEstimate.sum": {
            "value": 0.49472275376319885,
            "min": -1.231906533241272,
            "max": 2.0931358337402344,
            "count": 500
        },
        "DroneAgent.Environment.EpisodeLength.mean": {
            "value": 652.75,
            "min": 421.5,
            "max": 749.0,
            "count": 500
        },
        "DroneAgent.Environment.EpisodeLength.sum": {
            "value": 10444.0,
            "min": 843.0,
            "max": 16456.0,
            "count": 500
        },
        "DroneAgent.Environment.CumulativeReward.mean": {
            "value": -0.02475422475254163,
            "min": -1.7839327601444286,
            "max": 0.744222318780992,
            "count": 500
        },
        "DroneAgent.Environment.CumulativeReward.sum": {
            "value": -0.3960675960406661,
            "min": -25.930439734831452,
            "max": 12.651779419276863,
            "count": 500
        },
        "DroneAgent.Policy.ExtrinsicReward.mean": {
            "value": -0.02475422475254163,
            "min": -1.7839327601444286,
            "max": 0.744222318780992,
            "count": 500
        },
        "DroneAgent.Policy.ExtrinsicReward.sum": {
            "value": -0.3960675960406661,
            "min": -25.930439734831452,
            "max": 12.651779419276863,
            "count": 500
        },
        "DroneAgent.Policy.GailReward.mean": {
            "value": 0.003578226553559577,
            "min": 0.0003801581866028414,
            "max": 0.16625313661157973,
            "count": 500
        },
        "DroneAgent.Policy.GailReward.sum": {
            "value": 0.05725162485695323,
            "min": 0.003801581866028414,
            "max": 2.8092082309009094,
            "count": 500
        },
        "DroneAgent.IsTraining.mean": {
            "value": 1.0,
            "min": 1.0,
            "max": 1.0,
            "count": 500
        },
        "DroneAgent.IsTraining.sum": {
            "value": 1.0,
            "min": 1.0,
            "max": 1.0,
            "count": 500
        },
        "DroneAgent.Losses.PolicyLoss.mean": {
            "value": 0.07105095324805007,
            "min": 0.05508386068977415,
            "max": 0.10868088908027858,
            "count": 251
        },
        "DroneAgent.Losses.PolicyLoss.sum": {
            "value": 0.07105095324805007,
            "min": 0.05508386068977415,
            "max": 0.10868088908027858,
            "count": 251
        },
        "DroneAgent.Losses.ValueLoss.mean": {
            "value": 0.003099742668564431,
            "min": 0.0016375157836591824,
            "max": 0.004145975835854188,
            "count": 251
        },
        "DroneAgent.Losses.ValueLoss.sum": {
            "value": 0.003099742668564431,
            "min": 0.0016375157836591824,
            "max": 0.004145975835854188,
            "count": 251
        },
        "DroneAgent.Policy.LearningRate.mean": {
            "value": 1.6089998391996098e-07,
            "min": 1.6089998391996098e-07,
            "max": 0.00099579520042048,
            "count": 251
        },
        "DroneAgent.Policy.LearningRate.sum": {
            "value": 1.6089998391996098e-07,
            "min": 1.6089998391996098e-07,
            "max": 0.00099579520042048,
            "count": 251
        },
        "DroneAgent.Policy.Epsilon.mean": {
            "value": 0.10001608000000002,
            "min": 0.10001608000000002,
            "max": 0.19957952,
            "count": 251
        },
        "DroneAgent.Policy.Epsilon.sum": {
            "value": 0.10001608000000002,
            "min": 0.10001608000000002,
            "max": 0.19957952,
            "count": 251
        },
        "DroneAgent.Policy.Beta.mean": {
            "value": 0.01,
            "min": 0.01,
            "max": 0.01,
            "count": 251
        },
        "DroneAgent.Policy.Beta.sum": {
            "value": 0.01,
            "min": 0.01,
            "max": 0.01,
            "count": 251
        },
        "DroneAgent.Policy.GAILPolicyEstimate.mean": {
            "value": 0.00016768184277111687,
            "min": 7.325855677606797e-05,
            "max": 0.0022668841595191226,
            "count": 251
        },
        "DroneAgent.Policy.GAILPolicyEstimate.sum": {
            "value": 0.00016768184277111687,
            "min": 7.325855677606797e-05,
            "max": 0.0022668841595191226,
            "count": 251
        },
        "DroneAgent.Policy.GAILExpertEstimate.mean": {
            "value": 0.9999917343258857,
            "min": 0.9997432947158813,
            "max": 0.999999649822712,
            "count": 251
        },
        "DroneAgent.Policy.GAILExpertEstimate.sum": {
            "value": 0.9999917343258857,
            "min": 0.9997432947158813,
            "max": 0.999999649822712,
            "count": 251
        },
        "DroneAgent.Losses.GAILLoss.mean": {
            "value": 0.00018087342943999828,
            "min": 7.742947286715207e-05,
            "max": 0.0026451617493876258,
            "count": 251
        },
        "DroneAgent.Losses.GAILLoss.sum": {
            "value": 0.00018087342943999828,
            "min": 7.742947286715207e-05,
            "max": 0.0026451617493876258,
            "count": 251
        },
        "DroneAgent.Policy.GAILGradMagLoss.mean": {
            "value": 0.0002434736798022641,
            "min": 0.0001809371498893597,
            "max": 0.11350561280487455,
            "count": 251
        },
        "DroneAgent.Policy.GAILGradMagLoss.sum": {
            "value": 0.0002434736798022641,
            "min": 0.0001809371498893597,
            "max": 0.11350561280487455,
            "count": 251
        },
        "DroneAgent.Losses.PretrainingLoss.mean": {
            "value": 0.0,
            "min": 0.0,
            "max": 321143.1354166667,
            "count": 251
        },
        "DroneAgent.Losses.PretrainingLoss.sum": {
            "value": 0.0,
            "min": 0.0,
            "max": 321143.1354166667,
            "count": 251
        }
    },
    "metadata": {
        "timer_format_version": "0.1.0",
        "start_time_seconds": "1699830766",
        "python_version": "3.9.13 (tags/v3.9.13:6de2ca5, May 17 2022, 16:36:42) [MSC v.1929 64 bit (AMD64)]",
        "command_line_arguments": "C:\\Users\\thoma\\AppData\\Local\\Programs\\Python\\Python39\\Scripts\\mlagents-learn config\\DroneAgent.yaml --initialize-from=DroneAgentMGO4 --run-id=DroneAgentMGO5",
        "mlagents_version": "0.30.0",
        "mlagents_envs_version": "0.30.0",