{
    "name": "root",
    "gauges": {
        "DroneAgent.Policy.Entropy.mean": {
            "value": 1.3069385290145874,
            "min": 1.3069385290145874,
            "max": 1.3847757577896118,
            "count": 2
        },
        "DroneAgent.Policy.Entropy.sum": {
            "value": 25992.39453125,
            "min": 25992.39453125,
            "max": 27906.001953125,
            "count": 2
        },
        "DroneAgent.Step.mean": {
            "value": 39976.0,
            "min": 19960.0,
            "max": 39976.0,
            "count": 2
        },
        "DroneAgent.Step.sum": {
            "value": 39976.0,
            "min": 19960.0,
            "max": 39976.0,
            "count": 2
        },
        "DroneAgent.Policy.ExtrinsicValueEstimate.mean": {
            "value": 0.04027751833200455,
            "min": -0.8541589379310608,
            "max": 0.04027751833200455,
            "count": 2
        },
        "DroneAgent.Policy.ExtrinsicValueEstimate.sum": {
            "value": 12.929083824157715,
            "min": -269.9142150878906,
            "max": 12.929083824157715,
            "count": 2
        },
        "DroneAgent.Policy.GailValueEstimate.mean": {
            "value": 14.941582679748535,
            "min": 8.96662425994873,
            "max": 14.941582679748535,
            "count": 2
        },
        "DroneAgent.Policy.GailValueEstimate.sum": {
            "value": 4796.248046875,
            "min": 2833.453369140625,
            "max": 4796.248046875,
            "count": 2
        },
        "DroneAgent.Losses.PolicyLoss.mean": {
            "value": 0.045432115296301034,
            "min": 0.044348166610247326,
            "max": 0.045432115296301034,
            "count": 2
        },
        "DroneAgent.Losses.PolicyLoss.sum": {
            "value": 0.6360496141482145,
            "min": 0.6208743325434626,
            "max": 0.6360496141482145,
            "count": 2
        },
        "DroneAgent.Losses.ValueLoss.mean": {
            "value": 4.806135535240173,
            "min": 4.806135535240173,
            "max": 5.07362009166252,
            "count": 2
        },
        "DroneAgent.Losses.ValueLoss.sum": {
            "value": 67.28589749336243,
            "min": 67.28589749336243,
            "max": 71.03068128327529,
            "count": 2
        },
        "DroneAgent.Policy.LearningRate.mean": {
            "value": 0.0002982198863076571,
            "min": 0.0002982198863076571,
            "max": 0.00029937432020855995,
            "count": 2
        },
        "DroneAgent.Policy.LearningRate.sum": {
            "value": 0.004175078408307199,
            "min": 0.004175078408307199,
            "max": 0.004191240482919839,
            "count": 2
        },
        "DroneAgent.Policy.Epsilon.mean": {
            "value": 0.1994066285714286,
            "min": 0.1994066285714286,
            "max": 0.19979144000000001,
            "count": 2
        },
        "DroneAgent.Policy.Epsilon.sum": {
            "value": 2.7916928000000003,
            "min": 2.7916928000000003,
            "max": 2.79708016,
            "count": 2
        },
        "DroneAgent.Policy.Beta.mean": {
            "value": 0.00049709248,
            "min": 0.00049709248,
            "max": 0.0004989780560000001,
            "count": 2
        },
        "DroneAgent.Policy.Beta.sum": {
            "value": 0.00695929472,
            "min": 0.00695929472,
            "max": 0.006985692784,
            "count": 2
        },
        "DroneAgent.Policy.GAILPolicyEstimate.mean": {
            "value": 0.17519084935386978,
            "min": 0.17519084935386978,
            "max": 0.21509635455551598,
            "count": 2
        },
        "DroneAgent.Policy.GAILPolicyEstimate.sum": {
            "value": 2.4526718909541767,
            "min": 2.4526718909541767,
            "max": 3.0113489637772237,
            "count": 2
        },
        "DroneAgent.Policy.GAILExpertEstimate.mean": {
            "value": 0.8943230020148414,
            "min": 0.7823616383331163,
            "max": 0.8943230020148414,
            "count": 2
        },
        "DroneAgent.Policy.GAILExpertEstimate.sum": {
            "value": 12.520522028207779,
            "min": 10.95306293666363,
            "max": 12.520522028207779,
            "count": 2
        },
        "DroneAgent.Losses.GAILLoss.mean": {
            "value": 0.34680988338022,
            "min": 0.34680988338022,
            "max": 0.5445515904752981,
            "count": 2
        },
        "DroneAgent.Losses.GAILLoss.sum": {
            "value": 4.85533836732308,
            "min": 4.85533836732308,
            "max": 7.623722266654174,
            "count": 2
        },
        "DroneAgent.Policy.GAILGradMagLoss.mean": {
            "value": 0.8603778786957264,
            "min": 0.8603778786957264,
            "max": 2.7990857637354307,
            "count": 2
        },
        "DroneAgent.Policy.GAILGradMagLoss.sum": {
            "value": 12.045290301740168,
            "min": 12.045290301740168,
            "max": 39.18720069229603,
            "count": 2
        },
        "DroneAgent.Losses.PretrainingLoss.mean": {
            "value": 0.9396760686049387,
            "min": 0.9396760686049387,
            "max": 1.075192037910696,
            "count": 2
        },
        "DroneAgent.Losses.PretrainingLoss.sum": {
            "value": 13.155464960469141,
            "min": 13.155464960469141,
            "max": 15.052688530749744,
            "count": 2
        },
        "DroneAgent.Environment.EpisodeLength.mean": {
            "value": 999.0,
            "min": 999.0,
            "max": 999.0,
            "count": 2
        },
        "DroneAgent.Environment.EpisodeLength.sum": {
            "value": 21978.0,
            "min": 10989.0,
            "max": 21978.0,
            "count": 2
        },
        "DroneAgent.Environment.CumulativeReward.mean": {
            "value": 0.0,
            "min": 0.0,
            "max": 0.0,
            "count": 2
        },
        "DroneAgent.Environment.CumulativeReward.sum": {
            "value": 0.0,
            "min": 0.0,
            "max": 0.0,
            "count": 2
        },
        "DroneAgent.Policy.ExtrinsicReward.mean": {
            "value": 0.0,
            "min": 0.0,
            "max": 0.0,
            "count": 2
        },
        "DroneAgent.Policy.ExtrinsicReward.sum": {
            "value": 0.0,
            "min": 0.0,
            "max": 0.0,
            "count": 2
        },
        "DroneAgent.Policy.GailReward.mean": {
            "value": 119.4744569000534,
            "min": 119.4744569000534,
            "max": 189.6856703947891,
            "count": 2
        },
        "DroneAgent.Policy.GailReward.sum": {
            "value": 2628.438051801175,
            "min": 2086.54237434268,
            "max": 2628.438051801175,
            "count": 2
        },
        "DroneAgent.IsTraining.mean": {
            "value": 1.0,
            "min": 1.0,
            "max": 1.0,
            "count": 2
        },
        "DroneAgent.IsTraining.sum": {
            "value": 1.0,
            "min": 1.0,
            "max": 1.0,
            "count": 2
        }
    },
    "metadata": {
        "timer_format_version": "0.1.0",
        "start_time_seconds": "1696217783",
        "python_version": "3.9.13 (tags/v3.9.13:6de2ca5, May 17 2022, 16:36:42) [MSC v.1929 64 bit (AMD64)]",
        "command_line_arguments": "F:\\Unity projects\\Oblig2\\Drone_MLagents\\venv\\Scripts\\mlagents-learn config/DroneAgent.yaml --run-id=DroneAgentGoalCloneTraining",
        "mlagents_version": "0.30.0",
        "mlagents_envs_version": "0.30.0",
        "communication_protocol_version": "1.5.0",
        "pytorch_version": "2.0.1+cu117",
        "numpy_version": "1.21.2",
        "end_time_seconds": "1696217906"
    },
    "total": 122.2767384,
    "count": 1,
    "self": 0.005474400000011315,