{
    "name": "root",
    "gauges": {
        "DroneAgent.Policy.Entropy.mean": {
            "value": 0.36647191643714905,
            "min": 0.36647191643714905,
            "max": 1.383201241493225,
            "count": 12
        },
        "DroneAgent.Policy.Entropy.sum": {
            "value": 7358.755859375,
            "min": 7358.755859375,
            "max": 28239.435546875,
            "count": 12
        },
        "DroneAgent.Step.mean": {
            "value": 239948.0,
            "min": 19955.0,
            "max": 239948.0,
            "count": 12
        },
        "DroneAgent.Step.sum": {
            "value": 239948.0,
            "min": 19955.0,
            "max": 239948.0,
            "count": 12
        },
        "DroneAgent.Policy.ExtrinsicValueEstimate.mean": {
            "value": 0.020829688757658005,
            "min": 0.009786455892026424,
            "max": 0.19994881749153137,
            "count": 12
        },
        "DroneAgent.Policy.ExtrinsicValueEstimate.sum": {
            "value": 6.665500640869141,
            "min": 3.1414523124694824,
            "max": 63.38377380371094,
            "count": 12
        },
        "DroneAgent.Policy.GailValueEstimate.mean": {
            "value": 7.901114463806152,
            "min": 7.901114463806152,
            "max": 11.529252052307129,
            "count": 12
        },
        "DroneAgent.Policy.GailValueEstimate.sum": {
            "value": 2528.356689453125,
            "min": 2528.356689453125,
            "max": 3677.83154296875,
            "count": 12
        },
        "DroneAgent.Losses.PolicyLoss.mean": {
            "value": 0.04373206146951896,
            "min": 0.03961262454507513,
            "max": 0.04804608531089293,
            "count": 12
        },
        "DroneAgent.Losses.PolicyLoss.sum": {
            "value": 0.8309091679208602,
            "min": 0.6432998563783864,
            "max": 0.8648295355960728,
            "count": 12
        },
        "DroneAgent.Losses.ValueLoss.mean": {
            "value": 0.3459822555775182,
            "min": 0.3459822555775182,
            "max": 7.600089382065667,
            "count": 12
        },
        "DroneAgent.Losses.ValueLoss.sum": {
            "value": 6.573662855972846,
            "min": 6.573662855972846,
            "max": 114.001340730985,
            "count": 12
        },
        "DroneAgent.Policy.LearningRate.mean": {
            "value": 0.0002862162930156232,
            "min": 0.0002862162930156232,
            "max": 0.00029934550421816523,
            "count": 12
        },
        "DroneAgent.Policy.LearningRate.sum": {
            "value": 0.005438109567296841,
            "min": 0.004490182563272479,
            "max": 0.00557461966179346,
            "count": 12
        },
        "DroneAgent.Policy.Epsilon.mean": {
            "value": 0.19540542947368422,
            "min": 0.19540542947368422,
            "max": 0.19978183466666663,
            "count": 12
        },
        "DroneAgent.Policy.Epsilon.sum": {
            "value": 3.7127031600000002,
            "min": 2.9967275199999994,
            "max": 3.7582065399999998,
            "count": 12
        },
        "DroneAgent.Policy.Beta.mean": {
            "value": 0.0004774866044210526,
            "min": 0.0004774866044210526,
            "max": 0.0004989309898666666,
            "count": 12
        },
        "DroneAgent.Policy.Beta.sum": {
            "value": 0.009072245484,
            "min": 0.007483964847999999,
            "max": 0.009295212046,
            "count": 12
        },
        "DroneAgent.Policy.GAILPolicyEstimate.mean": {
            "value": 0.1506208681354397,
            "min": 0.1506208681354397,
            "max": 0.29744047251012595,
            "count": 12
        },
        "DroneAgent.Policy.GAILPolicyEstimate.sum": {
            "value": 2.8617964945733543,
            "min": 2.8617964945733543,
            "max": 4.461607087651889,
            "count": 12
        },
        "DroneAgent.Policy.GAILExpertEstimate.mean": {
            "value": 0.8772060661985165,
            "min": 0.7757929087347456,
            "max": 0.8772060661985165,
            "count": 12
        },
        "DroneAgent.Policy.GAILExpertEstimate.sum": {
            "value": 16.666915257771812,
            "min": 11.636893631021184,
            "max": 16.666915257771812,
            "count": 12
        },
        "DroneAgent.Losses.GAILLoss.mean": {
            "value": 0.3326967864444381,
            "min": 0.3326967864444381,
            "max": 0.6568666057785352,
            "count": 12
        },
        "DroneAgent.Losses.GAILLoss.sum": {
            "value": 6.3212389424443245,
            "min": 6.3212389424443245,
            "max": 9.852999086678027,
            "count": 12
        },
        "DroneAgent.Policy.GAILGradMagLoss.mean": {
            "value": 0.09340026298243749,
            "min": 0.09340026298243749,
            "max": 2.9618304386817744,
            "count": 12
        },
        "DroneAgent.Policy.GAILGradMagLoss.sum": {
            "value": 1.7746049966663122,
            "min": 1.7746049966663122,
            "max": 44.42745658022662,
            "count": 12
        },
        "DroneAgent.Losses.PretrainingLoss.mean": {
            "value": 0.12395932620629331,
            "min": 0.12395932620629331,
            "max": 0.9518509622604128,
            "count": 12
        },
        "DroneAgent.Losses.PretrainingLoss.sum": {
            "value": 2.355227197919573,
            "min": 2.355227197919573,
            "max": 14.277764433906192,
            "count": 12
        },
        "DroneAgent.Environment.EpisodeLength.mean": {
            "value": 1041.8666666666666,
            "min": 712.952380952381,
            "max": 1317.875,
            "count": 12
        },
        "DroneAgent.Environment.EpisodeLength.sum": {
            "value": 15628.0,
            "min": 10214.0,
            "max": 22335.0,
            "count": 12
        },
        "DroneAgent.Environment.CumulativeReward.mean": {
            "value": 0.20502222842381645,
            "min": 0.07555555693494777,
            "max": 0.4470000212168088,
            "count": 12
        },
        "DroneAgent.Environment.CumulativeReward.sum": {
            "value": 3.075333426357247,
            "min": 1.1333333540242165,
            "max": 6.508666871231981,
            "count": 12
        },
        "DroneAgent.Policy.ExtrinsicReward.mean": {
            "value": 0.20502222842381645,
            "min": 0.07555555693494777,
            "max": 0.4470000212168088,
            "count": 12
        },
        "DroneAgent.Policy.ExtrinsicReward.sum": {
            "value": 3.075333426357247,
            "min": 1.1333333540242165,
            "max": 6.508666871231981,
            "count": 12
        },
        "DroneAgent.Policy.GailReward.mean": {
            "value": 84.05022360086441,
            "min": 69.42387035630998,
            "max": 277.752241358161,
            "count": 12
        },
        "DroneAgent.Policy.GailReward.sum": {
            "value": 1260.7533540129662,
            "min": 1260.7533540129662,
            "max": 2390.205526828766,
            "count": 12
        },
        "DroneAgent.IsTraining.mean": {
            "value": 1.0,
            "min": 1.0,
            "max": 1.0,
            "count": 12
        },
        "DroneAgent.IsTraining.sum": {
            "value": 1.0,
            "min": 1.0,
            "max": 1.0,
            "count": 12
        }
    },
    "metadata": {
        "timer_format_version": "0.1.0",
        "start_time_seconds": "1696298654",
        "python_version": "3.9.13 (tags/v3.9.13:6de2ca5, May 17 2022, 16:36:42) [MSC v.1929 64 bit (AMD64)]",
        "command_line_arguments": "F:\\Unity projects\\Oblig2\\Drone_MLagents\\venv\\Scripts\\mlagents-learn config/DroneAgent.yaml --run-id=DroneAgentSimpleForward1",
        "mlagents_version": "0.30.0",
        "mlagents_envs_version": "0.30.0",