{
    "name": "root",
    "gauges": {
        "DroneAgent.Policy.Entropy.mean": {
            "value": -0.97879958152771,
            "min": -0.97879958152771,
            "max": 1.3400770425796509,
            "count": 18
        },
        "DroneAgent.Policy.Entropy.sum": {
            "value": -19415.46875,
            "min": -19415.46875,
            "max": 27353.65234375,
            "count": 18
        },
        "DroneAgent.Step.mean": {
            "value": 359996.0,
            "min": 19964.0,
            "max": 359996.0,
            "count": 18
        },
        "DroneAgent.Step.sum": {
            "value": 359996.0,
            "min": 19964.0,
            "max": 359996.0,
            "count": 18
        },
        "DroneAgent.Policy.ExtrinsicValueEstimate.mean": {
            "value": -0.06505361944437027,
            "min": -0.15187950432300568,
            "max": 0.412188321352005,
            "count": 18
        },
        "DroneAgent.Policy.ExtrinsicValueEstimate.sum": {
            "value": -20.752105712890625,
            "min": -48.29768371582031,
            "max": 130.6636962890625,
            "count": 18
        },
        "DroneAgent.Policy.GailValueEstimate.mean": {
            "value": 1.9376767873764038,
            "min": 1.851311445236206,
            "max": 7.019106864929199,
            "count": 18
        },
        "DroneAgent.Policy.GailValueEstimate.sum": {
            "value": 618.118896484375,
            "min": 588.717041015625,
            "max": 2260.15234375,
            "count": 18
        },
        "DroneAgent.Losses.PolicyLoss.mean": {
            "value": 0.04545978543385133,
            "min": 0.03903923977495116,
            "max": 0.04709807248219994,
            "count": 18
        },
        "DroneAgent.Losses.PolicyLoss.sum": {
            "value": 0.7728163523754726,
            "min": 0.6636670761741698,
            "max": 0.800667232197399,
            "count": 18
        },
        "DroneAgent.Losses.ValueLoss.mean": {
            "value": 0.1346623658951299,
            "min": 0.04610336558783755,
            "max": 3.003775574047776,
            "count": 18
        },
        "DroneAgent.Losses.ValueLoss.sum": {
            "value": 2.289260220217208,
            "min": 0.7837572149932384,
            "max": 51.064184758812196,
            "count": 18
        },
        "DroneAgent.Policy.LearningRate.mean": {
            "value": 0.0002850143545750487,
            "min": 0.0002850143545750487,
            "max": 0.0002995518455275362,
            "count": 18
        },
        "DroneAgent.Policy.LearningRate.sum": {
            "value": 0.004845244027775828,
            "min": 0.004845244027775828,
            "max": 0.005092381373968115,
            "count": 18
        },
        "DroneAgent.Policy.Epsilon.mean": {
            "value": 0.19500478319327733,
            "min": 0.19500478319327733,
            "max": 0.1998506151260504,
            "count": 18
        },
        "DroneAgent.Policy.Epsilon.sum": {
            "value": 3.3150813142857145,
            "min": 3.3150813142857145,
            "max": 3.397460457142857,
            "count": 18
        },
        "DroneAgent.Policy.Beta.mean": {
            "value": 0.0004755234376470589,
            "min": 0.0004755234376470589,
            "max": 0.0004992680141176471,
            "count": 18
        },
        "DroneAgent.Policy.Beta.sum": {
            "value": 0.00808389844,
            "min": 0.00808389844,
            "max": 0.008487556240000001,
            "count": 18
        },
        "DroneAgent.Policy.GAILPolicyEstimate.mean": {
            "value": 0.03606532377501329,
            "min": 0.035761343209328604,
            "max": 0.14683175180837807,
            "count": 18
        },
        "DroneAgent.Policy.GAILPolicyEstimate.sum": {
            "value": 0.613110504175226,
            "min": 0.6079428345585862,
            "max": 2.496139780742427,
            "count": 18
        },
        "DroneAgent.Policy.GAILExpertEstimate.mean": {
            "value": 0.9516903455350914,
            "min": 0.8069175592386255,
            "max": 0.9516903455350914,
            "count": 18
        },
        "DroneAgent.Policy.GAILExpertEstimate.sum": {
            "value": 16.178735874096553,
            "min": 13.717598507056634,
            "max": 16.178735874096553,
            "count": 18
        },
        "DroneAgent.Losses.GAILLoss.mean": {
            "value": 0.10481974588086207,
            "min": 0.10481974588086207,
            "max": 0.4168907547260032,
            "count": 18
        },
        "DroneAgent.Losses.GAILLoss.sum": {
            "value": 1.7819356799746553,
            "min": 1.7819356799746553,
            "max": 7.087142830342054,
            "count": 18
        },
        "DroneAgent.Policy.GAILGradMagLoss.mean": {
            "value": 0.109472155096192,
            "min": 0.04127291575001151,
            "max": 5.474304232220439,
            "count": 18
        },
        "DroneAgent.Policy.GAILGradMagLoss.sum": {
            "value": 1.861026636635264,
            "min": 0.7016395677501956,
            "max": 93.06317194774746,
            "count": 18
        },
        "DroneAgent.Losses.PretrainingLoss.mean": {
            "value": 0.0089838171142764,
            "min": 0.0089838171142764,
            "max": 0.8696535762212059,
            "count": 18
        },
        "DroneAgent.Losses.PretrainingLoss.sum": {
            "value": 0.1527248909426988,
            "min": 0.1527248909426988,
            "max": 14.7841107957605,
            "count": 18
        },
        "DroneAgent.Environment.EpisodeLength.mean": {
            "value": 1499.0,
            "min": 1458.5,
            "max": 1499.0,
            "count": 18
        },
        "DroneAgent.Environment.EpisodeLength.sum": {
            "value": 14990.0,
            "min": 13491.0,
            "max": 26982.0,
            "count": 18
        },
        "DroneAgent.Environment.CumulativeReward.mean": {
            "value": -0.9835067069157958,
            "min": -1.0077333971858025,
            "max": -0.7486066915094852,
            "count": 18
        },
        "DroneAgent.Environment.CumulativeReward.sum": {
            "value": -9.835067069157958,
            "min": -17.66980076022446,
            "max": -7.4860669150948524,
            "count": 18
        },
        "DroneAgent.Policy.ExtrinsicReward.mean": {
            "value": -0.9835067069157958,
            "min": -1.0077333971858025,
            "max": -0.7486066915094852,
            "count": 18
        },
        "DroneAgent.Policy.ExtrinsicReward.sum": {
            "value": -9.835067069157958,
            "min": -17.66980076022446,
            "max": -7.4860669150948524,
            "count": 18
        },
        "DroneAgent.Policy.GailReward.mean": {
            "value": 30.323589948838343,
            "min": 30.323589948838343,
            "max": 126.83002043598228,
            "count": 18
        },
        "DroneAgent.Policy.GailReward.sum": {
            "value": 303.23589948838344,
            "min": 303.23589948838344,
            "max": 1999.5062445774674,
            "count": 18
        },
        "DroneAgent.IsTraining.mean": {
            "value": 1.0,
            "min": 1.0,
            "max": 1.0,
            "count": 18
        },
        "DroneAgent.IsTraining.sum": {
            "value": 1.0,
            "min": 1.0,
            "max": 1.0,
            "count": 18
        }
    },
    "metadata": {
        "timer_format_version": "0.1.0",
        "start_time_seconds": "1696441693",
        "python_version": "3.9.13 (tags/v3.9.13:6de2ca5, May 17 2022, 16:36:42) [MSC v.1929 64 bit (AMD64)]",
        "command_line_arguments": "F:\\Unity projects\\Oblig2\\Drone_MLagents\\venv\\Scripts\\mlagents-learn config/DroneAgent.yaml --run-id=DroneAgentFix1",
        "mlagents_version": "0.30.0",
        "mlagents_envs_version": "0.30.0",