{
    "name": "root",
    "gauges": {
        "DroneAgent.Policy.Entropy.mean": {
            "value": 4.125617504119873,
            "min": 3.6021432876586914,
            "max": 4.125617504119873,
            "count": 500
        },
        "DroneAgent.Policy.Entropy.sum": {
            "value": 41404.6953125,
            "min": 35369.296875,
            "max": 41775.83984375,
            "count": 500
        },
        "DroneAgent.Step.mean": {
            "value": 4999967.0,
            "min": 9949.0,
            "max": 4999967.0,
            "count": 500
        },
        "DroneAgent.Step.sum": {
            "value": 4999967.0,
            "min": 9949.0,
            "max": 4999967.0,
            "count": 500
        },
        "DroneAgent.Policy.ExtrinsicValueEstimate.mean": {
            "value": 0.8150018453598022,
            "min": 0.3524025082588196,
            "max": 0.9088717699050903,
            "count": 500
        },
        "DroneAgent.Policy.ExtrinsicValueEstimate.sum": {
            "value": 129.58529663085938,
            "min": 56.384403228759766,
            "max": 141.78399658203125,
            "count": 500
        },
        "DroneAgent.Policy.GailValueEstimate.mean": {
            "value": 0.0016546815168112516,
            "min": -0.0014340885682031512,
            "max": 0.014162048697471619,
            "count": 500
        },
        "DroneAgent.Policy.GailValueEstimate.sum": {
            "value": 0.26309436559677124,
            "min": -0.2251518964767456,
            "max": 2.2234416007995605,
            "count": 500
        },
        "DroneAgent.Environment.EpisodeLength.mean": {
            "value": 3834.0,
            "min": 449.0,
            "max": 9999.0,
            "count": 457
        },
        "DroneAgent.Environment.EpisodeLength.sum": {
            "value": 19170.0,
            "min": 449.0,
            "max": 37056.0,
            "count": 457
        },
        "DroneAgent.Environment.CumulativeReward.mean": {
            "value": 33.12230093385733,
            "min": 2.058793338946998,
            "max": 84.33032396293129,
            "count": 457
        },
        "DroneAgent.Environment.CumulativeReward.sum": {
            "value": 165.61150466928666,
            "min": 2.058793338946998,
            "max": 303.8198297797353,
            "count": 457
        },
        "DroneAgent.Policy.ExtrinsicReward.mean": {
            "value": 33.12230093385733,
            "min": 2.058793338946998,
            "max": 84.33032396293129,
            "count": 457
        },
        "DroneAgent.Policy.ExtrinsicReward.sum": {
            "value": 165.61150466928666,
            "min": 2.058793338946998,
            "max": 303.8198297797353,
            "count": 457
        },
        "DroneAgent.Policy.GailReward.mean": {
            "value": 0.11734518943092018,
            "min": 0.001491830529175786,
            "max": 1.3247095367257653,
            "count": 457
        },
        "DroneAgent.Policy.GailReward.sum": {
            "value": 0.5867259471546009,
            "min": 0.001491830529175786,
            "max": 6.623547683628827,
            "count": 457
        },
        "DroneAgent.IsTraining.mean": {
            "value": 1.0,
            "min": 1.0,
            "max": 1.0,
            "count": 500
        },
        "DroneAgent.IsTraining.sum": {
            "value": 1.0,
            "min": 1.0,
            "max": 1.0,
            "count": 500
        },
        "DroneAgent.Losses.PolicyLoss.mean": {
            "value": 0.056196966045536104,
            "min": 0.056196966045536104,
            "max": 0.11922248820774257,
            "count": 245
        },
        "DroneAgent.Losses.PolicyLoss.sum": {
            "value": 0.056196966045536104,
            "min": 0.056196966045536104,
            "max": 0.11922248820774257,
            "count": 245
        },
        "DroneAgent.Losses.ValueLoss.mean": {
            "value": 0.0029961030057165773,
            "min": 0.0011973874337854796,
            "max": 0.004546453354123514,
            "count": 245
        },
        "DroneAgent.Losses.ValueLoss.sum": {
            "value": 0.0029961030057165773,
            "min": 0.0011973874337854796,
            "max": 0.004546453354123514,
            "count": 245
        },
        "DroneAgent.Policy.LearningRate.mean": {
            "value": 1.9600998039999617e-06,
            "min": 1.9600998039999617e-06,
            "max": 0.00099585220041478,
            "count": 245
        },
        "DroneAgent.Policy.LearningRate.sum": {
            "value": 1.9600998039999617e-06,
            "min": 1.9600998039999617e-06,
            "max": 0.00099585220041478,
            "count": 245
        },
        "DroneAgent.Policy.Epsilon.mean": {
            "value": 0.100196,
            "min": 0.100196,
            "max": 0.19958522,
            "count": 245
        },
        "DroneAgent.Policy.Epsilon.sum": {
            "value": 0.100196,
            "min": 0.100196,
            "max": 0.19958522,
            "count": 245
        },
        "DroneAgent.Policy.Beta.mean": {
            "value": 0.01,
            "min": 0.01,
            "max": 0.01,
            "count": 245
        },
        "DroneAgent.Policy.Beta.sum": {
            "value": 0.01,
            "min": 0.01,
            "max": 0.01,
            "count": 245
        },
        "DroneAgent.Policy.GAILPolicyEstimate.mean": {
            "value": 0.0001668480739226652,
            "min": 8.146331288116926e-05,
            "max": 0.0015205471976514674,
            "count": 245
        },
        "DroneAgent.Policy.GAILPolicyEstimate.sum": {
            "value": 0.0001668480739226652,
            "min": 8.146331288116926e-05,
            "max": 0.0015205471976514674,
            "count": 245
        },
        "DroneAgent.Policy.GAILExpertEstimate.mean": {
            "value": 0.9999927416443825,
            "min": 0.9998633354902268,
            "max": 0.9999986827373505,
            "count": 245
        },
        "DroneAgent.Policy.GAILExpertEstimate.sum": {
            "value": 0.9999927416443825,
            "min": 0.9998633354902268,
            "max": 0.9999986827373505,
            "count": 245
        },
        "DroneAgent.Losses.GAILLoss.mean": {
            "value": 0.0001794670678464172,
            "min": 8.874026589182904e-05,
            "max": 0.0017241667988855624,
            "count": 245
        },
        "DroneAgent.Losses.GAILLoss.sum": {
            "value": 0.0001794670678464172,
            "min": 8.874026589182904e-05,
            "max": 0.0017241667988855624,
            "count": 245
        },
        "DroneAgent.Policy.GAILGradMagLoss.mean": {
            "value": 0.00038601676023972684,
            "min": 0.00027100429470010566,
            "max": 0.011309970807633362,
            "count": 245
        },
        "DroneAgent.Policy.GAILGradMagLoss.sum": {
            "value": 0.00038601676023972684,
            "min": 0.00027100429470010566,
            "max": 0.011309970807633362,
            "count": 245
        },
        "DroneAgent.Losses.PretrainingLoss.mean": {
            "value": 0.0,
            "min": 0.0,
            "max": 132.72382990519205,
            "count": 245
        },
        "DroneAgent.Losses.PretrainingLoss.sum": {
            "value": 0.0,
            "min": 0.0,
            "max": 132.72382990519205,
            "count": 245
        }
    },
    "metadata": {
        "timer_format_version": "0.1.0",
        "start_time_seconds": "1697302078",
        "python_version": "3.9.13 (tags/v3.9.13:6de2ca5, May 17 2022, 16:36:42) [MSC v.1929 64 bit (AMD64)]",
        "command_line_arguments": "F:\\Unity projects\\Oblig2\\Drone_MLagents\\venv\\Scripts\\mlagents-learn config/DroneAgent.yaml --initialize-from=DroneAgentTrack4 --run-id=DroneAgentTrack5",
        "mlagents_version": "0.30.0",
        "mlagents_envs_version": "0.30.0",
        "communication_protocol_version": "1.5.0",