{
    "name": "root",
    "gauges": {
        "DroneAgent.Policy.Entropy.mean": {
            "value": -8.056840896606445,
            "min": -8.056844711303711,
            "max": -8.056694984436035,
            "count": 27
        },
        "DroneAgent.Policy.Entropy.sum": {
            "value": -161990.84375,
            "min": -163438.453125,
            "max": -159329.765625,
            "count": 27
        },
        "DroneAgent.Step.mean": {
            "value": 539956.0,
            "min": 19940.0,
            "max": 539956.0,
            "count": 27
        },
        "DroneAgent.Step.sum": {
            "value": 539956.0,
            "min": 19940.0,
            "max": 539956.0,
            "count": 27
        },
        "DroneAgent.Policy.ExtrinsicValueEstimate.mean": {
            "value": -0.49801701307296753,
            "min": -1.249543309211731,
            "max": 0.5204732418060303,
            "count": 27
        },
        "DroneAgent.Policy.ExtrinsicValueEstimate.sum": {
            "value": -186.75637817382812,
            "min": -667.256103515625,
            "max": 226.40585327148438,
            "count": 27
        },
        "DroneAgent.Policy.GailValueEstimate.mean": {
            "value": 1.6883679628372192,
            "min": -0.9827868938446045,
            "max": 59.35029220581055,
            "count": 27
        },
        "DroneAgent.Policy.GailValueEstimate.sum": {
            "value": 633.1380004882812,
            "min": -484.5139465332031,
            "max": 26648.28125,
            "count": 27
        },
        "DroneAgent.Environment.EpisodeLength.mean": {
            "value": 154.5703125,
            "min": 54.91111111111111,
            "max": 154.5703125,
            "count": 27
        },
        "DroneAgent.Environment.EpisodeLength.sum": {
            "value": 19785.0,
            "min": 19398.0,
            "max": 20235.0,
            "count": 27
        },
        "DroneAgent.Environment.CumulativeReward.mean": {
            "value": -0.9706081376707022,
            "min": -0.9882935386622089,
            "max": 0.45014245943782943,
            "count": 27
        },
        "DroneAgent.Environment.CumulativeReward.sum": {
            "value": -125.20844975952059,
            "min": -353.3331036567688,
            "max": 98.58119861688465,
            "count": 27
        },
        "DroneAgent.Policy.ExtrinsicReward.mean": {
            "value": -0.9706081376707022,
            "min": -0.9882935386622089,
            "max": 0.45014245943782943,
            "count": 27
        },
        "DroneAgent.Policy.ExtrinsicReward.sum": {
            "value": -125.20844975952059,
            "min": -353.3331036567688,
            "max": 98.58119861688465,
            "count": 27
        },
        "DroneAgent.Policy.GailReward.mean": {
            "value": 2.197313437242848,
            "min": 0.02658967614719586,
            "max": 126.39814840663259,
            "count": 27
        },
        "DroneAgent.Policy.GailReward.sum": {
            "value": 283.45343340432737,
            "min": 7.976902844158758,
            "max": 28060.388946272433,
            "count": 27
        },
        "DroneAgent.Losses.PolicyLoss.mean": {
            "value": 0.28664812004079293,
            "min": 0.2511444274784514,
            "max": 0.3040562534312668,
            "count": 27
        },
        "DroneAgent.Losses.PolicyLoss.sum": {
            "value": 5.4463142807750655,
            "min": 4.234032385672132,
            "max": 5.7770688151940695,
            "count": 27
        },
        "DroneAgent.Losses.ValueLoss.mean": {
            "value": 0.8503507912126288,
            "min": 0.020498404908856308,
            "max": 2010.2853246500094,
            "count": 27
        },
        "DroneAgent.Losses.ValueLoss.sum": {
            "value": 16.156665033039946,
            "min": 0.3689712883594135,
            "max": 32164.56519440015,
            "count": 27
        },
        "DroneAgent.Policy.LearningRate.mean": {
            "value": 0.0002682131884903442,
            "min": 0.0002682131884903442,
            "max": 0.0002993823077058975,
            "count": 27
        },
        "DroneAgent.Policy.LearningRate.sum": {
            "value": 0.00509605058131654,
            "min": 0.00461753850082052,
            "max": 0.0054374751875083,
            "count": 27
        },
        "DroneAgent.Policy.Epsilon.mean": {
            "value": 0.18940439263157896,
            "min": 0.18940439263157896,
            "max": 0.19979410250000001,
            "count": 27
        },
        "DroneAgent.Policy.Epsilon.sum": {
            "value": 3.59868346,
            "min": 3.13917948,
            "max": 3.7124917000000006,
            "count": 27
        },
        "DroneAgent.Policy.Beta.mean": {
            "value": 0.0004480815238947368,
            "min": 0.0004480815238947368,
            "max": 0.00049899110225,
            "count": 27
        },
        "DroneAgent.Policy.Beta.sum": {
            "value": 0.008513548954,
            "min": 0.007701979451999999,
            "max": 0.00907120933,
            "count": 27
        },
        "DroneAgent.Policy.GAILPolicyEstimate.mean": {
            "value": 0.017322095664240533,
            "min": 0.0007701928671276955,
            "max": 0.2448950083809905,
            "count": 27
        },
        "DroneAgent.Policy.GAILPolicyEstimate.sum": {
            "value": 0.32911981762057013,
            "min": 0.01386347160829852,
            "max": 3.918320134095848,
            "count": 27
        },
        "DroneAgent.Policy.GAILExpertEstimate.mean": {
            "value": 0.9944300863303637,
            "min": 0.9343111223851641,
            "max": 0.9987629997102838,
            "count": 27
        },
        "DroneAgent.Policy.GAILExpertEstimate.sum": {
            "value": 18.89417164027691,
            "min": 14.948977958162626,
            "max": 18.976496994495392,
            "count": 27
        },
        "DroneAgent.Losses.GAILLoss.mean": {
            "value": 0.026114522115421368,
            "min": 0.0022315719311505004,
            "max": 2.383580837623837,
            "count": 27
        },
        "DroneAgent.Losses.GAILLoss.sum": {
            "value": 0.496175920193006,
            "min": 0.040168294760709,
            "max": 38.137293401981395,
            "count": 27
        },
        "DroneAgent.Policy.GAILGradMagLoss.mean": {
            "value": 0.03325252918926837,
            "min": 0.012005693574556737,
            "max": 2.1172885940099757,
            "count": 27
        },
        "DroneAgent.Policy.GAILGradMagLoss.sum": {
            "value": 0.631798054596099,
            "min": 0.21610248434202126,
            "max": 33.87661750415961,
            "count": 27
        },
        "DroneAgent.Losses.PretrainingLoss.mean": {
            "value": 0.0008956980708018436,
            "min": 0.0007661312449674465,
            "max": 0.0024679847244503134,
            "count": 27
        },
        "DroneAgent.Losses.PretrainingLoss.sum": {
            "value": 0.017018263345235027,
            "min": 0.013612767170610218,
            "max": 0.039487755591205015,
            "count": 27
        },
        "DroneAgent.IsTraining.mean": {
            "value": 1.0,
            "min": 1.0,
            "max": 1.0,
            "count": 27
        },
        "DroneAgent.IsTraining.sum": {
            "value": 1.0,
            "min": 1.0,
            "max": 1.0,
            "count": 27
        }
    },
    "metadata": {
        "timer_format_version": "0.1.0",
        "start_time_seconds": "1696355250",
        "python_version": "3.9.13 (tags/v3.9.13:6de2ca5, May 17 2022, 16:36:42) [MSC v.1929 64 bit (AMD64)]",
        "command_line_arguments": "F:\\Unity projects\\Oblig2\\Drone_MLagents\\venv\\Scripts\\mlagents-learn config/DroneAgent.yaml --initialize-from=DroneAgentMoveForwardnewTraining3 --run-id=DroneAgentMoveForwardnewTrainingFix3",