{
    "name": "root",
    "gauges": {
        "DroneAgent.Policy.Entropy.mean": {
            "value": 9.967131614685059,
            "min": 9.13613224029541,
            "max": 9.967131614685059,
            "count": 487
        },
        "DroneAgent.Policy.Entropy.sum": {
            "value": 97747.65625,
            "min": 86011.3046875,
            "max": 105852.8828125,
            "count": 487
        },
        "DroneAgent.Step.mean": {
            "value": 4869952.0,
            "min": 9950.0,
            "max": 4869952.0,
            "count": 487
        },
        "DroneAgent.Step.sum": {
            "value": 4869952.0,
            "min": 9950.0,
            "max": 4869952.0,
            "count": 487
        },
        "DroneAgent.Policy.ExtrinsicValueEstimate.mean": {
            "value": 0.01213470846414566,
            "min": -0.010812093503773212,
            "max": 0.13870790600776672,
            "count": 487
        },
        "DroneAgent.Policy.ExtrinsicValueEstimate.sum": {
            "value": 1.905149221420288,
            "min": -1.708310842514038,
            "max": 21.777141571044922,
            "count": 487
        },
        "DroneAgent.Policy.GailValueEstimate.mean": {
            "value": 0.001620085327886045,
            "min": -0.0011961528798565269,
            "max": 0.005267114844173193,
            "count": 487
        },
        "DroneAgent.Policy.GailValueEstimate.sum": {
            "value": 0.254353404045105,
            "min": -0.1877959966659546,
            "max": 0.8216699361801147,
            "count": 487
        },
        "DroneAgent.Environment.EpisodeLength.mean": {
            "value": 7499.0,
            "min": 285.0,
            "max": 7499.0,
            "count": 354
        },
        "DroneAgent.Environment.EpisodeLength.sum": {
            "value": 7499.0,
            "min": 285.0,
            "max": 127466.0,
            "count": 354
        },
        "DroneAgent.Environment.CumulativeReward.mean": {
            "value": 0.17455400619655848,
            "min": -1.985128472559154,
            "max": 2.1813922892324626,
            "count": 354
        },
        "DroneAgent.Environment.CumulativeReward.sum": {
            "value": 0.17455400619655848,
            "min": -7.1367212467012,
            "max": 23.92322405037703,
            "count": 354
        },
        "DroneAgent.Policy.ExtrinsicReward.mean": {
            "value": 0.17455400619655848,
            "min": -1.985128472559154,
            "max": 2.1813922892324626,
            "count": 354
        },
        "DroneAgent.Policy.ExtrinsicReward.sum": {
            "value": 0.17455400619655848,
            "min": -7.1367212467012,
            "max": 23.92322405037703,
            "count": 354
        },
        "DroneAgent.Policy.GailReward.mean": {
            "value": 0.03571579500294331,
            "min": 0.001442663236957742,
            "max": 0.4600389809954102,
            "count": 354
        },
        "DroneAgent.Policy.GailReward.sum": {
            "value": 0.03571579500294331,
            "min": 0.001442663236957742,
            "max": 2.056281470345722,
            "count": 354
        },
        "DroneAgent.IsTraining.mean": {
            "value": 1.0,
            "min": 1.0,
            "max": 1.0,
            "count": 487
        },
        "DroneAgent.IsTraining.sum": {
            "value": 1.0,
            "min": 1.0,
            "max": 1.0,
            "count": 487
        },
        "DroneAgent.Losses.PolicyLoss.mean": {
            "value": 0.07630486495327204,
            "min": 0.048915758280782026,
            "max": 0.11322625924367458,
            "count": 237
        },
        "DroneAgent.Losses.PolicyLoss.sum": {
            "value": 0.07630486495327204,
            "min": 0.048915758280782026,
            "max": 0.11322625924367458,
            "count": 237
        },
        "DroneAgent.Losses.ValueLoss.mean": {
            "value": 0.0002382565850894025,
            "min": 2.8267094285183704e-05,
            "max": 0.0006178693711262895,
            "count": 237
        },
        "DroneAgent.Losses.ValueLoss.sum": {
            "value": 0.0002382565850894025,
            "min": 2.8267094285183704e-05,
            "max": 0.0006178693711262895,
            "count": 237
        },
        "DroneAgent.Policy.LearningRate.mean": {
            "value": 2.9306497069359957e-05,
            "min": 2.9306497069359957e-05,
            "max": 0.0009957060004294,
            "count": 237
        },
        "DroneAgent.Policy.LearningRate.sum": {
            "value": 2.9306497069359957e-05,
            "min": 2.9306497069359957e-05,
            "max": 0.0009957060004294,
            "count": 237
        },
        "DroneAgent.Policy.Epsilon.mean": {
            "value": 0.10293064,
            "min": 0.10293064,
            "max": 0.19957060000000001,
            "count": 237
        },
        "DroneAgent.Policy.Epsilon.sum": {
            "value": 0.10293064,
            "min": 0.10293064,
            "max": 0.19957060000000001,
            "count": 237
        },
        "DroneAgent.Policy.Beta.mean": {
            "value": 0.01,
            "min": 0.01,
            "max": 0.01,
            "count": 237
        },
        "DroneAgent.Policy.Beta.sum": {
            "value": 0.01,
            "min": 0.01,
            "max": 0.01,
            "count": 237
        },
        "DroneAgent.Policy.GAILPolicyEstimate.mean": {
            "value": 0.0009700367372715846,
            "min": 0.0005379147274652496,
            "max": 0.0022000425295118477,
            "count": 237
        },
        "DroneAgent.Policy.GAILPolicyEstimate.sum": {
            "value": 0.0009700367372715846,
            "min": 0.0005379147274652496,
            "max": 0.0022000425295118477,
            "count": 237
        },
        "DroneAgent.Policy.GAILExpertEstimate.mean": {
            "value": 0.9998874977231026,
            "min": 0.9990626767277717,
            "max": 0.9999501332640648,
            "count": 237
        },
        "DroneAgent.Policy.GAILExpertEstimate.sum": {
            "value": 0.9998874977231026,
            "min": 0.9990626767277717,
            "max": 0.9999501332640648,
            "count": 237
        },
        "DroneAgent.Losses.GAILLoss.mean": {
            "value": 0.001130688282137271,
            "min": 0.0006509061891847523,
            "max": 0.0035057581088040026,
            "count": 237
        },
        "DroneAgent.Losses.GAILLoss.sum": {
            "value": 0.001130688282137271,
            "min": 0.0006509061891847523,
            "max": 0.0035057581088040026,
            "count": 237
        },
        "DroneAgent.Policy.GAILGradMagLoss.mean": {
            "value": 0.0017369851171679328,
            "min": 0.000986212778298068,
            "max": 0.004239696604781784,
            "count": 237
        },
        "DroneAgent.Policy.GAILGradMagLoss.sum": {
            "value": 0.0017369851171679328,
            "min": 0.000986212778298068,
            "max": 0.004239696604781784,
            "count": 237
        },
        "DroneAgent.Losses.PretrainingLoss.mean": {
            "value": 0.0,
            "min": 0.0,
            "max": 371551855502.2222,
            "count": 237
        },
        "DroneAgent.Losses.PretrainingLoss.sum": {
            "value": 0.0,
            "min": 0.0,
            "max": 371551855502.2222,
            "count": 237
        }
    },
    "metadata": {
        "timer_format_version": "0.1.0",
        "start_time_seconds": "1697543380",
        "python_version": "3.9.13 (tags/v3.9.13:6de2ca5, May 17 2022, 16:36:42) [MSC v.1929 64 bit (AMD64)]",
        "command_line_arguments": "F:\\Unity projects\\Oblig2\\Drone_MLagents\\venv\\Scripts\\mlagents-learn config/DroneAgent.yaml --initialize-from=DroneAgentTrackNO4 --run-id=DroneAgentTrackNO5",
        "mlagents_version": "0.30.0",
        "mlagents_envs_version": "0.30.0",