{
    "name": "root",
    "gauges": {
        "DroneAgent.Policy.Entropy.mean": {
            "value": 4.396790504455566,
            "min": 3.8109657764434814,
            "max": 4.396790504455566,
            "count": 500
        },
        "DroneAgent.Policy.Entropy.sum": {
            "value": 44504.3125,
            "min": 35853.5703125,
            "max": 45057.08203125,
            "count": 500
        },
        "DroneAgent.Step.mean": {
            "value": 4999944.0,
            "min": 9984.0,
            "max": 4999944.0,
            "count": 500
        },
        "DroneAgent.Step.sum": {
            "value": 4999944.0,
            "min": 9984.0,
            "max": 4999944.0,
            "count": 500
        },
        "DroneAgent.Policy.ExtrinsicValueEstimate.mean": {
            "value": 0.24953797459602356,
            "min": -0.022271931171417236,
            "max": 0.4205312132835388,
            "count": 500
        },
        "DroneAgent.Policy.ExtrinsicValueEstimate.sum": {
            "value": 38.92792510986328,
            "min": -3.518965244293213,
            "max": 65.60286712646484,
            "count": 500
        },
        "DroneAgent.Policy.GailValueEstimate.mean": {
            "value": 0.00429145572707057,
            "min": -0.007765200454741716,
            "max": 0.03957655280828476,
            "count": 500
        },
        "DroneAgent.Policy.GailValueEstimate.sum": {
            "value": 0.6694670915603638,
            "min": -1.226901650428772,
            "max": 6.292672157287598,
            "count": 500
        },
        "DroneAgent.IsTraining.mean": {
            "value": 1.0,
            "min": 1.0,
            "max": 1.0,
            "count": 500
        },
        "DroneAgent.IsTraining.sum": {
            "value": 1.0,
            "min": 1.0,
            "max": 1.0,
            "count": 500
        },
        "DroneAgent.Losses.PolicyLoss.mean": {
            "value": 0.056677032142761166,
            "min": 0.056677032142761166,
            "max": 0.10798332529957407,
            "count": 244
        },
        "DroneAgent.Losses.PolicyLoss.sum": {
            "value": 0.056677032142761166,
            "min": 0.056677032142761166,
            "max": 0.10798332529957407,
            "count": 244
        },
        "DroneAgent.Losses.ValueLoss.mean": {
            "value": 0.003549023502273485,
            "min": 0.0014717570637003518,
            "max": 0.007195240334840492,
            "count": 244
        },
        "DroneAgent.Losses.ValueLoss.sum": {
            "value": 0.003549023502273485,
            "min": 0.0014717570637003518,
            "max": 0.007195240334840492,
            "count": 244
        },
        "DroneAgent.Policy.LearningRate.mean": {
            "value": 2.2112997788799687e-06,
            "min": 2.2112997788799687e-06,
            "max": 0.00099569920043008,
            "count": 244
        },
        "DroneAgent.Policy.LearningRate.sum": {
            "value": 2.2112997788799687e-06,
            "min": 2.2112997788799687e-06,
            "max": 0.00099569920043008,
            "count": 244
        },
        "DroneAgent.Policy.Epsilon.mean": {
            "value": 0.10022112000000001,
            "min": 0.10022112000000001,
            "max": 0.19956992,
            "count": 244
        },
        "DroneAgent.Policy.Epsilon.sum": {
            "value": 0.10022112000000001,
            "min": 0.10022112000000001,
            "max": 0.19956992,
            "count": 244
        },
        "DroneAgent.Policy.Beta.mean": {
            "value": 0.01,
            "min": 0.01,
            "max": 0.01,
            "count": 244
        },
        "DroneAgent.Policy.Beta.sum": {
            "value": 0.01,
            "min": 0.01,
            "max": 0.01,
            "count": 244
        },
        "DroneAgent.Policy.GAILPolicyEstimate.mean": {
            "value": 0.00027379671616927225,
            "min": 9.435685461198773e-05,
            "max": 0.00514346735003528,
            "count": 244
        },
        "DroneAgent.Policy.GAILPolicyEstimate.sum": {
            "value": 0.00027379671616927225,
            "min": 9.435685461198773e-05,
            "max": 0.00514346735003528,
            "count": 244
        },
        "DroneAgent.Policy.GAILExpertEstimate.mean": {
            "value": 0.9999656930565834,
            "min": 0.9997971668839455,
            "max": 0.9999995395541191,
            "count": 244
        },
        "DroneAgent.Policy.GAILExpertEstimate.sum": {
            "value": 0.9999656930565834,
            "min": 0.9997971668839455,
            "max": 0.9999995395541191,
            "count": 244
        },
        "DroneAgent.Losses.GAILLoss.mean": {
            "value": 0.0003188383174347109,
            "min": 0.00012015516419978667,
            "max": 0.006019771781780037,
            "count": 244
        },
        "DroneAgent.Losses.GAILLoss.sum": {
            "value": 0.0003188383174347109,
            "min": 0.00012015516419978667,
            "max": 0.006019771781780037,
            "count": 244
        },
        "DroneAgent.Policy.GAILGradMagLoss.mean": {
            "value": 0.0008114182437566342,
            "min": 0.0004939332768117311,
            "max": 0.09133379316190257,
            "count": 244
        },
        "DroneAgent.Policy.GAILGradMagLoss.sum": {
            "value": 0.0008114182437566342,
            "min": 0.0004939332768117311,
            "max": 0.09133379316190257,
            "count": 244
        },
        "DroneAgent.Losses.PretrainingLoss.mean": {
            "value": 0.0,
            "min": 0.0,
            "max": 319.83218248155384,
            "count": 244
        },
        "DroneAgent.Losses.PretrainingLoss.sum": {
            "value": 0.0,
            "min": 0.0,
            "max": 319.83218248155384,
            "count": 244
        },
        "DroneAgent.Environment.EpisodeLength.mean": {
            "value": 4727.0,
            "min": 846.0,
            "max": 5999.0,
            "count": 455
        },
        "DroneAgent.Environment.EpisodeLength.sum": {
            "value": 4727.0,
            "min": 846.0,
            "max": 41288.0,
            "count": 455
        },
        "DroneAgent.Environment.CumulativeReward.mean": {
            "value": 17.00380529637914,
            "min": -3.38891456683632,
            "max": 20.60040738954558,
            "count": 455
        },
        "DroneAgent.Environment.CumulativeReward.sum": {
            "value": 17.00380529637914,
            "min": -3.38891456683632,
            "max": 91.19790267437929,
            "count": 455
        },
        "DroneAgent.Policy.ExtrinsicReward.mean": {
            "value": 17.00380529637914,
            "min": -3.38891456683632,
            "max": 20.60040738954558,
            "count": 455
        },
        "DroneAgent.Policy.ExtrinsicReward.sum": {
            "value": 17.00380529637914,
            "min": -3.38891456683632,
            "max": 91.19790267437929,
            "count": 455
        },
        "DroneAgent.Policy.GailReward.mean": {
            "value": 0.04090519621564859,
            "min": 0.00040872656885904135,
            "max": 3.7711168238092028,
            "count": 455
        },
        "DroneAgent.Policy.GailReward.sum": {
            "value": 0.04090519621564859,
            "min": 0.0008174531377180827,
            "max": 18.855584119046014,
            "count": 455
        }
    },
    "metadata": {
        "timer_format_version": "0.1.0",
        "start_time_seconds": "1699973456",
        "python_version": "3.9.13 (tags/v3.9.13:6de2ca5, May 17 2022, 16:36:42) [MSC v.1929 64 bit (AMD64)]",
        "command_line_arguments": "C:\\Users\\thoma\\AppData\\Local\\Programs\\Python\\Python39\\Scripts\\mlagents-learn config\\DroneAgent.yaml --initialize-from=DroneAgentMG3 --run-id=DroneAgentMG4",
        "mlagents_version": "0.30.0",
        "mlagents_envs_version": "0.30.0",