{
    "name": "root",
    "metadata": {
        "timer_format_version": "0.1.0",
        "start_time_seconds": "1696214268",
        "python_version": "3.9.13 (tags/v3.9.13:6de2ca5, May 17 2022, 16:36:42) [MSC v.1929 64 bit (AMD64)]",
        "command_line_arguments": "F:\\Unity projects\\Oblig2\\Drone_MLagents\\venv\\Scripts\\mlagents-learn config/DroneAgent.yaml --run-id=DroneAgentup2",
        "mlagents_version": "0.30.0",
        "mlagents_envs_version": "0.30.0",
        "communication_protocol_version": "1.5.0",
        "pytorch_version": "2.0.1+cu117",
        "numpy_version": "1.21.2",
        "end_time_seconds": "1696214431"
    },
    "total": 162.9396367,
    "count": 1,
    "self": 10.005259300000006,
    "children": {
        "run_training.setup": {
            "total": 0.06996570000000002,
            "count": 1,
            "self": 0.06996570000000002
        },
        "TrainerController.start_learning": {
            "total": 152.86441169999998,
            "count": 1,
            "self": 0.19432630000045492,
            "children": {
                "TrainerController._reset_env": {
                    "total": 9.0970452,
                    "count": 1,
                    "self": 8.2979398,
                    "children": {
                        "demo_to_buffer": {
                            "total": 0.7991054000000002,
                            "count": 2,
                            "self": 6.440000000118573e-05,
                            "children": {
                                "load_demonstration": {
                                    "total": 0.0163859999999989,
                                    "count": 2,
                                    "self": 0.016172799999997878,
                                    "children": {
                                        "read_file": {
                                            "total": 0.00021320000000102368,
                                            "count": 2,
                                            "self": 0.00021320000000102368
                                        }
                                    }
                                },
                                "make_demo_buffer": {
                                    "total": 0.7826550000000001,
                                    "count": 2,
                                    "self": 0.1744175000000272,
                                    "children": {
                                        "steps_from_proto": {
                                            "total": 0.6082374999999729,
                                            "count": 9088,
                                            "self": 0.3726859999999075,
                                            "children": {
                                                "_process_rank_one_or_two_observation": {
                                                    "total": 0.23555150000006542,
                                                    "count": 18176,
                                                    "self": 0.23555150000006542
                                                }
                                            }
                                        }
                                    }
                                }
                            }
                        }
                    }
                },
                "TrainerController.advance": {
                    "total": 143.41512429999952,
                    "count": 17516,
                    "self": 0.1775957999994091,
                    "children": {
                        "env_step": {
                            "total": 133.5472578000008,
                            "count": 17516,
                            "self": 104.70070170000064,
                            "children": {
                                "SubprocessEnvManager._take_step": {
                                    "total": 28.72130229999958,
                                    "count": 17518,
                                    "self": 0.646565899998464,
                                    "children": {
                                        "TorchPolicy.evaluate": {
                                            "total": 28.074736400001115,
                                            "count": 17518,
                                            "self": 28.074736400001115
                                        }
                                    }
                                },
                                "workers": {
                                    "total": 0.12525380000059272,
                                    "count": 17515,
                                    "self": 0.0,
                                    "children": {
                                        "worker_root": {
                                            "total": 86.1901906999997,
                                            "count": 17515,
                                            "is_parallel": true,
                                            "self": 49.15570399999922,
                                            "children": {
                                                "steps_from_proto": {
                                                    "total": 0.0006314000000031683,
                                                    "count": 3,
                                                    "is_parallel": true,
                                                    "self": 0.0002369999999993766,
                                                    "children": {
                                                        "_process_rank_one_or_two_observation": {
                                                            "total": 0.0003944000000037917,
                                                            "count": 6,
                                                            "is_parallel": true,
                                                            "self": 0.0003944000000037917
                                                        }
                                                    }
                                                },
                                                "UnityEnvironment.step": {
                                                    "total": 37.03385530000048,
                                                    "count": 17515,
                                                    "is_parallel": true,
                                                    "self": 0.7584842000002823,
                                                    "children": {
                                                        "UnityEnvironment._generate_step_input": {
                                                            "total": 0.6580933999997374,
                                                            "count": 17515,
                                                            "is_parallel": true,
                                                            "self": 0.6580933999997374
                                                        },
                                                        "communicator.exchange": {
                                                            "total": 33.837364600000676,
                                                            "count": 17515,
                                                            "is_parallel": true,
                                                            "self": 33.837364600000676
                                                        },
                                                        "steps_from_proto": {
                                                            "total": 1.7799130999997868,
                                                            "count": 17515,
                                                            "is_parallel": true,