{
    "name": "root",
    "gauges": {
        "DroneAgent.Policy.Entropy.mean": {
            "value": 2.1247122287750244,
            "min": 1.6807841062545776,
            "max": 2.1247122287750244,
            "count": 500
        },
        "DroneAgent.Policy.Entropy.sum": {
            "value": 21550.955078125,
            "min": 15812.81640625,
            "max": 21795.265625,
            "count": 500
        },
        "DroneAgent.Step.mean": {
            "value": 4999969.0,
            "min": 9984.0,
            "max": 4999969.0,
            "count": 500
        },
        "DroneAgent.Step.sum": {
            "value": 4999969.0,
            "min": 9984.0,
            "max": 4999969.0,
            "count": 500
        },
        "DroneAgent.Policy.ExtrinsicValueEstimate.mean": {
            "value": 0.33815422654151917,
            "min": -0.10808327794075012,
            "max": 0.42300376296043396,
            "count": 500
        },
        "DroneAgent.Policy.ExtrinsicValueEstimate.sum": {
            "value": 54.10467529296875,
            "min": -17.18524169921875,
            "max": 66.8345947265625,
            "count": 500
        },
        "DroneAgent.Policy.GailValueEstimate.mean": {
            "value": 0.024836165830492973,
            "min": 0.01703336462378502,
            "max": 0.2557034194469452,
            "count": 500
        },
        "DroneAgent.Policy.GailValueEstimate.sum": {
            "value": 3.9737865924835205,
            "min": 2.7083048820495605,
            "max": 40.40113830566406,
            "count": 500
        },
        "DroneAgent.IsTraining.mean": {
            "value": 1.0,
            "min": 1.0,
            "max": 1.0,
            "count": 500
        },
        "DroneAgent.IsTraining.sum": {
            "value": 1.0,
            "min": 1.0,
            "max": 1.0,
            "count": 500
        },
        "DroneAgent.Losses.PolicyLoss.mean": {
            "value": 0.08471483940957114,
            "min": 0.05642922355327755,
            "max": 0.12555090063251556,
            "count": 247
        },
        "DroneAgent.Losses.PolicyLoss.sum": {
            "value": 0.08471483940957114,
            "min": 0.05642922355327755,
            "max": 0.12555090063251556,
            "count": 247
        },
        "DroneAgent.Losses.ValueLoss.mean": {
            "value": 0.0013587917805125472,
            "min": 0.00014554037870766478,
            "max": 0.007326056837337091,
            "count": 247
        },
        "DroneAgent.Losses.ValueLoss.sum": {
            "value": 0.0013587917805125472,
            "min": 0.00014554037870766478,
            "max": 0.007326056837337091,
            "count": 247
        },
        "DroneAgent.Policy.LearningRate.mean": {
            "value": 3.8974996102600506e-06,
            "min": 3.8974996102600506e-06,
            "max": 0.00099569920043008,
            "count": 247
        },
        "DroneAgent.Policy.LearningRate.sum": {
            "value": 3.8974996102600506e-06,
            "min": 3.8974996102600506e-06,
            "max": 0.00099569920043008,
            "count": 247
        },
        "DroneAgent.Policy.Epsilon.mean": {
            "value": 0.10038974,
            "min": 0.10038974,
            "max": 0.19956992,
            "count": 247
        },
        "DroneAgent.Policy.Epsilon.sum": {
            "value": 0.10038974,
            "min": 0.10038974,
            "max": 0.19956992,
            "count": 247
        },
        "DroneAgent.Policy.Beta.mean": {
            "value": 0.01,
            "min": 0.01,
            "max": 0.01,
            "count": 247
        },
        "DroneAgent.Policy.Beta.sum": {
            "value": 0.01,
            "min": 0.01,
            "max": 0.01,
            "count": 247
        },
        "DroneAgent.Policy.GAILPolicyEstimate.mean": {
            "value": 0.001335932624351699,
            "min": 0.0011936585899093189,
            "max": 0.011714453349122777,
            "count": 247
        },
        "DroneAgent.Policy.GAILPolicyEstimate.sum": {
            "value": 0.001335932624351699,
            "min": 0.0011936585899093189,
            "max": 0.011714453349122777,
            "count": 247
        },
        "DroneAgent.Policy.GAILExpertEstimate.mean": {
            "value": 0.9991103440523148,
            "min": 0.9941662147641182,
            "max": 0.9991103440523148,
            "count": 247
        },
        "DroneAgent.Policy.GAILExpertEstimate.sum": {
            "value": 0.9991103440523148,
            "min": 0.9941662147641182,
            "max": 0.9991103440523148,
            "count": 247
        },
        "DroneAgent.Losses.GAILLoss.mean": {
            "value": 0.0022737850347766654,
            "min": 0.0022737850347766654,
            "max": 0.01892385007813573,
            "count": 247
        },
        "DroneAgent.Losses.GAILLoss.sum": {
            "value": 0.0022737850347766654,
            "min": 0.0022737850347766654,
            "max": 0.01892385007813573,
            "count": 247
        },
        "DroneAgent.Policy.GAILGradMagLoss.mean": {
            "value": 0.0042486135964281855,
            "min": 0.0042486135964281855,
            "max": 0.03076973962597549,
            "count": 247
        },
        "DroneAgent.Policy.GAILGradMagLoss.sum": {
            "value": 0.0042486135964281855,
            "min": 0.0042486135964281855,
            "max": 0.03076973962597549,
            "count": 247
        },
        "DroneAgent.Losses.PretrainingLoss.mean": {
            "value": 0.0,
            "min": 0.0,
            "max": 2.580120007197062,
            "count": 247
        },
        "DroneAgent.Losses.PretrainingLoss.sum": {
            "value": 0.0,
            "min": 0.0,
            "max": 2.580120007197062,
            "count": 247
        },
        "DroneAgent.Environment.EpisodeLength.mean": {
            "value": 1981.5,
            "min": 242.4,
            "max": 3999.0,
            "count": 487
        },
        "DroneAgent.Environment.EpisodeLength.sum": {
            "value": 11889.0,
            "min": 714.0,
            "max": 41958.0,
            "count": 487
        },
        "DroneAgent.Environment.CumulativeReward.mean": {
            "value": 7.047402652818709,
            "min": -3.407062193378806,
            "max": 8.967177651124075,
            "count": 487
        },
        "DroneAgent.Environment.CumulativeReward.sum": {
            "value": 35.23701326409355,
            "min": -18.237532568397,
            "max": 121.06722016073763,
            "count": 487
        },
        "DroneAgent.Policy.ExtrinsicReward.mean": {
            "value": 7.047402652818709,
            "min": -3.407062193378806,
            "max": 8.967177651124075,
            "count": 487
        },
        "DroneAgent.Policy.ExtrinsicReward.sum": {
            "value": 35.23701326409355,
            "min": -18.237532568397,
            "max": 121.06722016073763,
            "count": 487
        },
        "DroneAgent.Policy.GailReward.mean": {
            "value": 0.3476288494745404,
            "min": 0.14260897678953674,
            "max": 7.233903986902469,
            "count": 487
        },
        "DroneAgent.Policy.GailReward.sum": {
            "value": 1.738144247372702,
            "min": 0.2048980670401761,
            "max": 61.229311989461706,
            "count": 487
        }
    },
    "metadata": {
        "timer_format_version": "0.1.0",
        "start_time_seconds": "1697570899",
        "python_version": "3.9.13 (tags/v3.9.13:6de2ca5, May 17 2022, 16:36:42) [MSC v.1929 64 bit (AMD64)]",
        "command_line_arguments": "F:\\Unity projects\\Oblig2\\Drone_MLagents\\venv\\Scripts\\mlagents-learn config/DroneAgent.yaml --initialize-from=DroneAgentTrackNew1 --run-id=DroneAgentTrackNew2",
        "mlagents_version": "0.30.0",
        "mlagents_envs_version": "0.30.0",
        "communication_protocol_version": "1.5.0",