{
    "name": "root",
    "metadata": {
        "timer_format_version": "0.1.0",
        "start_time_seconds": "1696212159",
        "python_version": "3.9.13 (tags/v3.9.13:6de2ca5, May 17 2022, 16:36:42) [MSC v.1929 64 bit (AMD64)]",
        "command_line_arguments": "F:\\Unity projects\\Oblig2\\Drone_MLagents\\venv\\Scripts\\mlagents-learn config/DroneAgent.yaml --run-id=DroneAgentTest9",
        "mlagents_version": "0.30.0",
        "mlagents_envs_version": "0.30.0",
        "communication_protocol_version": "1.5.0",
        "pytorch_version": "2.0.1+cu117",
        "numpy_version": "1.21.2",
        "end_time_seconds": "1696212167"
    },
    "total": 8.005246,
    "count": 1,
    "self": 0.006714099999999945,
    "children": {
        "run_training.setup": {
            "total": 0.07151430000000003,
            "count": 1,
            "self": 0.07151430000000003
        },
        "TrainerController.start_learning": {
            "total": 7.9270176,
            "count": 1,
            "self": 8.140000000089742e-05,
            "children": {
                "TrainerController._reset_env": {
                    "total": 7.925965199999999,
                    "count": 1,
                    "self": 7.533127299999999,
                    "children": {
                        "demo_to_buffer": {
                            "total": 0.39283789999999996,
                            "count": 1,
                            "self": 2.4899999999661304e-05,
                            "children": {
                                "load_demonstration": {
                                    "total": 0.007813799999999205,
                                    "count": 1,
                                    "self": 0.007753399999998578,
                                    "children": {
                                        "read_file": {
                                            "total": 6.040000000062662e-05,
                                            "count": 1,
                                            "self": 6.040000000062662e-05
                                        }
                                    }
                                },
                                "make_demo_buffer": {
                                    "total": 0.3849992000000011,
                                    "count": 1,
                                    "self": 0.08509320000009524,
                                    "children": {
                                        "steps_from_proto": {
                                            "total": 0.29990599999990586,
                                            "count": 4440,
                                            "self": 0.18467030000003426,
                                            "children": {
                                                "_process_rank_one_or_two_observation": {
                                                    "total": 0.1152356999998716,
                                                    "count": 8880,
                                                    "self": 0.1152356999998716
                                                }
                                            }
                                        }
                                    }
                                }
                            }
                        }
                    }
                },
                "TrainerController._save_models": {
                    "total": 0.0009709999999998331,
                    "count": 1,
                    "self": 0.00013660000000115247,
                    "children": {
                        "RLTrainer._checkpoint": {
                            "total": 0.0008343999999986806,
                            "count": 1,
                            "self": 0.0008343999999986806
                        }
                    }
                }
            }
        }
    }
}