{
    "name": "root",
    "gauges": {
        "DroneAgent.Policy.Entropy.mean": {
            "value": 7.680511474609375,
            "min": 7.198081016540527,
            "max": 7.680556774139404,
            "count": 500
        },
        "DroneAgent.Policy.Entropy.sum": {
            "value": 75967.9375,
            "min": 69514.1640625,
            "max": 79156.6796875,
            "count": 500
        },
        "DroneAgent.Step.mean": {
            "value": 4999956.0,
            "min": 9943.0,
            "max": 4999956.0,
            "count": 500
        },
        "DroneAgent.Step.sum": {
            "value": 4999956.0,
            "min": 9943.0,
            "max": 4999956.0,
            "count": 500
        },
        "DroneAgent.Policy.ExtrinsicValueEstimate.mean": {
            "value": 0.5793904662132263,
            "min": 0.30879858136177063,
            "max": 0.7079663276672363,
            "count": 500
        },
        "DroneAgent.Policy.ExtrinsicValueEstimate.sum": {
            "value": 90.96430206298828,
            "min": 49.098976135253906,
            "max": 111.85868072509766,
            "count": 500
        },
        "DroneAgent.Policy.GailValueEstimate.mean": {
            "value": 0.009051165543496609,
            "min": 0.006218645256012678,
            "max": 0.11173976957798004,
            "count": 500
        },
        "DroneAgent.Policy.GailValueEstimate.sum": {
            "value": 1.4210330247879028,
            "min": 0.9887645840644836,
            "max": 17.54314422607422,
            "count": 500
        },
        "DroneAgent.Environment.EpisodeLength.mean": {
            "value": 2923.0,
            "min": 362.5,
            "max": 5999.0,
            "count": 483
        },
        "DroneAgent.Environment.EpisodeLength.sum": {
            "value": 8769.0,
            "min": 366.0,
            "max": 27764.0,
            "count": 483
        },
        "DroneAgent.Environment.CumulativeReward.mean": {
            "value": 18.550700886000413,
            "min": -0.5074920232727891,
            "max": 40.486703982853214,
            "count": 483
        },
        "DroneAgent.Environment.CumulativeReward.sum": {
            "value": 55.65210265800124,
            "min": -1.0149840465455782,
            "max": 179.0250013108307,
            "count": 483
        },
        "DroneAgent.Policy.ExtrinsicReward.mean": {
            "value": 18.550700886000413,
            "min": -0.5074920232727891,
            "max": 40.486703982853214,
            "count": 483
        },
        "DroneAgent.Policy.ExtrinsicReward.sum": {
            "value": 55.65210265800124,
            "min": -1.0149840465455782,
            "max": 179.0250013108307,
            "count": 483
        },
        "DroneAgent.Policy.GailReward.mean": {
            "value": 0.368442857322961,
            "min": 0.04778623417413996,
            "max": 4.659340823990351,
            "count": 483
        },
        "DroneAgent.Policy.GailReward.sum": {
            "value": 1.105328571968883,
            "min": 0.04778623417413996,
            "max": 26.228771802419942,
            "count": 483
        },
        "DroneAgent.IsTraining.mean": {
            "value": 1.0,
            "min": 1.0,
            "max": 1.0,
            "count": 500
        },
        "DroneAgent.IsTraining.sum": {
            "value": 1.0,
            "min": 1.0,
            "max": 1.0,
            "count": 500
        },
        "DroneAgent.Losses.PolicyLoss.mean": {
            "value": 0.07560671350220219,
            "min": 0.055010365997441114,
            "max": 0.11389951829332859,
            "count": 245
        },
        "DroneAgent.Losses.PolicyLoss.sum": {
            "value": 0.07560671350220219,
            "min": 0.055010365997441114,
            "max": 0.11389951829332859,
            "count": 245
        },
        "DroneAgent.Losses.ValueLoss.mean": {
            "value": 0.001953482000681106,
            "min": 0.0011110147897852585,
            "max": 0.0052044112526346,
            "count": 245
        },
        "DroneAgent.Losses.ValueLoss.sum": {
            "value": 0.001953482000681106,
            "min": 0.0011110147897852585,
            "max": 0.0052044112526346,
            "count": 245
        },
        "DroneAgent.Policy.LearningRate.mean": {
            "value": 2.0960997903999863e-06,
            "min": 2.0960997903999863e-06,
            "max": 0.00099594980040502,
            "count": 245
        },
        "DroneAgent.Policy.LearningRate.sum": {
            "value": 2.0960997903999863e-06,
            "min": 2.0960997903999863e-06,
            "max": 0.00099594980040502,
            "count": 245
        },
        "DroneAgent.Policy.Epsilon.mean": {
            "value": 0.10020960000000001,
            "min": 0.10020960000000001,
            "max": 0.19959498,
            "count": 245
        },
        "DroneAgent.Policy.Epsilon.sum": {
            "value": 0.10020960000000001,
            "min": 0.10020960000000001,
            "max": 0.19959498,
            "count": 245
        },
        "DroneAgent.Policy.Beta.mean": {
            "value": 0.01,
            "min": 0.01,
            "max": 0.01,
            "count": 245
        },
        "DroneAgent.Policy.Beta.sum": {
            "value": 0.01,
            "min": 0.01,
            "max": 0.01,
            "count": 245
        },
        "DroneAgent.Policy.GAILPolicyEstimate.mean": {
            "value": 0.007024247688241303,
            "min": 0.005414604488760233,
            "max": 0.08851913204416632,
            "count": 245
        },
        "DroneAgent.Policy.GAILPolicyEstimate.sum": {
            "value": 0.007024247688241303,
            "min": 0.005414604488760233,
            "max": 0.08851913204416632,
            "count": 245
        },
        "DroneAgent.Policy.GAILExpertEstimate.mean": {
            "value": 0.997813780605793,
            "min": 0.9544963210821151,
            "max": 0.9982331648468972,
            "count": 245
        },
        "DroneAgent.Policy.GAILExpertEstimate.sum": {
            "value": 0.997813780605793,
            "min": 0.9544963210821151,
            "max": 0.9982331648468972,
            "count": 245
        },
        "DroneAgent.Losses.GAILLoss.mean": {
            "value": 0.009969339042436331,
            "min": 0.007845678215380758,
            "max": 0.17293806299567221,
            "count": 245
        },
        "DroneAgent.Losses.GAILLoss.sum": {
            "value": 0.009969339042436331,
            "min": 0.007845678215380758,
            "max": 0.17293806299567221,
            "count": 245
        },
        "DroneAgent.Policy.GAILGradMagLoss.mean": {
            "value": 0.009071267081890256,
            "min": 0.007750767306424678,
            "max": 0.050112355826422574,
            "count": 245
        },
        "DroneAgent.Policy.GAILGradMagLoss.sum": {
            "value": 0.009071267081890256,
            "min": 0.007750767306424678,
            "max": 0.050112355826422574,
            "count": 245
        },
        "DroneAgent.Losses.PretrainingLoss.mean": {
            "value": 0.0,
            "min": 0.0,
            "max": 12850469.444444444,
            "count": 245
        },
        "DroneAgent.Losses.PretrainingLoss.sum": {
            "value": 0.0,
            "min": 0.0,
            "max": 12850469.444444444,
            "count": 245
        }
    },
    "metadata": {
        "timer_format_version": "0.1.0",
        "start_time_seconds": "1697477449",
        "python_version": "3.9.13 (tags/v3.9.13:6de2ca5, May 17 2022, 16:36:42) [MSC v.1929 64 bit (AMD64)]",
        "command_line_arguments": "F:\\Unity projects\\Oblig2\\Drone_MLagents\\venv\\Scripts\\mlagents-learn config\\DroneAgent.yaml --initialize-from=DroneAgentTrackNO --run-id=DroneAgentTrackNO1",
        "mlagents_version": "0.30.0",
        "mlagents_envs_version": "0.30.0",
        "communication_protocol_version": "1.5.0",