{
    "name": "root",
    "gauges": {
        "DroneAgent.Policy.Entropy.mean": {
            "value": 7.186637878417969,
            "min": 6.820785045623779,
            "max": 7.186637878417969,
            "count": 500
        },
        "DroneAgent.Policy.Entropy.sum": {
            "value": 71751.390625,
            "min": 67430.2109375,
            "max": 73585.3515625,
            "count": 500
        },
        "DroneAgent.Step.mean": {
            "value": 4999957.0,
            "min": 9978.0,
            "max": 4999957.0,
            "count": 500
        },
        "DroneAgent.Step.sum": {
            "value": 4999957.0,
            "min": 9978.0,
            "max": 4999957.0,
            "count": 500
        },
        "DroneAgent.Policy.ExtrinsicValueEstimate.mean": {
            "value": 0.7300096154212952,
            "min": 0.21637560427188873,
            "max": 0.7963584065437317,
            "count": 500
        },
        "DroneAgent.Policy.ExtrinsicValueEstimate.sum": {
            "value": 115.34152221679688,
            "min": 36.35110092163086,
            "max": 125.82463073730469,
            "count": 500
        },
        "DroneAgent.Policy.GailValueEstimate.mean": {
            "value": 9.10234812181443e-05,
            "min": -0.0014134316006675363,
            "max": 0.004192006774246693,
            "count": 500
        },
        "DroneAgent.Policy.GailValueEstimate.sum": {
            "value": 0.014381710439920425,
            "min": -0.2261490523815155,
            "max": 0.6707210540771484,
            "count": 500
        },
        "DroneAgent.Environment.EpisodeLength.mean": {
            "value": 984.8,
            "min": 219.6875,
            "max": 2710.4285714285716,
            "count": 500
        },
        "DroneAgent.Environment.EpisodeLength.sum": {
            "value": 4924.0,
            "min": 1413.0,
            "max": 24635.0,
            "count": 500
        },
        "DroneAgent.Environment.CumulativeReward.mean": {
            "value": 6.556555559803383,
            "min": 0.15513855990775482,
            "max": 20.86492894110935,
            "count": 500
        },
        "DroneAgent.Environment.CumulativeReward.sum": {
            "value": 32.78277779901691,
            "min": 4.964433917048154,
            "max": 166.60601760815916,
            "count": 500
        },
        "DroneAgent.Policy.ExtrinsicReward.mean": {
            "value": 6.556555559803383,
            "min": 0.15513855990775482,
            "max": 20.86492894110935,
            "count": 500
        },
        "DroneAgent.Policy.ExtrinsicReward.sum": {
            "value": 32.78277779901691,
            "min": 4.964433917048154,
            "max": 166.60601760815916,
            "count": 500
        },
        "DroneAgent.Policy.GailReward.mean": {
            "value": 0.0002288828453786529,
            "min": 3.4436867472065202e-06,
            "max": 0.0753955113128324,
            "count": 500
        },
        "DroneAgent.Policy.GailReward.sum": {
            "value": 0.0011444142268932644,
            "min": 1.3774746988826081e-05,
            "max": 0.6628036217611704,
            "count": 500
        },
        "DroneAgent.IsTraining.mean": {
            "value": 1.0,
            "min": 1.0,
            "max": 1.0,
            "count": 500
        },
        "DroneAgent.IsTraining.sum": {
            "value": 1.0,
            "min": 1.0,
            "max": 1.0,
            "count": 500
        },
        "DroneAgent.Losses.PolicyLoss.mean": {
            "value": 0.06985387618187815,
            "min": 0.05705404037289554,
            "max": 0.11285019956994802,
            "count": 249
        },
        "DroneAgent.Losses.PolicyLoss.sum": {
            "value": 0.06985387618187815,
            "min": 0.05705404037289554,
            "max": 0.11285019956994802,
            "count": 249
        },
        "DroneAgent.Losses.ValueLoss.mean": {
            "value": 0.005472558207111433,
            "min": 0.003566949744708836,
            "max": 0.013818336423719301,
            "count": 249
        },
        "DroneAgent.Losses.ValueLoss.sum": {
            "value": 0.005472558207111433,
            "min": 0.003566949744708836,
            "max": 0.013818336423719301,
            "count": 249
        },
        "DroneAgent.Policy.LearningRate.mean": {
            "value": 3.0158996984200125e-06,
            "min": 3.0158996984200125e-06,
            "max": 0.00099588880041112,
            "count": 249
        },
        "DroneAgent.Policy.LearningRate.sum": {
            "value": 3.0158996984200125e-06,
            "min": 3.0158996984200125e-06,
            "max": 0.00099588880041112,
            "count": 249
        },
        "DroneAgent.Policy.Epsilon.mean": {
            "value": 0.10030158,
            "min": 0.10030158,
            "max": 0.19958888000000002,
            "count": 249
        },
        "DroneAgent.Policy.Epsilon.sum": {
            "value": 0.10030158,
            "min": 0.10030158,
            "max": 0.19958888000000002,
            "count": 249
        },
        "DroneAgent.Policy.Beta.mean": {
            "value": 0.01,
            "min": 0.01,
            "max": 0.01,
            "count": 249
        },
        "DroneAgent.Policy.Beta.sum": {
            "value": 0.01,
            "min": 0.01,
            "max": 0.01,
            "count": 249
        },
        "DroneAgent.Policy.GAILPolicyEstimate.mean": {
            "value": 2.2593456480635154e-05,
            "min": 6.66991096665015e-07,
            "max": 0.0001778552840789871,
            "count": 249
        },
        "DroneAgent.Policy.GAILPolicyEstimate.sum": {
            "value": 2.2593456480635154e-05,
            "min": 6.66991096665015e-07,
            "max": 0.0001778552840789871,
            "count": 249
        },
        "DroneAgent.Policy.GAILExpertEstimate.mean": {
            "value": 0.9999999955296517,
            "min": 0.9999502003192902,
            "max": 1.0,
            "count": 249
        },
        "DroneAgent.Policy.GAILExpertEstimate.sum": {
            "value": 0.9999999955296517,
            "min": 0.9999502003192902,
            "max": 1.0,
            "count": 249
        },
        "DroneAgent.Losses.GAILLoss.mean": {
            "value": 2.2902268487712262e-05,
            "min": 6.380274227169025e-07,
            "max": 0.0001987252605715639,
            "count": 249
        },
        "DroneAgent.Losses.GAILLoss.sum": {
            "value": 2.2902268487712262e-05,
            "min": 6.380274227169025e-07,
            "max": 0.0001987252605715639,
            "count": 249
        },
        "DroneAgent.Policy.GAILGradMagLoss.mean": {
            "value": 3.8587336553064235e-05,
            "min": 1.89340708857344e-05,
            "max": 0.016792378396257846,
            "count": 249
        },
        "DroneAgent.Policy.GAILGradMagLoss.sum": {
            "value": 3.8587336553064235e-05,
            "min": 1.89340708857344e-05,
            "max": 0.016792378396257846,
            "count": 249
        },
        "DroneAgent.Losses.PretrainingLoss.mean": {
            "value": 0.0,
            "min": 0.0,
            "max": 554672.6458333334,
            "count": 249
        },
        "DroneAgent.Losses.PretrainingLoss.sum": {
            "value": 0.0,
            "min": 0.0,
            "max": 554672.6458333334,
            "count": 249
        }
    },
    "metadata": {
        "timer_format_version": "0.1.0",
        "start_time_seconds": "1697410809",
        "python_version": "3.9.13 (tags/v3.9.13:6de2ca5, May 17 2022, 16:36:42) [MSC v.1929 64 bit (AMD64)]",
        "command_line_arguments": "F:\\Unity projects\\Oblig2\\Drone_MLagents\\venv\\Scripts\\mlagents-learn config\\DroneAgent.yaml --initialize-from=DroneAgentTrack11 --run-id=DroneAgentTrack12Fast",
        "mlagents_version": "0.30.0",
        "mlagents_envs_version": "0.30.0",
        "communication_protocol_version": "1.5.0",