{
    "name": "root",
    "metadata": {
        "timer_format_version": "0.1.0",
        "start_time_seconds": "1696521301",
        "python_version": "3.9.13 (tags/v3.9.13:6de2ca5, May 17 2022, 16:36:42) [MSC v.1929 64 bit (AMD64)]",
        "command_line_arguments": "F:\\Unity projects\\Oblig2\\Drone_MLagents\\venv\\Scripts\\mlagents-learn config/DroneAgentNew.yaml --initialize-from=DroneAgent_Reworked --run-id=DroneAgent_reworked_MoveingGoal",
        "mlagents_version": "0.30.0",
        "mlagents_envs_version": "0.30.0",
        "communication_protocol_version": "1.5.0",
        "pytorch_version": "2.0.1+cu117",
        "numpy_version": "1.21.2",
        "end_time_seconds": "1696521336"
    },
    "total": 34.795823999999996,
    "count": 1,
    "self": 0.006551499999993382,
    "children": {
        "run_training.setup": {
            "total": 0.07238560000000005,
            "count": 1,
            "self": 0.07238560000000005
        },
        "TrainerController.start_learning": {
            "total": 34.716886900000006,
            "count": 1,
            "self": 0.010372299999886536,
            "children": {
                "TrainerController._reset_env": {
                    "total": 18.8778619,
                    "count": 1,
                    "self": 11.213675799999997,
                    "children": {
                        "demo_to_buffer": {
                            "total": 7.664186100000002,
                            "count": 2,
                            "self": 0.00015950000000408693,
                            "children": {
                                "load_demonstration": {
                                    "total": 0.1672951999999981,
                                    "count": 2,
                                    "self": 0.14991249999999745,
                                    "children": {
                                        "read_file": {
                                            "total": 0.01738270000000064,
                                            "count": 2,
                                            "self": 0.01738270000000064
                                        }
                                    }
                                },
                                "make_demo_buffer": {
                                    "total": 7.4967314,
                                    "count": 2,
                                    "self": 0.8763344999998264,
                                    "children": {
                                        "steps_from_proto": {
                                            "total": 6.6203969000001734,
                                            "count": 42312,
                                            "self": 2.4486653000008722,
                                            "children": {
                                                "_process_rank_one_or_two_observation": {
                                                    "total": 4.171731599999301,
                                                    "count": 338496,
                                                    "self": 4.171731599999301
                                                }
                                            }
                                        }
                                    }
                                }
                            }
                        }
                    }
                },
                "TrainerController.advance": {
                    "total": 15.59832890000012,
                    "count": 734,
                    "self": 0.009356500000226475,
                    "children": {
                        "env_step": {
                            "total": 13.942786099999914,
                            "count": 734,
                            "self": 10.876387199999876,
                            "children": {
                                "SubprocessEnvManager._take_step": {
                                    "total": 3.060357300000028,
                                    "count": 734,
                                    "self": 0.041517800000047345,
                                    "children": {
                                        "TorchPolicy.evaluate": {
                                            "total": 3.018839499999981,
                                            "count": 734,
                                            "self": 3.018839499999981
                                        }
                                    }
                                },
                                "workers": {
                                    "total": 0.006041600000010305,
                                    "count": 733,
                                    "self": 0.0,
                                    "children": {
                                        "worker_root": {
                                            "total": 25.090554799999964,
                                            "count": 733,
                                            "is_parallel": true,
                                            "self": 17.59823799999992,
                                            "children": {
                                                "steps_from_proto": {
                                                    "total": 0.002077900000000632,
                                                    "count": 1,
                                                    "is_parallel": true,
                                                    "self": 0.00013590000000185398,
                                                    "children": {
                                                        "_process_rank_one_or_two_observation": {
                                                            "total": 0.001941999999998778,
                                                            "count": 8,
                                                            "is_parallel": true,
                                                            "self": 0.001941999999998778
                                                        }
                                                    }
                                                },
                                                "UnityEnvironment.step": {
                                                    "total": 7.490238900000044,
                                                    "count": 733,
                                                    "is_parallel": true,
                                                    "self": 0.11792739999998147,
                                                    "children": {
                                                        "UnityEnvironment._generate_step_input": {
                                                            "total": 0.09796290000002372,
                                                            "count": 733,
                                                            "is_parallel": true,
                                                            "self": 0.09796290000002372
                                                        },
                                                        "communicator.exchange": {
                                                            "total": 6.967494899999984,
                                                            "count": 733,
                                                            "is_parallel": true,
                                                            "self": 6.967494899999984
                                                        },
                                                        "steps_from_proto": {
                                                            "total": 0.30685370000005463,
                                                            "count": 733,
                                                            "is_parallel": true,