{
    "name": "root",
    "gauges": {
        "DroneAgent.Policy.Entropy.mean": {
            "value": 4.547814846038818,
            "min": 4.124924182891846,
            "max": 4.547814846038818,
            "count": 500
        },
        "DroneAgent.Policy.Entropy.sum": {
            "value": 45405.3828125,
            "min": 40758.71484375,
            "max": 46170.94140625,
            "count": 500
        },
        "DroneAgent.Step.mean": {
            "value": 4999951.0,
            "min": 9993.0,
            "max": 4999951.0,
            "count": 500
        },
        "DroneAgent.Step.sum": {
            "value": 4999951.0,
            "min": 9993.0,
            "max": 4999951.0,
            "count": 500
        },
        "DroneAgent.Policy.ExtrinsicValueEstimate.mean": {
            "value": 0.8633834719657898,
            "min": 0.554162859916687,
            "max": 0.9527732729911804,
            "count": 500
        },
        "DroneAgent.Policy.ExtrinsicValueEstimate.sum": {
            "value": 135.55120849609375,
            "min": 86.44940185546875,
            "max": 151.23236083984375,
            "count": 500
        },
        "DroneAgent.Policy.GailValueEstimate.mean": {
            "value": 0.0008991149952635169,
            "min": -0.003919565584510565,
            "max": 0.005469053518027067,
            "count": 500
        },
        "DroneAgent.Policy.GailValueEstimate.sum": {
            "value": 0.14116105437278748,
            "min": -0.6232109069824219,
            "max": 0.864376425743103,
            "count": 500
        },
        "DroneAgent.Environment.EpisodeLength.mean": {
            "value": 4999.0,
            "min": 457.0,
            "max": 4999.0,
            "count": 467
        },
        "DroneAgent.Environment.EpisodeLength.sum": {
            "value": 4999.0,
            "min": 457.0,
            "max": 28632.0,
            "count": 467
        },
        "DroneAgent.Environment.CumulativeReward.mean": {
            "value": 39.32461622799747,
            "min": 2.1119796310085803,
            "max": 47.48815534100868,
            "count": 467
        },
        "DroneAgent.Environment.CumulativeReward.sum": {
            "value": 39.32461622799747,
            "min": 2.1119796310085803,
            "max": 215.00903498403204,
            "count": 467
        },
        "DroneAgent.Policy.ExtrinsicReward.mean": {
            "value": 39.32461622799747,
            "min": 2.1119796310085803,
            "max": 47.48815534100868,
            "count": 467
        },
        "DroneAgent.Policy.ExtrinsicReward.sum": {
            "value": 39.32461622799747,
            "min": 2.1119796310085803,
            "max": 215.00903498403204,
            "count": 467
        },
        "DroneAgent.Policy.GailReward.mean": {
            "value": 0.01743096272042921,
            "min": 0.00011981640182412434,
            "max": 1.1033719169039027,
            "count": 467
        },
        "DroneAgent.Policy.GailReward.sum": {
            "value": 0.01743096272042921,
            "min": 0.00011981640182412434,
            "max": 2.125207676917932,
            "count": 467
        },
        "DroneAgent.IsTraining.mean": {
            "value": 1.0,
            "min": 1.0,
            "max": 1.0,
            "count": 500
        },
        "DroneAgent.IsTraining.sum": {
            "value": 1.0,
            "min": 1.0,
            "max": 1.0,
            "count": 500
        },
        "DroneAgent.Losses.PolicyLoss.mean": {
            "value": 0.10246862919302657,
            "min": 0.053752375848125665,
            "max": 0.11198078021407128,
            "count": 246
        },
        "DroneAgent.Losses.PolicyLoss.sum": {
            "value": 0.10246862919302657,
            "min": 0.053752375848125665,
            "max": 0.11198078021407128,
            "count": 246
        },
        "DroneAgent.Losses.ValueLoss.mean": {
            "value": 0.0015575675810396207,
            "min": 0.0008173398069629912,
            "max": 0.005306992563419044,
            "count": 246
        },
        "DroneAgent.Losses.ValueLoss.sum": {
            "value": 0.0015575675810396207,
            "min": 0.0008173398069629912,
            "max": 0.005306992563419044,
            "count": 246
        },
        "DroneAgent.Policy.LearningRate.mean": {
            "value": 4.322999567799937e-07,
            "min": 4.322999567799937e-07,
            "max": 0.00099586180041382,
            "count": 246
        },
        "DroneAgent.Policy.LearningRate.sum": {
            "value": 4.322999567799937e-07,
            "min": 4.322999567799937e-07,
            "max": 0.00099586180041382,
            "count": 246
        },
        "DroneAgent.Policy.Epsilon.mean": {
            "value": 0.10004322000000002,
            "min": 0.10004322000000002,
            "max": 0.19958618,
            "count": 246
        },
        "DroneAgent.Policy.Epsilon.sum": {
            "value": 0.10004322000000002,
            "min": 0.10004322000000002,
            "max": 0.19958618,
            "count": 246
        },
        "DroneAgent.Policy.Beta.mean": {
            "value": 0.01,
            "min": 0.01,
            "max": 0.01,
            "count": 246
        },
        "DroneAgent.Policy.Beta.sum": {
            "value": 0.01,
            "min": 0.01,
            "max": 0.01,
            "count": 246
        },
        "DroneAgent.Policy.GAILPolicyEstimate.mean": {
            "value": 2.4942003599903727e-05,
            "min": 1.3318711893361979e-05,
            "max": 0.0005806141168704926,
            "count": 246
        },
        "DroneAgent.Policy.GAILPolicyEstimate.sum": {
            "value": 2.4942003599903727e-05,
            "min": 1.3318711893361979e-05,
            "max": 0.0005806141168704926,
            "count": 246
        },
        "DroneAgent.Policy.GAILExpertEstimate.mean": {
            "value": 0.9999981597065926,
            "min": 0.9999522641301155,
            "max": 0.9999998897314072,
            "count": 246
        },
        "DroneAgent.Policy.GAILExpertEstimate.sum": {
            "value": 0.9999981597065926,
            "min": 0.9999522641301155,
            "max": 0.9999998897314072,
            "count": 246
        },
        "DroneAgent.Losses.GAILLoss.mean": {
            "value": 2.6984297153376247e-05,
            "min": 1.728864608594449e-05,
            "max": 0.000658820317403297,
            "count": 246
        },
        "DroneAgent.Losses.GAILLoss.sum": {
            "value": 2.6984297153376247e-05,
            "min": 1.728864608594449e-05,
            "max": 0.000658820317403297,
            "count": 246
        },
        "DroneAgent.Policy.GAILGradMagLoss.mean": {
            "value": 0.00017324347845715238,
            "min": 8.488484963891097e-05,
            "max": 0.005100617144489661,
            "count": 246
        },
        "DroneAgent.Policy.GAILGradMagLoss.sum": {
            "value": 0.00017324347845715238,
            "min": 8.488484963891097e-05,
            "max": 0.005100617144489661,
            "count": 246
        },
        "DroneAgent.Losses.PretrainingLoss.mean": {
            "value": 0.0,
            "min": 0.0,
            "max": 394.7284851074219,
            "count": 246
        },
        "DroneAgent.Losses.PretrainingLoss.sum": {
            "value": 0.0,
            "min": 0.0,
            "max": 394.7284851074219,
            "count": 246
        }
    },
    "metadata": {
        "timer_format_version": "0.1.0",
        "start_time_seconds": "1697309018",
        "python_version": "3.9.13 (tags/v3.9.13:6de2ca5, May 17 2022, 16:36:42) [MSC v.1929 64 bit (AMD64)]",
        "command_line_arguments": "F:\\Unity projects\\Oblig2\\Drone_MLagents\\venv\\Scripts\\mlagents-learn config/DroneAgent.yaml --initialize-from=DroneAgentTrack5 --run-id=DroneAgentTrack6",
        "mlagents_version": "0.30.0",
        "mlagents_envs_version": "0.30.0",