{
    "name": "root",
    "gauges": {
        "DroneAgent.Policy.Entropy.mean": {
            "value": 7.275161266326904,
            "min": 6.918455123901367,
            "max": 7.275161266326904,
            "count": 500
        },
        "DroneAgent.Policy.Entropy.sum": {
            "value": 72416.953125,
            "min": 65504.8671875,
            "max": 75292.484375,
            "count": 500
        },
        "DroneAgent.Step.mean": {
            "value": 4999936.0,
            "min": 9961.0,
            "max": 4999936.0,
            "count": 500
        },
        "DroneAgent.Step.sum": {
            "value": 4999936.0,
            "min": 9961.0,
            "max": 4999936.0,
            "count": 500
        },
        "DroneAgent.Policy.ExtrinsicValueEstimate.mean": {
            "value": 0.5749573111534119,
            "min": 0.11188985407352448,
            "max": 0.7446361184120178,
            "count": 500
        },
        "DroneAgent.Policy.ExtrinsicValueEstimate.sum": {
            "value": 90.84325408935547,
            "min": 17.902376174926758,
            "max": 116.90786743164062,
            "count": 500
        },
        "DroneAgent.Policy.GailValueEstimate.mean": {
            "value": 0.09783080965280533,
            "min": 0.05423564091324806,
            "max": 0.30579039454460144,
            "count": 500
        },
        "DroneAgent.Policy.GailValueEstimate.sum": {
            "value": 15.457267761230469,
            "min": 8.514995574951172,
            "max": 48.551116943359375,
            "count": 500
        },
        "DroneAgent.Environment.EpisodeLength.mean": {
            "value": 3035.8,
            "min": 280.0,
            "max": 5999.0,
            "count": 488
        },
        "DroneAgent.Environment.EpisodeLength.sum": {
            "value": 15179.0,
            "min": 280.0,
            "max": 36884.0,
            "count": 488
        },
        "DroneAgent.Environment.CumulativeReward.mean": {
            "value": 19.330015566950898,
            "min": -1.0157461682101712,
            "max": 43.25592542992672,
            "count": 488
        },
        "DroneAgent.Environment.CumulativeReward.sum": {
            "value": 96.65007783475448,
            "min": -1.0168294971808791,
            "max": 237.55675673286896,
            "count": 488
        },
        "DroneAgent.Policy.ExtrinsicReward.mean": {
            "value": 19.330015566950898,
            "min": -1.0157461682101712,
            "max": 43.25592542992672,
            "count": 488
        },
        "DroneAgent.Policy.ExtrinsicReward.sum": {
            "value": 96.65007783475448,
            "min": -1.0168294971808791,
            "max": 237.55675673286896,
            "count": 488
        },
        "DroneAgent.Policy.GailReward.mean": {
            "value": 3.212674829626485,
            "min": 0.1836130740121007,
            "max": 15.637619590532267,
            "count": 488
        },
        "DroneAgent.Policy.GailReward.sum": {
            "value": 16.063374148132425,
            "min": 0.1836130740121007,
            "max": 77.91788052834454,
            "count": 488
        },
        "DroneAgent.IsTraining.mean": {
            "value": 1.0,
            "min": 1.0,
            "max": 1.0,
            "count": 500
        },
        "DroneAgent.IsTraining.sum": {
            "value": 1.0,
            "min": 1.0,
            "max": 1.0,
            "count": 500
        },
        "DroneAgent.Losses.PolicyLoss.mean": {
            "value": 0.07012573718093336,
            "min": 0.05395118952728808,
            "max": 0.11657556325662881,
            "count": 245
        },
        "DroneAgent.Losses.PolicyLoss.sum": {
            "value": 0.07012573718093336,
            "min": 0.05395118952728808,
            "max": 0.11657556325662881,
            "count": 245
        },
        "DroneAgent.Losses.ValueLoss.mean": {
            "value": 0.003448142748675309,
            "min": 0.0017742427749908528,
            "max": 0.005760923586785793,
            "count": 245
        },
        "DroneAgent.Losses.ValueLoss.sum": {
            "value": 0.003448142748675309,
            "min": 0.0017742427749908528,
            "max": 0.005760923586785793,
            "count": 245
        },
        "DroneAgent.Policy.LearningRate.mean": {
            "value": 2.861299713880008e-06,
            "min": 2.861299713880008e-06,
            "max": 0.00099573520042648,
            "count": 245
        },
        "DroneAgent.Policy.LearningRate.sum": {
            "value": 2.861299713880008e-06,
            "min": 2.861299713880008e-06,
            "max": 0.00099573520042648,
            "count": 245
        },
        "DroneAgent.Policy.Epsilon.mean": {
            "value": 0.10028612,
            "min": 0.10028612,
            "max": 0.19957352,
            "count": 245
        },
        "DroneAgent.Policy.Epsilon.sum": {
            "value": 0.10028612,
            "min": 0.10028612,
            "max": 0.19957352,
            "count": 245
        },
        "DroneAgent.Policy.Beta.mean": {
            "value": 0.01,
            "min": 0.01,
            "max": 0.01,
            "count": 245
        },
        "DroneAgent.Policy.Beta.sum": {
            "value": 0.01,
            "min": 0.01,
            "max": 0.01,
            "count": 245
        },
        "DroneAgent.Policy.GAILPolicyEstimate.mean": {
            "value": 0.05407276595942676,
            "min": 0.04682229910977185,
            "max": 0.19498110339045524,
            "count": 245
        },
        "DroneAgent.Policy.GAILPolicyEstimate.sum": {
            "value": 0.05407276595942676,
            "min": 0.04682229910977185,
            "max": 0.19498110339045524,
            "count": 245
        },
        "DroneAgent.Policy.GAILExpertEstimate.mean": {
            "value": 0.9545049011707306,
            "min": 0.8095176205039024,
            "max": 0.9597403913736343,
            "count": 245
        },
        "DroneAgent.Policy.GAILExpertEstimate.sum": {
            "value": 0.9545049011707306,
            "min": 0.8095176205039024,
            "max": 0.9597403913736343,
            "count": 245
        },
        "DroneAgent.Losses.GAILLoss.mean": {
            "value": 0.12854804061353206,
            "min": 0.10974546149373055,
            "max": 0.5024499014019966,
            "count": 245
        },
        "DroneAgent.Losses.GAILLoss.sum": {
            "value": 0.12854804061353206,
            "min": 0.10974546149373055,
            "max": 0.5024499014019966,
            "count": 245
        },
        "DroneAgent.Policy.GAILGradMagLoss.mean": {
            "value": 0.042133879056200384,
            "min": 0.0391875681001693,
            "max": 0.10391912441700697,
            "count": 245
        },
        "DroneAgent.Policy.GAILGradMagLoss.sum": {
            "value": 0.042133879056200384,
            "min": 0.0391875681001693,
            "max": 0.10391912441700697,
            "count": 245
        },
        "DroneAgent.Losses.PretrainingLoss.mean": {
            "value": 0.0,
            "min": 0.0,
            "max": 1964954.1574074074,
            "count": 245
        },
        "DroneAgent.Losses.PretrainingLoss.sum": {
            "value": 0.0,
            "min": 0.0,
            "max": 1964954.1574074074,
            "count": 245
        }
    },
    "metadata": {
        "timer_format_version": "0.1.0",
        "start_time_seconds": "1697468251",
        "python_version": "3.9.13 (tags/v3.9.13:6de2ca5, May 17 2022, 16:36:42) [MSC v.1929 64 bit (AMD64)]",
        "command_line_arguments": "F:\\Unity projects\\Oblig2\\Drone_MLagents\\venv\\Scripts\\mlagents-learn config\\DroneAgent.yaml --initialize-from=DroneAgentTrack12 --run-id=DroneAgentTrackNO",
        "mlagents_version": "0.30.0",
        "mlagents_envs_version": "0.30.0",
        "communication_protocol_version": "1.5.0",
        "pytorch_version": "1.7.1+cu110",