{
    "name": "root",
    "gauges": {
        "DroneAgent.Policy.Entropy.mean": {
            "value": 8.871635437011719,
            "min": 8.387895584106445,
            "max": 8.871642112731934,
            "count": 500
        },
        "DroneAgent.Policy.Entropy.sum": {
            "value": 88680.8671875,
            "min": 79018.765625,
            "max": 93294.265625,
            "count": 500
        },
        "DroneAgent.Step.mean": {
            "value": 4999969.0,
            "min": 9984.0,
            "max": 4999969.0,
            "count": 500
        },
        "DroneAgent.Step.sum": {
            "value": 4999969.0,
            "min": 9984.0,
            "max": 4999969.0,
            "count": 500
        },
        "DroneAgent.Policy.ExtrinsicValueEstimate.mean": {
            "value": -1.2181423902511597,
            "min": -1.4983606338500977,
            "max": -0.05397206172347069,
            "count": 500
        },
        "DroneAgent.Policy.ExtrinsicValueEstimate.sum": {
            "value": -214.39306640625,
            "min": -265.2098388671875,
            "max": -8.419641494750977,
            "count": 500
        },
        "DroneAgent.Policy.GailValueEstimate.mean": {
            "value": 0.00021809896861668676,
            "min": -0.007138577289879322,
            "max": 0.005833433009684086,
            "count": 500
        },
        "DroneAgent.Policy.GailValueEstimate.sum": {
            "value": 0.03838541731238365,
            "min": -1.156449556350708,
            "max": 1.032517671585083,
            "count": 500
        },
        "DroneAgent.IsTraining.mean": {
            "value": 1.0,
            "min": 1.0,
            "max": 1.0,
            "count": 500
        },
        "DroneAgent.IsTraining.sum": {
            "value": 1.0,
            "min": 1.0,
            "max": 1.0,
            "count": 500
        },
        "DroneAgent.Environment.EpisodeLength.mean": {
            "value": 440.7142857142857,
            "min": 433.52,
            "max": 749.0,
            "count": 493
        },
        "DroneAgent.Environment.EpisodeLength.sum": {
            "value": 9255.0,
            "min": 684.0,
            "max": 18858.0,
            "count": 493
        },
        "DroneAgent.Environment.CumulativeReward.mean": {
            "value": -4.312916560808108,
            "min": -6.634658596079264,
            "max": -2.821863524869762,
            "count": 494
        },
        "DroneAgent.Environment.CumulativeReward.sum": {
            "value": -90.57124777697027,
            "min": -191.00234765559435,
            "max": -4.915903859771788,
            "count": 494
        },
        "DroneAgent.Policy.ExtrinsicReward.mean": {
            "value": -4.312916560808108,
            "min": -6.634658596079264,
            "max": -2.821863524869762,
            "count": 494
        },
        "DroneAgent.Policy.ExtrinsicReward.sum": {
            "value": -90.57124777697027,
            "min": -191.00234765559435,
            "max": -4.915903859771788,
            "count": 494
        },
        "DroneAgent.Policy.GailReward.mean": {
            "value": 1.5989470895930036e-05,
            "min": 6.175743153271523e-07,
            "max": 0.016256485511670696,
            "count": 494
        },
        "DroneAgent.Policy.GailReward.sum": {
            "value": 0.0003357788888145308,
            "min": 1.2969060621870199e-05,
            "max": 0.35764268125675536,
            "count": 494
        },
        "DroneAgent.Losses.PolicyLoss.mean": {
            "value": 0.10145220419944963,
            "min": 0.07001737767568557,
            "max": 0.13183029387218995,
            "count": 272
        },
        "DroneAgent.Losses.PolicyLoss.sum": {
            "value": 0.10145220419944963,
            "min": 0.07001737767568557,
            "max": 0.13183029387218995,
            "count": 272
        },
        "DroneAgent.Losses.ValueLoss.mean": {
            "value": 0.024921655328944324,
            "min": 0.006459250929765403,
            "max": 0.026683753356337547,
            "count": 272
        },
        "DroneAgent.Losses.ValueLoss.sum": {
            "value": 0.024921655328944324,
            "min": 0.006459250929765403,
            "max": 0.026683753356337547,
            "count": 272
        },
        "DroneAgent.Policy.LearningRate.mean": {
            "value": 1.6506998349399465e-06,
            "min": 1.6506998349399465e-06,
            "max": 0.00099577480042252,
            "count": 272
        },
        "DroneAgent.Policy.LearningRate.sum": {
            "value": 1.6506998349399465e-06,
            "min": 1.6506998349399465e-06,
            "max": 0.00099577480042252,
            "count": 272
        },
        "DroneAgent.Policy.Epsilon.mean": {
            "value": 0.10016506,
            "min": 0.10016506,
            "max": 0.19957748,
            "count": 272
        },
        "DroneAgent.Policy.Epsilon.sum": {
            "value": 0.10016506,
            "min": 0.10016506,
            "max": 0.19957748,
            "count": 272
        },
        "DroneAgent.Policy.Beta.mean": {
            "value": 0.01,
            "min": 0.01,
            "max": 0.01,
            "count": 272
        },
        "DroneAgent.Policy.Beta.sum": {
            "value": 0.01,
            "min": 0.01,
            "max": 0.01,
            "count": 272
        },
        "DroneAgent.Policy.GAILPolicyEstimate.mean": {
            "value": 0.0005513651261012997,
            "min": 1.2354884201570826e-05,
            "max": 0.0005513651261012997,
            "count": 272
        },
        "DroneAgent.Policy.GAILPolicyEstimate.sum": {
            "value": 0.0005513651261012997,
            "min": 1.2354884201570826e-05,
            "max": 0.0005513651261012997,
            "count": 272
        },
        "DroneAgent.Policy.GAILExpertEstimate.mean": {
            "value": 0.999988603591919,
            "min": 0.9998580649495125,
            "max": 0.999999962747097,
            "count": 272
        },
        "DroneAgent.Policy.GAILExpertEstimate.sum": {
            "value": 0.999988603591919,
            "min": 0.9998580649495125,
            "max": 0.999999962747097,
            "count": 272
        },
        "DroneAgent.Losses.GAILLoss.mean": {
            "value": 0.0005933624206542198,
            "min": 1.344830127862906e-05,
            "max": 0.0005933624206542198,
            "count": 272
        },
        "DroneAgent.Losses.GAILLoss.sum": {
            "value": 0.0005933624206542198,
            "min": 1.344830127862906e-05,
            "max": 0.0005933624206542198,
            "count": 272
        },
        "DroneAgent.Policy.GAILGradMagLoss.mean": {
            "value": 0.001093210267208633,
            "min": 8.144528192133293e-05,
            "max": 0.018203481306227332,
            "count": 272
        },
        "DroneAgent.Policy.GAILGradMagLoss.sum": {
            "value": 0.001093210267208633,
            "min": 8.144528192133293e-05,
            "max": 0.018203481306227332,
            "count": 272
        },
        "DroneAgent.Losses.PretrainingLoss.mean": {
            "value": 0.0,
            "min": 0.0,
            "max": 6448481974.044444,
            "count": 272
        },
        "DroneAgent.Losses.PretrainingLoss.sum": {
            "value": 0.0,
            "min": 0.0,
            "max": 6448481974.044444,
            "count": 272
        }
    },
    "metadata": {
        "timer_format_version": "0.1.0",
        "start_time_seconds": "1700030827",
        "python_version": "3.9.13 (tags/v3.9.13:6de2ca5, May 17 2022, 16:36:42) [MSC v.1929 64 bit (AMD64)]",
        "command_line_arguments": "C:\\Users\\thoma\\AppData\\Local\\Programs\\Python\\Python39\\Scripts\\mlagents-learn config\\DroneAgent.yaml --initialize-from=DroneAgentMG11 --run-id=DroneAgentMG12",
        "mlagents_version": "0.30.0",
        "mlagents_envs_version": "0.30.0",