{
    "name": "root",
    "metadata": {
        "timer_format_version": "0.1.0",
        "start_time_seconds": "1696217041",
        "python_version": "3.9.13 (tags/v3.9.13:6de2ca5, May 17 2022, 16:36:42) [MSC v.1929 64 bit (AMD64)]",
        "command_line_arguments": "F:\\Unity projects\\Oblig2\\Drone_MLagents\\venv\\Scripts\\mlagents-learn config/DroneAgent.yaml --run-id=DroneAgentGoalTest1",
        "mlagents_version": "0.30.0",
        "mlagents_envs_version": "0.30.0",
        "communication_protocol_version": "1.5.0",
        "pytorch_version": "2.0.1+cu117",
        "numpy_version": "1.21.2",
        "end_time_seconds": "1696217186"
    },
    "total": 144.8822941,
    "count": 1,
    "self": 0.005677800000000843,
    "children": {
        "run_training.setup": {
            "total": 0.06844659999999991,
            "count": 1,
            "self": 0.06844659999999991
        },
        "TrainerController.start_learning": {
            "total": 144.8081697,
            "count": 1,
            "self": 0.16243149999985462,
            "children": {
                "TrainerController._reset_env": {
                    "total": 20.1098742,
                    "count": 1,
                    "self": 18.9898969,
                    "children": {
                        "demo_to_buffer": {
                            "total": 1.1199772999999986,
                            "count": 2,
                            "self": 8.819999999687411e-05,
                            "children": {
                                "load_demonstration": {
                                    "total": 0.022526100000000326,
                                    "count": 2,
                                    "self": 0.0223698999999975,
                                    "children": {
                                        "read_file": {
                                            "total": 0.0001562000000028263,
                                            "count": 2,
                                            "self": 0.0001562000000028263
                                        }
                                    }
                                },
                                "make_demo_buffer": {
                                    "total": 1.0973630000000014,
                                    "count": 2,
                                    "self": 0.2395357000001077,
                                    "children": {
                                        "steps_from_proto": {
                                            "total": 0.8578272999998937,
                                            "count": 12624,
                                            "self": 0.5276040999997917,
                                            "children": {
                                                "_process_rank_one_or_two_observation": {
                                                    "total": 0.33022320000010197,
                                                    "count": 25248,
                                                    "self": 0.33022320000010197
                                                }
                                            }
                                        }
                                    }
                                }
                            }
                        }
                    }
                },
                "TrainerController.advance": {
                    "total": 124.44379210000014,
                    "count": 15501,
                    "self": 0.15316460000039456,
                    "children": {
                        "env_step": {
                            "total": 114.28891119999996,
                            "count": 15501,
                            "self": 81.97452899999982,
                            "children": {
                                "SubprocessEnvManager._take_step": {
                                    "total": 32.20508130000019,
                                    "count": 15501,
                                    "self": 0.5777376999989521,
                                    "children": {
                                        "TorchPolicy.evaluate": {
                                            "total": 31.627343600001236,
                                            "count": 15501,
                                            "self": 31.627343600001236
                                        }
                                    }
                                },
                                "workers": {
                                    "total": 0.10930089999995118,
                                    "count": 15500,
                                    "self": 0.0,
                                    "children": {
                                        "worker_root": {
                                            "total": 89.28286039999941,
                                            "count": 15500,
                                            "is_parallel": true,
                                            "self": 51.91230789999919,
                                            "children": {
                                                "steps_from_proto": {
                                                    "total": 0.00020850000000294244,
                                                    "count": 1,
                                                    "is_parallel": true,
                                                    "self": 7.7900000004405e-05,
                                                    "children": {
                                                        "_process_rank_one_or_two_observation": {
                                                            "total": 0.00013059999999853744,
                                                            "count": 2,
                                                            "is_parallel": true,
                                                            "self": 0.00013059999999853744
                                                        }
                                                    }
                                                },
                                                "UnityEnvironment.step": {
                                                    "total": 37.370344000000216,
                                                    "count": 15500,
                                                    "is_parallel": true,
                                                    "self": 0.6216314999991894,
                                                    "children": {
                                                        "UnityEnvironment._generate_step_input": {
                                                            "total": 0.5497275000013779,
                                                            "count": 15500,
                                                            "is_parallel": true,
                                                            "self": 0.5497275000013779
                                                        },
                                                        "communicator.exchange": {
                                                            "total": 34.663382499999926,
                                                            "count": 15500,
                                                            "is_parallel": true,
                                                            "self": 34.663382499999926
                                                        },
                                                        "steps_from_proto": {
                                                            "total": 1.5356024999997189,
                                                            "count": 15500,
                                                            "is_parallel": true,