{
    "name": "root",
    "gauges": {
        "DroneAgent.Policy.Entropy.mean": {
            "value": 3.2137451171875,
            "min": 2.6325201988220215,
            "max": 3.2137529850006104,
            "count": 500
        },
        "DroneAgent.Policy.Entropy.sum": {
            "value": 32124.595703125,
            "min": 25256.693359375,
            "max": 32993.171875,
            "count": 500
        },
        "DroneAgent.Step.mean": {
            "value": 4999987.0,
            "min": 9984.0,
            "max": 4999987.0,
            "count": 500
        },
        "DroneAgent.Step.sum": {
            "value": 4999987.0,
            "min": 9984.0,
            "max": 4999987.0,
            "count": 500
        },
        "DroneAgent.Policy.ExtrinsicValueEstimate.mean": {
            "value": 0.36561569571495056,
            "min": -0.08204501122236252,
            "max": 0.4694313108921051,
            "count": 500
        },
        "DroneAgent.Policy.ExtrinsicValueEstimate.sum": {
            "value": 57.40166473388672,
            "min": -12.88106632232666,
            "max": 73.70071411132812,
            "count": 500
        },
        "DroneAgent.Policy.GailValueEstimate.mean": {
            "value": 0.010100469924509525,
            "min": -0.0021127117797732353,
            "max": 0.09900230169296265,
            "count": 500
        },
        "DroneAgent.Policy.GailValueEstimate.sum": {
            "value": 1.5857737064361572,
            "min": -0.3295830488204956,
            "max": 15.46270751953125,
            "count": 500
        },
        "DroneAgent.IsTraining.mean": {
            "value": 1.0,
            "min": 1.0,
            "max": 1.0,
            "count": 500
        },
        "DroneAgent.IsTraining.sum": {
            "value": 1.0,
            "min": 1.0,
            "max": 1.0,
            "count": 500
        },
        "DroneAgent.Environment.EpisodeLength.mean": {
            "value": 2999.0,
            "min": 645.6666666666666,
            "max": 2999.0,
            "count": 489
        },
        "DroneAgent.Environment.EpisodeLength.sum": {
            "value": 8997.0,
            "min": 695.0,
            "max": 29402.0,
            "count": 489
        },
        "DroneAgent.Environment.CumulativeReward.mean": {
            "value": 9.74662587190202,
            "min": -2.567558240087237,
            "max": 13.548787379055284,
            "count": 489
        },
        "DroneAgent.Environment.CumulativeReward.sum": {
            "value": 29.239877615706064,
            "min": -14.3133078844985,
            "max": 90.91499015607405,
            "count": 489
        },
        "DroneAgent.Policy.ExtrinsicReward.mean": {
            "value": 9.74662587190202,
            "min": -2.567558240087237,
            "max": 13.548787379055284,
            "count": 489
        },
        "DroneAgent.Policy.ExtrinsicReward.sum": {
            "value": 29.239877615706064,
            "min": -14.3133078844985,
            "max": 90.91499015607405,
            "count": 489
        },
        "DroneAgent.Policy.GailReward.mean": {
            "value": 0.18237451196376142,
            "min": 0.008386518654734942,
            "max": 9.243983191290843,
            "count": 489
        },
        "DroneAgent.Policy.GailReward.sum": {
            "value": 0.5471235358912843,
            "min": 0.008386518654734942,
            "max": 29.205045771796577,
            "count": 489
        },
        "DroneAgent.Losses.PolicyLoss.mean": {
            "value": 0.07435848539462313,
            "min": 0.058479758218163626,
            "max": 0.11997399186948314,
            "count": 244
        },
        "DroneAgent.Losses.PolicyLoss.sum": {
            "value": 0.07435848539462313,
            "min": 0.058479758218163626,
            "max": 0.11997399186948314,
            "count": 244
        },
        "DroneAgent.Losses.ValueLoss.mean": {
            "value": 0.004090577611350454,
            "min": 0.0005213835236645536,
            "max": 0.009320598383783362,
            "count": 244
        },
        "DroneAgent.Losses.ValueLoss.sum": {
            "value": 0.004090577611350454,
            "min": 0.0005213835236645536,
            "max": 0.009320598383783362,
            "count": 244
        },
        "DroneAgent.Policy.LearningRate.mean": {
            "value": 3.2716996728400407e-06,
            "min": 3.2716996728400407e-06,
            "max": 0.00099572080042792,
            "count": 244
        },
        "DroneAgent.Policy.LearningRate.sum": {
            "value": 3.2716996728400407e-06,
            "min": 3.2716996728400407e-06,
            "max": 0.00099572080042792,
            "count": 244
        },
        "DroneAgent.Policy.Epsilon.mean": {
            "value": 0.10032716000000001,
            "min": 0.10032716000000001,
            "max": 0.19957208,
            "count": 244
        },
        "DroneAgent.Policy.Epsilon.sum": {
            "value": 0.10032716000000001,
            "min": 0.10032716000000001,
            "max": 0.19957208,
            "count": 244
        },
        "DroneAgent.Policy.Beta.mean": {
            "value": 0.01,
            "min": 0.01,
            "max": 0.01,
            "count": 244
        },
        "DroneAgent.Policy.Beta.sum": {
            "value": 0.01,
            "min": 0.01,
            "max": 0.01,
            "count": 244
        },
        "DroneAgent.Policy.GAILPolicyEstimate.mean": {
            "value": 0.00028997255558351755,
            "min": 0.0001329943389237087,
            "max": 0.004957618667900477,
            "count": 244
        },
        "DroneAgent.Policy.GAILPolicyEstimate.sum": {
            "value": 0.00028997255558351755,
            "min": 0.0001329943389237087,
            "max": 0.004957618667900477,
            "count": 244
        },
        "DroneAgent.Policy.GAILExpertEstimate.mean": {
            "value": 0.9999716803431511,
            "min": 0.9996153801679611,
            "max": 0.9999988302588463,
            "count": 244
        },
        "DroneAgent.Policy.GAILExpertEstimate.sum": {
            "value": 0.9999716803431511,
            "min": 0.9996153801679611,
            "max": 0.9999988302588463,
            "count": 244
        },
        "DroneAgent.Losses.GAILLoss.mean": {
            "value": 0.0003315626299354335,
            "min": 0.00017053345065960458,
            "max": 0.006321272185132898,
            "count": 244
        },
        "DroneAgent.Losses.GAILLoss.sum": {
            "value": 0.0003315626299354335,
            "min": 0.00017053345065960458,
            "max": 0.006321272185132898,
            "count": 244
        },
        "DroneAgent.Policy.GAILGradMagLoss.mean": {
            "value": 0.0011868889079778456,
            "min": 0.0005338074013707228,
            "max": 0.10855955965525936,
            "count": 244
        },
        "DroneAgent.Policy.GAILGradMagLoss.sum": {
            "value": 0.0011868889079778456,
            "min": 0.0005338074013707228,
            "max": 0.10855955965525936,
            "count": 244
        },
        "DroneAgent.Losses.PretrainingLoss.mean": {
            "value": 0.0,
            "min": 0.0,
            "max": 23.46988368564182,
            "count": 244
        },
        "DroneAgent.Losses.PretrainingLoss.sum": {
            "value": 0.0,
            "min": 0.0,
            "max": 23.46988368564182,
            "count": 244
        }
    },
    "metadata": {
        "timer_format_version": "0.1.0",
        "start_time_seconds": "1699746977",
        "python_version": "3.9.13 (tags/v3.9.13:6de2ca5, May 17 2022, 16:36:42) [MSC v.1929 64 bit (AMD64)]",
        "command_line_arguments": "C:\\Users\\thoma\\AppData\\Local\\Programs\\Python\\Python39\\Scripts\\mlagents-learn config\\DroneAgent.yaml --initialize-from=DroneAgentMG1 --run-id=DroneAgentMG2",
        "mlagents_version": "0.30.0",
        "mlagents_envs_version": "0.30.0",