{
    "name": "root",
    "gauges": {
        "DroneAgent.Policy.Entropy.mean": {
            "value": -8.056918144226074,
            "min": -8.056918144226074,
            "max": -8.056707382202148,
            "count": 12
        },
        "DroneAgent.Policy.Entropy.sum": {
            "value": -161073.90625,
            "min": -162278.203125,
            "max": -160733.203125,
            "count": 12
        },
        "DroneAgent.Step.mean": {
            "value": 239953.0,
            "min": 19993.0,
            "max": 239953.0,
            "count": 12
        },
        "DroneAgent.Step.sum": {
            "value": 239953.0,
            "min": 19993.0,
            "max": 239953.0,
            "count": 12
        },
        "DroneAgent.Policy.ExtrinsicValueEstimate.mean": {
            "value": -0.16229549050331116,
            "min": -0.28039172291755676,
            "max": -0.07293511182069778,
            "count": 12
        },
        "DroneAgent.Policy.ExtrinsicValueEstimate.sum": {
            "value": -52.746036529541016,
            "min": -90.5665283203125,
            "max": -23.558040618896484,
            "count": 12
        },
        "DroneAgent.Policy.GailValueEstimate.mean": {
            "value": 0.04124133661389351,
            "min": 0.03758268058300018,
            "max": 0.5118729472160339,
            "count": 12
        },
        "DroneAgent.Policy.GailValueEstimate.sum": {
            "value": 13.403434753417969,
            "min": 12.214370727539062,
            "max": 165.3349609375,
            "count": 12
        },
        "DroneAgent.Losses.PolicyLoss.mean": {
            "value": 0.21082345810882222,
            "min": 0.15800236088015432,
            "max": 0.2618728469091433,
            "count": 12
        },
        "DroneAgent.Losses.PolicyLoss.sum": {
            "value": 4.005645704067622,
            "min": 3.0020448567229323,
            "max": 4.713711244364579,
            "count": 12
        },
        "DroneAgent.Losses.ValueLoss.mean": {
            "value": 0.004263635901863158,
            "min": 0.0020450489515943656,
            "max": 0.8174905716484688,
            "count": 12
        },
        "DroneAgent.Losses.ValueLoss.sum": {
            "value": 0.0810090821354,
            "min": 0.03885593008029295,
            "max": 14.714830289672438,
            "count": 12
        },
        "DroneAgent.Policy.LearningRate.mean": {
            "value": 0.0002862013877574336,
            "min": 0.0002862013877574336,
            "max": 0.0002993575168808278,
            "count": 12
        },
        "DroneAgent.Policy.LearningRate.sum": {
            "value": 0.005437826367391239,
            "min": 0.0052164487811837594,
            "max": 0.0056431570389476595,
            "count": 12
        },
        "DroneAgent.Policy.Epsilon.mean": {
            "value": 0.1954004610526316,
            "min": 0.1954004610526316,
            "max": 0.19978583888888893,
            "count": 12
        },
        "DroneAgent.Policy.Epsilon.sum": {
            "value": 3.71260876,
            "min": 3.53881624,
            "max": 3.7810523400000005,
            "count": 12
        },
        "DroneAgent.Policy.Beta.mean": {
            "value": 0.00047746225915789475,
            "min": 0.00047746225915789475,
            "max": 0.0004989506105555556,
            "count": 12
        },
        "DroneAgent.Policy.Beta.sum": {
            "value": 0.009071782924,
            "min": 0.008700199576,
            "max": 0.009407156466,
            "count": 12
        },
        "DroneAgent.Policy.GAILPolicyEstimate.mean": {
            "value": 0.004951391976838319,
            "min": 0.002312793306556846,
            "max": 0.017135802010742468,
            "count": 12
        },
        "DroneAgent.Policy.GAILPolicyEstimate.sum": {
            "value": 0.09407644755992806,
            "min": 0.04394307282458007,
            "max": 0.3084444361933644,
            "count": 12
        },
        "DroneAgent.Policy.GAILExpertEstimate.mean": {
            "value": 0.9912336588951579,
            "min": 0.9802613296994456,
            "max": 0.9912336588951579,
            "count": 12
        },
        "DroneAgent.Policy.GAILExpertEstimate.sum": {
            "value": 18.833439519008,
            "min": 17.64470393459002,
            "max": 18.833439519008,
            "count": 12
        },
        "DroneAgent.Losses.GAILLoss.mean": {
            "value": 0.014354392751365116,
            "min": 0.012818013569095028,
            "max": 0.041874016906755664,
            "count": 12
        },
        "DroneAgent.Losses.GAILLoss.sum": {
            "value": 0.2727334622759372,
            "min": 0.24354225781280553,
            "max": 0.753732304321602,
            "count": 12
        },
        "DroneAgent.Policy.GAILGradMagLoss.mean": {
            "value": 0.0252862782156291,
            "min": 0.019008825565429613,
            "max": 0.04953629672609008,
            "count": 12
        },
        "DroneAgent.Policy.GAILGradMagLoss.sum": {
            "value": 0.4804392860969529,
            "min": 0.34215886017773306,
            "max": 0.9411896377957115,
            "count": 12
        },
        "DroneAgent.Losses.PretrainingLoss.mean": {
            "value": 0.0008655508206605814,
            "min": 0.0008655508206605814,
            "max": 0.001237949715340855,
            "count": 12
        },
        "DroneAgent.Losses.PretrainingLoss.sum": {
            "value": 0.016445465592551046,
            "min": 0.016445465592551046,
            "max": 0.023489529093494638,
            "count": 12
        },
        "DroneAgent.Environment.EpisodeLength.mean": {
            "value": 778.25,
            "min": 762.0769230769231,
            "max": 1198.7368421052631,
            "count": 12
        },
        "DroneAgent.Environment.EpisodeLength.sum": {
            "value": 18678.0,
            "min": 17540.0,
            "max": 22776.0,
            "count": 12
        },
        "DroneAgent.Environment.CumulativeReward.mean": {
            "value": -0.8824291734490544,
            "min": -0.885150002888762,
            "max": -0.7111736891154004,
            "count": 12
        },
        "DroneAgent.Environment.CumulativeReward.sum": {
            "value": -21.178300162777305,
            "min": -23.013900075107813,
            "max": -13.0287000881508,
            "count": 12
        },
        "DroneAgent.Policy.ExtrinsicReward.mean": {
            "value": -0.8824291734490544,
            "min": -0.885150002888762,
            "max": -0.7111736891154004,
            "count": 12
        },
        "DroneAgent.Policy.ExtrinsicReward.sum": {
            "value": -21.178300162777305,
            "min": -23.013900075107813,
            "max": -13.0287000881508,
            "count": 12
        },
        "DroneAgent.Policy.GailReward.mean": {
            "value": 1.5541187315126688,
            "min": 1.0859600789736048,
            "max": 16.663067856732308,
            "count": 12
        },
        "DroneAgent.Policy.GailReward.sum": {
            "value": 37.29884955630405,
            "min": 24.97708181639291,
            "max": 316.59828927791386,
            "count": 12
        },
        "DroneAgent.IsTraining.mean": {
            "value": 1.0,
            "min": 1.0,
            "max": 1.0,
            "count": 12
        },
        "DroneAgent.IsTraining.sum": {
            "value": 1.0,
            "min": 1.0,
            "max": 1.0,
            "count": 12
        }
    },
    "metadata": {
        "timer_format_version": "0.1.0",
        "start_time_seconds": "1696352900",
        "python_version": "3.9.13 (tags/v3.9.13:6de2ca5, May 17 2022, 16:36:42) [MSC v.1929 64 bit (AMD64)]",