{
    "name": "root",
    "gauges": {
        "DroneAgent.Policy.Entropy.mean": {
            "value": 3.0193493366241455,
            "min": 2.4415454864501953,
            "max": 3.0193493366241455,
            "count": 380
        },
        "DroneAgent.Policy.Entropy.sum": {
            "value": 30181.416015625,
            "min": 23835.30078125,
            "max": 30715.23828125,
            "count": 380
        },
        "DroneAgent.Step.mean": {
            "value": 3799945.0,
            "min": 9996.0,
            "max": 3799945.0,
            "count": 380
        },
        "DroneAgent.Step.sum": {
            "value": 3799945.0,
            "min": 9996.0,
            "max": 3799945.0,
            "count": 380
        },
        "DroneAgent.Policy.ExtrinsicValueEstimate.mean": {
            "value": 0.22705966234207153,
            "min": -0.024670826271176338,
            "max": 0.333750456571579,
            "count": 380
        },
        "DroneAgent.Policy.ExtrinsicValueEstimate.sum": {
            "value": 35.87542724609375,
            "min": -3.8979904651641846,
            "max": 53.066322326660156,
            "count": 380
        },
        "DroneAgent.Policy.GailValueEstimate.mean": {
            "value": 0.015196581371128559,
            "min": 0.010370793752372265,
            "max": 0.08409431576728821,
            "count": 380
        },
        "DroneAgent.Policy.GailValueEstimate.sum": {
            "value": 2.401059865951538,
            "min": 1.6282145977020264,
            "max": 13.286901473999023,
            "count": 380
        },
        "DroneAgent.Environment.EpisodeLength.mean": {
            "value": 3876.4,
            "min": 385.4,
            "max": 5999.0,
            "count": 367
        },
        "DroneAgent.Environment.EpisodeLength.sum": {
            "value": 19382.0,
            "min": 574.0,
            "max": 29830.0,
            "count": 367
        },
        "DroneAgent.Environment.CumulativeReward.mean": {
            "value": 7.054844955785666,
            "min": -2.74474247219041,
            "max": 11.887414698081557,
            "count": 367
        },
        "DroneAgent.Environment.CumulativeReward.sum": {
            "value": 35.27422477892833,
            "min": -4.338062393013388,
            "max": 51.752163018565625,
            "count": 367
        },
        "DroneAgent.Policy.ExtrinsicReward.mean": {
            "value": 7.054844955785666,
            "min": -2.74474247219041,
            "max": 11.887414698081557,
            "count": 367
        },
        "DroneAgent.Policy.ExtrinsicReward.sum": {
            "value": 35.27422477892833,
            "min": -4.338062393013388,
            "max": 51.752163018565625,
            "count": 367
        },
        "DroneAgent.Policy.GailReward.mean": {
            "value": 0.8556123008865375,
            "min": 0.04509201718525446,
            "max": 3.7724428955027456,
            "count": 367
        },
        "DroneAgent.Policy.GailReward.sum": {
            "value": 4.278061504432688,
            "min": 0.04509201718525446,
            "max": 15.638944561802091,
            "count": 367
        },
        "DroneAgent.IsTraining.mean": {
            "value": 1.0,
            "min": 1.0,
            "max": 1.0,
            "count": 380
        },
        "DroneAgent.IsTraining.sum": {
            "value": 1.0,
            "min": 1.0,
            "max": 1.0,
            "count": 380
        },
        "DroneAgent.Losses.PolicyLoss.mean": {
            "value": 0.10047910580178723,
            "min": 0.048317026399308814,
            "max": 0.10659964403457707,
            "count": 186
        },
        "DroneAgent.Losses.PolicyLoss.sum": {
            "value": 0.10047910580178723,
            "min": 0.048317026399308814,
            "max": 0.10659964403457707,
            "count": 186
        },
        "DroneAgent.Losses.ValueLoss.mean": {
            "value": 0.000734450260642916,
            "min": 0.0006072499461879488,
            "max": 0.003910079409251921,
            "count": 186
        },
        "DroneAgent.Losses.ValueLoss.sum": {
            "value": 0.000734450260642916,
            "min": 0.0006072499461879488,
            "max": 0.003910079409251921,
            "count": 186
        },
        "DroneAgent.Policy.LearningRate.mean": {
            "value": 0.00024291947570806,
            "min": 0.00024291947570806,
            "max": 0.0009959510004049,
            "count": 186
        },
        "DroneAgent.Policy.LearningRate.sum": {
            "value": 0.00024291947570806,
            "min": 0.00024291947570806,
            "max": 0.0009959510004049,
            "count": 186
        },
        "DroneAgent.Policy.Epsilon.mean": {
            "value": 0.12429194000000002,
            "min": 0.12429194000000002,
            "max": 0.19959510000000003,
            "count": 186
        },
        "DroneAgent.Policy.Epsilon.sum": {
            "value": 0.12429194000000002,
            "min": 0.12429194000000002,
            "max": 0.19959510000000003,
            "count": 186
        },
        "DroneAgent.Policy.Beta.mean": {
            "value": 0.01,
            "min": 0.01,
            "max": 0.01,
            "count": 186
        },
        "DroneAgent.Policy.Beta.sum": {
            "value": 0.01,
            "min": 0.01,
            "max": 0.01,
            "count": 186
        },
        "DroneAgent.Policy.GAILPolicyEstimate.mean": {
            "value": 0.0008513724940712563,
            "min": 0.0006932667471119203,
            "max": 0.005115675086562988,
            "count": 186
        },
        "DroneAgent.Policy.GAILPolicyEstimate.sum": {
            "value": 0.0008513724940712563,
            "min": 0.0006932667471119203,
            "max": 0.005115675086562988,
            "count": 186
        },
        "DroneAgent.Policy.GAILExpertEstimate.mean": {
            "value": 0.9996986389160156,
            "min": 0.9974803328514099,
            "max": 0.9996986389160156,
            "count": 186
        },
        "DroneAgent.Policy.GAILExpertEstimate.sum": {
            "value": 0.9996986389160156,
            "min": 0.9974803328514099,
            "max": 0.9996986389160156,
            "count": 186
        },
        "DroneAgent.Losses.GAILLoss.mean": {
            "value": 0.0011921050245291553,
            "min": 0.0010359764593886212,
            "max": 0.007573165412759408,
            "count": 186
        },
        "DroneAgent.Losses.GAILLoss.sum": {
            "value": 0.0011921050245291553,
            "min": 0.0010359764593886212,
            "max": 0.007573165412759408,
            "count": 186
        },
        "DroneAgent.Policy.GAILGradMagLoss.mean": {
            "value": 0.0027018284308724105,
            "min": 0.0026951701991492884,
            "max": 0.01059193512191996,
            "count": 186
        },
        "DroneAgent.Policy.GAILGradMagLoss.sum": {
            "value": 0.0027018284308724105,
            "min": 0.0026951701991492884,
            "max": 0.01059193512191996,
            "count": 186
        },
        "DroneAgent.Losses.PretrainingLoss.mean": {
            "value": 0.0,
            "min": 0.0,
            "max": 13.183770426997432,
            "count": 186
        },
        "DroneAgent.Losses.PretrainingLoss.sum": {
            "value": 0.0,
            "min": 0.0,
            "max": 13.183770426997432,
            "count": 186
        }
    },
    "metadata": {
        "timer_format_version": "0.1.0",
        "start_time_seconds": "1697583227",
        "python_version": "3.9.13 (tags/v3.9.13:6de2ca5, May 17 2022, 16:36:42) [MSC v.1929 64 bit (AMD64)]",
        "command_line_arguments": "F:\\Unity projects\\Oblig2\\Drone_MLagents\\venv\\Scripts\\mlagents-learn config/DroneAgent.yaml --initialize-from=DroneAgentTrackNew3 --run-id=DroneAgentTrackNew4",
        "mlagents_version": "0.30.0",
        "mlagents_envs_version": "0.30.0",