{
    "name": "root",
    "gauges": {
        "DroneAgent.Policy.Entropy.mean": {
            "value": 1.358793020248413,
            "min": 1.355454921722412,
            "max": 1.4189382791519165,
            "count": 96
        },
        "DroneAgent.Policy.Entropy.sum": {
            "value": 13635.48828125,
            "min": 13215.685546875,
            "max": 14983.98828125,
            "count": 96
        },
        "DroneAgent.Step.mean": {
            "value": 959968.0,
            "min": 9984.0,
            "max": 959968.0,
            "count": 96
        },
        "DroneAgent.Step.sum": {
            "value": 959968.0,
            "min": 9984.0,
            "max": 959968.0,
            "count": 96
        },
        "DroneAgent.Policy.ExtrinsicValueEstimate.mean": {
            "value": 3.8201510906219482,
            "min": -0.16673603653907776,
            "max": 4.054217338562012,
            "count": 96
        },
        "DroneAgent.Policy.ExtrinsicValueEstimate.sum": {
            "value": 622.6846313476562,
            "min": -26.010822296142578,
            "max": 660.83740234375,
            "count": 96
        },
        "DroneAgent.Policy.GailValueEstimate.mean": {
            "value": 1.5116775035858154,
            "min": 0.7271654009819031,
            "max": 3.090101480484009,
            "count": 96
        },
        "DroneAgent.Policy.GailValueEstimate.sum": {
            "value": 246.40342712402344,
            "min": 113.43780517578125,
            "max": 494.6481018066406,
            "count": 96
        },
        "DroneAgent.IsTraining.mean": {
            "value": 1.0,
            "min": 1.0,
            "max": 1.0,
            "count": 96
        },
        "DroneAgent.IsTraining.sum": {
            "value": 1.0,
            "min": 1.0,
            "max": 1.0,
            "count": 96
        },
        "DroneAgent.Losses.PolicyLoss.mean": {
            "value": 0.138557734049391,
            "min": 0.03053015172481537,
            "max": 0.1873213395398731,
            "count": 95
        },
        "DroneAgent.Losses.PolicyLoss.sum": {
            "value": 0.138557734049391,
            "min": 0.03053015172481537,
            "max": 0.1873213395398731,
            "count": 95
        },
        "DroneAgent.Losses.ValueLoss.mean": {
            "value": 0.026611733840157588,
            "min": 0.014096336672082543,
            "max": 0.11599318788697323,
            "count": 95
        },
        "DroneAgent.Losses.ValueLoss.sum": {
            "value": 0.026611733840157588,
            "min": 0.014096336672082543,
            "max": 0.11599318788697323,
            "count": 95
        },
        "DroneAgent.Policy.LearningRate.mean": {
            "value": 0.00024283081905640007,
            "min": 0.00024283081905640007,
            "max": 0.0002993664002111999,
            "count": 95
        },
        "DroneAgent.Policy.LearningRate.sum": {
            "value": 0.00024283081905640007,
            "min": 0.00024283081905640007,
            "max": 0.0002993664002111999,
            "count": 95
        },
        "DroneAgent.Policy.Epsilon.mean": {
            "value": 0.1809436,
            "min": 0.1809436,
            "max": 0.19978880000000007,
            "count": 95
        },
        "DroneAgent.Policy.Epsilon.sum": {
            "value": 0.1809436,
            "min": 0.1809436,
            "max": 0.19978880000000007,
            "count": 95
        },
        "DroneAgent.Policy.Beta.mean": {
            "value": 0.005000000000000001,
            "min": 0.005000000000000001,
            "max": 0.005000000000000001,
            "count": 95
        },
        "DroneAgent.Policy.Beta.sum": {
            "value": 0.005000000000000001,
            "min": 0.005000000000000001,
            "max": 0.005000000000000001,
            "count": 95
        },
        "DroneAgent.Policy.GAILPolicyEstimate.mean": {
            "value": 0.14002333134412764,
            "min": 0.13211277114848297,
            "max": 0.4256787786881129,
            "count": 95
        },
        "DroneAgent.Policy.GAILPolicyEstimate.sum": {
            "value": 0.14002333134412764,
            "min": 0.13211277114848297,
            "max": 0.4256787786881129,
            "count": 95
        },
        "DroneAgent.Policy.GAILExpertEstimate.mean": {
            "value": 0.8023796260356904,
            "min": 0.49668204883734385,
            "max": 0.8170729339122772,
            "count": 95
        },
        "DroneAgent.Policy.GAILExpertEstimate.sum": {
            "value": 0.8023796260356904,
            "min": 0.49668204883734385,
            "max": 0.8170729339122772,
            "count": 95
        },
        "DroneAgent.Losses.GAILLoss.mean": {
            "value": 0.4188649962345759,
            "min": 0.4188649962345759,
            "max": 1.231917933622996,
            "count": 95
        },
        "DroneAgent.Losses.GAILLoss.sum": {
            "value": 0.4188649962345759,
            "min": 0.4188649962345759,
            "max": 1.231917933622996,
            "count": 95
        },
        "DroneAgent.Policy.GAILGradMagLoss.mean": {
            "value": 0.10168616622686386,
            "min": 0.09051404123504957,
            "max": 9.483758354187012,
            "count": 95
        },
        "DroneAgent.Policy.GAILGradMagLoss.sum": {
            "value": 0.10168616622686386,
            "min": 0.09051404123504957,
            "max": 9.483758354187012,
            "count": 95
        },
        "DroneAgent.Losses.PretrainingLoss.mean": {
            "value": 0.0,
            "min": 0.0,
            "max": 1.161947493199949,
            "count": 95
        },
        "DroneAgent.Losses.PretrainingLoss.sum": {
            "value": 0.0,
            "min": 0.0,
            "max": 1.161947493199949,
            "count": 95
        },
        "DroneAgent.Environment.EpisodeLength.mean": {
            "value": 787.2666666666667,
            "min": 535.7272727272727,
            "max": 999.0,
            "count": 95
        },
        "DroneAgent.Environment.EpisodeLength.sum": {
            "value": 11809.0,
            "min": 2975.0,
            "max": 15376.0,
            "count": 95
        },
        "DroneAgent.Environment.CumulativeReward.mean": {
            "value": 30.296145785103242,
            "min": 6.386207541823387,
            "max": 37.98902641449656,
            "count": 95
        },
        "DroneAgent.Environment.CumulativeReward.sum": {
            "value": 454.4421867765486,
            "min": 52.193483386188745,
            "max": 570.493730224669,
            "count": 95
        },
        "DroneAgent.Policy.ExtrinsicReward.mean": {
            "value": 30.296145785103242,
            "min": 6.386207541823387,
            "max": 37.98902641449656,
            "count": 95
        },
        "DroneAgent.Policy.ExtrinsicReward.sum": {
            "value": 454.4421867765486,
            "min": 52.193483386188745,
            "max": 570.493730224669,
            "count": 95
        },
        "DroneAgent.Policy.GailReward.mean": {
            "value": 15.099363262361537,
            "min": 14.148689016350545,
            "max": 69.93814956347147,
            "count": 95
        },
        "DroneAgent.Policy.GailReward.sum": {
            "value": 226.49044893542305,
            "min": 115.41146856546402,
            "max": 1049.0722434520721,
            "count": 95
        }
    },
    "metadata": {
        "timer_format_version": "0.1.0",
        "start_time_seconds": "1696724314",
        "python_version": "3.9.13 (tags/v3.9.13:6de2ca5, May 17 2022, 16:36:42) [MSC v.1929 64 bit (AMD64)]",
        "command_line_arguments": "F:\\Unity projects\\Oblig2\\Drone_MLagents\\venv\\Scripts\\mlagents-learn config/DroneAgentNew.yaml --run-id=DroneAgentLETSGO",
        "mlagents_version": "0.30.0",
        "mlagents_envs_version": "0.30.0",
        "communication_protocol_version": "1.5.0",