{
    "name": "root",
    "gauges": {
        "DroneAgent.Policy.Entropy.mean": {
            "value": 7.0391526222229,
            "min": 6.574630260467529,
            "max": 7.0391526222229,
            "count": 500
        },
        "DroneAgent.Policy.Entropy.sum": {
            "value": 70954.65625,
            "min": 62539.24609375,
            "max": 72579.4453125,
            "count": 500
        },
        "DroneAgent.Step.mean": {
            "value": 4999939.0,
            "min": 9984.0,
            "max": 4999939.0,
            "count": 500
        },
        "DroneAgent.Step.sum": {
            "value": 4999939.0,
            "min": 9984.0,
            "max": 4999939.0,
            "count": 500
        },
        "DroneAgent.Policy.ExtrinsicValueEstimate.mean": {
            "value": 0.3391192555427551,
            "min": 0.14641393721103668,
            "max": 0.7342728972434998,
            "count": 500
        },
        "DroneAgent.Policy.ExtrinsicValueEstimate.sum": {
            "value": 54.598201751708984,
            "min": 23.572643280029297,
            "max": 114.54656982421875,
            "count": 500
        },
        "DroneAgent.Policy.GailValueEstimate.mean": {
            "value": 0.004018433392047882,
            "min": -0.00629040040075779,
            "max": 0.016919998452067375,
            "count": 500
        },
        "DroneAgent.Policy.GailValueEstimate.sum": {
            "value": 0.6469677686691284,
            "min": -1.0127544403076172,
            "max": 2.6733598709106445,
            "count": 500
        },
        "DroneAgent.IsTraining.mean": {
            "value": 1.0,
            "min": 1.0,
            "max": 1.0,
            "count": 500
        },
        "DroneAgent.IsTraining.sum": {
            "value": 1.0,
            "min": 1.0,
            "max": 1.0,
            "count": 500
        },
        "DroneAgent.Environment.EpisodeLength.mean": {
            "value": 1987.0,
            "min": 758.5,
            "max": 2499.0,
            "count": 492
        },
        "DroneAgent.Environment.EpisodeLength.sum": {
            "value": 11922.0,
            "min": 1176.0,
            "max": 39984.0,
            "count": 492
        },
        "DroneAgent.Environment.CumulativeReward.mean": {
            "value": 5.780366953462362,
            "min": 0.40748890675604343,
            "max": 13.171639166772366,
            "count": 492
        },
        "DroneAgent.Environment.CumulativeReward.sum": {
            "value": 34.682201720774174,
            "min": 0.40748890675604343,
            "max": 143.58051597117446,
            "count": 492
        },
        "DroneAgent.Policy.ExtrinsicReward.mean": {
            "value": 5.780366953462362,
            "min": 0.40748890675604343,
            "max": 13.171639166772366,
            "count": 492
        },
        "DroneAgent.Policy.ExtrinsicReward.sum": {
            "value": 34.682201720774174,
            "min": 0.40748890675604343,
            "max": 143.58051597117446,
            "count": 492
        },
        "DroneAgent.Policy.GailReward.mean": {
            "value": 0.02660334607665386,
            "min": 5.726924166005176e-05,
            "max": 1.3907779765562196,
            "count": 492
        },
        "DroneAgent.Policy.GailReward.sum": {
            "value": 0.15962007645992315,
            "min": 0.00011453848332010352,
            "max": 4.492914218091853,
            "count": 492
        },
        "DroneAgent.Losses.PolicyLoss.mean": {
            "value": 0.06639693318866194,
            "min": 0.04726761103520403,
            "max": 0.11612563400267391,
            "count": 248
        },
        "DroneAgent.Losses.PolicyLoss.sum": {
            "value": 0.06639693318866194,
            "min": 0.04726761103520403,
            "max": 0.11612563400267391,
            "count": 248
        },
        "DroneAgent.Losses.ValueLoss.mean": {
            "value": 0.0035537473042495547,
            "min": 0.0018701772860367782,
            "max": 0.005877572059398517,
            "count": 248
        },
        "DroneAgent.Losses.ValueLoss.sum": {
            "value": 0.0035537473042495547,
            "min": 0.0018701772860367782,
            "max": 0.005877572059398517,
            "count": 248
        },
        "DroneAgent.Policy.LearningRate.mean": {
            "value": 2.718699728140015e-06,
            "min": 2.718699728140015e-06,
            "max": 0.00099571540042846,
            "count": 248
        },
        "DroneAgent.Policy.LearningRate.sum": {
            "value": 2.718699728140015e-06,
            "min": 2.718699728140015e-06,
            "max": 0.00099571540042846,
            "count": 248
        },
        "DroneAgent.Policy.Epsilon.mean": {
            "value": 0.10027186000000002,
            "min": 0.10027186000000002,
            "max": 0.19957154000000002,
            "count": 248
        },
        "DroneAgent.Policy.Epsilon.sum": {
            "value": 0.10027186000000002,
            "min": 0.10027186000000002,
            "max": 0.19957154000000002,
            "count": 248
        },
        "DroneAgent.Policy.Beta.mean": {
            "value": 0.01,
            "min": 0.01,
            "max": 0.01,
            "count": 248
        },
        "DroneAgent.Policy.Beta.sum": {
            "value": 0.01,
            "min": 0.01,
            "max": 0.01,
            "count": 248
        },
        "DroneAgent.Policy.GAILPolicyEstimate.mean": {
            "value": 8.279682225520446e-05,
            "min": 1.2152264726594808e-05,
            "max": 0.0008520158414670881,
            "count": 248
        },
        "DroneAgent.Policy.GAILPolicyEstimate.sum": {
            "value": 8.279682225520446e-05,
            "min": 1.2152264726594808e-05,
            "max": 0.0008520158414670881,
            "count": 248
        },
        "DroneAgent.Policy.GAILExpertEstimate.mean": {
            "value": 0.9999443486332893,
            "min": 0.9998131901025772,
            "max": 1.0,
            "count": 248
        },
        "DroneAgent.Policy.GAILExpertEstimate.sum": {
            "value": 0.9999443486332893,
            "min": 0.9998131901025772,
            "max": 1.0,
            "count": 248
        },
        "DroneAgent.Losses.GAILLoss.mean": {
            "value": 0.0001407824323564455,
            "min": 1.239940559503161e-05,
            "max": 0.0010107910123284825,
            "count": 248
        },
        "DroneAgent.Losses.GAILLoss.sum": {
            "value": 0.0001407824323564455,
            "min": 1.239940559503161e-05,
            "max": 0.0010107910123284825,
            "count": 248
        },
        "DroneAgent.Policy.GAILGradMagLoss.mean": {
            "value": 0.00046309444715006973,
            "min": 6.461111752287252e-05,
            "max": 0.022921762324040175,
            "count": 248
        },
        "DroneAgent.Policy.GAILGradMagLoss.sum": {
            "value": 0.00046309444715006973,
            "min": 6.461111752287252e-05,
            "max": 0.022921762324040175,
            "count": 248
        },
        "DroneAgent.Losses.PretrainingLoss.mean": {
            "value": 0.0,
            "min": 0.0,
            "max": 232289.31770833334,
            "count": 248
        },
        "DroneAgent.Losses.PretrainingLoss.sum": {
            "value": 0.0,
            "min": 0.0,
            "max": 232289.31770833334,
            "count": 248
        }
    },
    "metadata": {
        "timer_format_version": "0.1.0",
        "start_time_seconds": "1700156054",
        "python_version": "3.9.13 (tags/v3.9.13:6de2ca5, May 17 2022, 16:36:42) [MSC v.1929 64 bit (AMD64)]",
        "command_line_arguments": "C:\\Users\\thoma\\AppData\\Local\\Programs\\Python\\Python39\\Scripts\\mlagents-learn config\\DroneAgent.yaml --initialize-from=DroneAgentMG16 --run-id=DroneAgentMG17",
        "mlagents_version": "0.30.0",
        "mlagents_envs_version": "0.30.0",