{
    "name": "root",
    "gauges": {
        "DroneAgent.Policy.Entropy.mean": {
            "value": 1.3850306272506714,
            "min": 1.3850306272506714,
            "max": 1.3850306272506714,
            "count": 1
        },
        "DroneAgent.Policy.Entropy.sum": {
            "value": 27744.93359375,
            "min": 27744.93359375,
            "max": 27744.93359375,
            "count": 1
        },
        "DroneAgent.Step.mean": {
            "value": 19968.0,
            "min": 19968.0,
            "max": 19968.0,
            "count": 1
        },
        "DroneAgent.Step.sum": {
            "value": 19968.0,
            "min": 19968.0,
            "max": 19968.0,
            "count": 1
        },
        "DroneAgent.Policy.ExtrinsicValueEstimate.mean": {
            "value": 0.015414812602102757,
            "min": 0.015414812602102757,
            "max": 0.015414812602102757,
            "count": 1
        },
        "DroneAgent.Policy.ExtrinsicValueEstimate.sum": {
            "value": 4.809421539306641,
            "min": 4.809421539306641,
            "max": 4.809421539306641,
            "count": 1
        },
        "DroneAgent.Policy.GailValueEstimate.mean": {
            "value": 17.31809425354004,
            "min": 17.31809425354004,
            "max": 17.31809425354004,
            "count": 1
        },
        "DroneAgent.Policy.GailValueEstimate.sum": {
            "value": 5403.2451171875,
            "min": 5403.2451171875,
            "max": 5403.2451171875,
            "count": 1
        },
        "DroneAgent.Losses.PolicyLoss.mean": {
            "value": 0.045109788546580126,
            "min": 0.045109788546580126,
            "max": 0.045109788546580126,
            "count": 1
        },
        "DroneAgent.Losses.PolicyLoss.sum": {
            "value": 0.8119761938384423,
            "min": 0.8119761938384423,
            "max": 0.8119761938384423,
            "count": 1
        },
        "DroneAgent.Losses.ValueLoss.mean": {
            "value": 8.421489629972106,
            "min": 8.421489629972106,
            "max": 8.421489629972106,
            "count": 1
        },
        "DroneAgent.Losses.ValueLoss.sum": {
            "value": 151.5868133394979,
            "min": 151.5868133394979,
            "max": 151.5868133394979,
            "count": 1
        },
        "DroneAgent.Policy.LearningRate.mean": {
            "value": 0.00029937984020671996,
            "min": 0.00029937984020671996,
            "max": 0.00029937984020671996,
            "count": 1
        },
        "DroneAgent.Policy.LearningRate.sum": {
            "value": 0.005388837123720959,
            "min": 0.005388837123720959,
            "max": 0.005388837123720959,
            "count": 1
        },
        "DroneAgent.Policy.Epsilon.mean": {
            "value": 0.19979328,
            "min": 0.19979328,
            "max": 0.19979328,
            "count": 1
        },
        "DroneAgent.Policy.Epsilon.sum": {
            "value": 3.5962790399999998,
            "min": 3.5962790399999998,
            "max": 3.5962790399999998,
            "count": 1
        },
        "DroneAgent.Policy.Beta.mean": {
            "value": 0.0004989870720000001,
            "min": 0.0004989870720000001,
            "max": 0.0004989870720000001,
            "count": 1
        },
        "DroneAgent.Policy.Beta.sum": {
            "value": 0.008981767296000002,
            "min": 0.008981767296000002,
            "max": 0.008981767296000002,
            "count": 1
        },
        "DroneAgent.Policy.GAILPolicyEstimate.mean": {
            "value": 0.4666068722252492,
            "min": 0.4666068722252492,
            "max": 0.4666068722252492,
            "count": 1
        },
        "DroneAgent.Policy.GAILPolicyEstimate.sum": {
            "value": 8.398923700054485,
            "min": 8.398923700054485,
            "max": 8.398923700054485,
            "count": 1
        },
        "DroneAgent.Policy.GAILExpertEstimate.mean": {
            "value": 0.5232408955969193,
            "min": 0.5232408955969193,
            "max": 0.5232408955969193,
            "count": 1
        },
        "DroneAgent.Policy.GAILExpertEstimate.sum": {
            "value": 9.418336120744549,
            "min": 9.418336120744549,
            "max": 9.418336120744549,
            "count": 1
        },
        "DroneAgent.Losses.GAILLoss.mean": {
            "value": 1.28338343070613,
            "min": 1.28338343070613,
            "max": 1.28338343070613,
            "count": 1
        },
        "DroneAgent.Losses.GAILLoss.sum": {
            "value": 23.100901752710342,
            "min": 23.100901752710342,
            "max": 23.100901752710342,
            "count": 1
        },
        "DroneAgent.Policy.GAILGradMagLoss.mean": {
            "value": 1.9540356389083575,
            "min": 1.9540356389083575,
            "max": 1.9540356389083575,
            "count": 1
        },
        "DroneAgent.Policy.GAILGradMagLoss.sum": {
            "value": 35.17264150035044,
            "min": 35.17264150035044,
            "max": 35.17264150035044,
            "count": 1
        },
        "DroneAgent.Losses.PretrainingLoss.mean": {
            "value": 2.845025871638898,
            "min": 2.845025871638898,
            "max": 2.845025871638898,
            "count": 1
        },
        "DroneAgent.Losses.PretrainingLoss.sum": {
            "value": 51.21046568950017,
            "min": 51.21046568950017,
            "max": 51.21046568950017,
            "count": 1
        },
        "DroneAgent.IsTraining.mean": {
            "value": 1.0,
            "min": 1.0,
            "max": 1.0,
            "count": 1
        },
        "DroneAgent.IsTraining.sum": {
            "value": 1.0,
            "min": 1.0,
            "max": 1.0,
            "count": 1
        }
    },
    "metadata": {
        "timer_format_version": "0.1.0",
        "start_time_seconds": "1696214517",
        "python_version": "3.9.13 (tags/v3.9.13:6de2ca5, May 17 2022, 16:36:42) [MSC v.1929 64 bit (AMD64)]",
        "command_line_arguments": "F:\\Unity projects\\Oblig2\\Drone_MLagents\\venv\\Scripts\\mlagents-learn config/DroneAgent.yaml --run-id=DroneAgentup3",
        "mlagents_version": "0.30.0",
        "mlagents_envs_version": "0.30.0",
        "communication_protocol_version": "1.5.0",
        "pytorch_version": "2.0.1+cu117",
        "numpy_version": "1.21.2",
        "end_time_seconds": "1696214756"
    },
    "total": 239.9095547,
    "count": 1,
    "self": 0.005641800000006469,
    "children": {
        "run_training.setup": {
            "total": 0.07205839999999997,
            "count": 1,
            "self": 0.07205839999999997
        },
        "TrainerController.start_learning": {
            "total": 239.8318545,
            "count": 1,
            "self": 0.3922724999967784,
            "children": {
                "TrainerController._reset_env": {
                    "total": 59.968614099999996,
                    "count": 1,
                    "self": 59.128205799999996,
                    "children": {
                        "demo_to_buffer": {
                            "total": 0.8404083,
                            "count": 2,
                            "self": 7.24000000005276e-05,
                            "children": {
                                "load_demonstration": {
                                    "total": 0.016406800000005717,
                                    "count": 2,
                                    "self": 0.01622520000000094,
                                    "children": {
                                        "read_file": {
                                            "total": 0.00018160000000477794,
                                            "count": 2,