{
    "name": "root",
    "gauges": {
        "DroneAgent.Policy.Entropy.mean": {
            "value": 6.024807929992676,
            "min": 5.792915344238281,
            "max": 6.024874210357666,
            "count": 500
        },
        "DroneAgent.Policy.Entropy.sum": {
            "value": 59338.33203125,
            "min": 55006.41796875,
            "max": 63329.515625,
            "count": 500
        },
        "DroneAgent.Step.mean": {
            "value": 4999952.0,
            "min": 9984.0,
            "max": 4999952.0,
            "count": 500
        },
        "DroneAgent.Step.sum": {
            "value": 4999952.0,
            "min": 9984.0,
            "max": 4999952.0,
            "count": 500
        },
        "DroneAgent.Policy.ExtrinsicValueEstimate.mean": {
            "value": 1.186484694480896,
            "min": -0.18018381297588348,
            "max": 1.3887385129928589,
            "count": 500
        },
        "DroneAgent.Policy.ExtrinsicValueEstimate.sum": {
            "value": 195.7699737548828,
            "min": -30.45106315612793,
            "max": 216.64320373535156,
            "count": 500
        },
        "DroneAgent.Policy.GailValueEstimate.mean": {
            "value": 0.0018736582715064287,
            "min": -0.24256479740142822,
            "max": 0.020772991701960564,
            "count": 500
        },
        "DroneAgent.Policy.GailValueEstimate.sum": {
            "value": 0.30915361642837524,
            "min": -40.750885009765625,
            "max": 3.5106356143951416,
            "count": 500
        },
        "DroneAgent.IsTraining.mean": {
            "value": 1.0,
            "min": 1.0,
            "max": 1.0,
            "count": 500
        },
        "DroneAgent.IsTraining.sum": {
            "value": 1.0,
            "min": 1.0,
            "max": 1.0,
            "count": 500
        },
        "DroneAgent.Environment.EpisodeLength.mean": {
            "value": 599.0,
            "min": 460.0,
            "max": 599.0,
            "count": 498
        },
        "DroneAgent.Environment.EpisodeLength.sum": {
            "value": 8386.0,
            "min": 1198.0,
            "max": 12579.0,
            "count": 498
        },
        "DroneAgent.Environment.CumulativeReward.mean": {
            "value": 7.607515794358084,
            "min": -4.408811239170886,
            "max": 8.303357940755392,
            "count": 499
        },
        "DroneAgent.Environment.CumulativeReward.sum": {
            "value": 106.50522112101316,
            "min": -92.58503602258861,
            "max": 162.49834468960762,
            "count": 499
        },
        "DroneAgent.Policy.ExtrinsicReward.mean": {
            "value": 7.607515794358084,
            "min": -4.408811239170886,
            "max": 8.303357940755392,
            "count": 499
        },
        "DroneAgent.Policy.ExtrinsicReward.sum": {
            "value": 106.50522112101316,
            "min": -92.58503602258861,
            "max": 162.49834468960762,
            "count": 499
        },
        "DroneAgent.Policy.GailReward.mean": {
            "value": 0.00023962221143047913,
            "min": 2.9269253394303973e-06,
            "max": 0.8241407662879539,
            "count": 499
        },
        "DroneAgent.Policy.GailReward.sum": {
            "value": 0.0033547109600267078,
            "min": 5.853850678860795e-05,
            "max": 3.2965630651518154,
            "count": 499
        },
        "DroneAgent.Losses.PolicyLoss.mean": {
            "value": 0.0903362502809614,
            "min": 0.05554628976460663,
            "max": 0.12390887699730228,
            "count": 258
        },
        "DroneAgent.Losses.PolicyLoss.sum": {
            "value": 0.0903362502809614,
            "min": 0.05554628976460663,
            "max": 0.12390887699730228,
            "count": 258
        },
        "DroneAgent.Losses.ValueLoss.mean": {
            "value": 0.007849827277823351,
            "min": 0.0011195897492143557,
            "max": 0.014404217747505754,
            "count": 258
        },
        "DroneAgent.Losses.ValueLoss.sum": {
            "value": 0.007849827277823351,
            "min": 0.0011195897492143557,
            "max": 0.014404217747505754,
            "count": 258
        },
        "DroneAgent.Policy.LearningRate.mean": {
            "value": 2.5296997470400203e-06,
            "min": 2.5296997470400203e-06,
            "max": 0.00099586720041328,
            "count": 258
        },
        "DroneAgent.Policy.LearningRate.sum": {
            "value": 2.5296997470400203e-06,
            "min": 2.5296997470400203e-06,
            "max": 0.00099586720041328,
            "count": 258
        },
        "DroneAgent.Policy.Epsilon.mean": {
            "value": 0.10025295999999999,
            "min": 0.10025295999999999,
            "max": 0.19958672,
            "count": 258
        },
        "DroneAgent.Policy.Epsilon.sum": {
            "value": 0.10025295999999999,
            "min": 0.10025295999999999,
            "max": 0.19958672,
            "count": 258
        },
        "DroneAgent.Policy.Beta.mean": {
            "value": 0.01,
            "min": 0.01,
            "max": 0.01,
            "count": 258
        },
        "DroneAgent.Policy.Beta.sum": {
            "value": 0.01,
            "min": 0.01,
            "max": 0.01,
            "count": 258
        },
        "DroneAgent.Policy.GAILPolicyEstimate.mean": {
            "value": 2.6701660149264227e-05,
            "min": 1.7954677608678083e-06,
            "max": 0.0007021312065688789,
            "count": 258
        },
        "DroneAgent.Policy.GAILPolicyEstimate.sum": {
            "value": 2.6701660149264227e-05,
            "min": 1.7954677608678083e-06,
            "max": 0.0007021312065688789,
            "count": 258
        },
        "DroneAgent.Policy.GAILExpertEstimate.mean": {
            "value": 0.9999892562627792,
            "min": 0.9998013377189636,
            "max": 0.9999999955296517,
            "count": 258
        },
        "DroneAgent.Policy.GAILExpertEstimate.sum": {
            "value": 0.9999892562627792,
            "min": 0.9998013377189636,
            "max": 0.9999999955296517,
            "count": 258
        },
        "DroneAgent.Losses.GAILLoss.mean": {
            "value": 3.792279626466666e-05,
            "min": 1.8918661044864393e-06,
            "max": 0.0008289660582420311,
            "count": 258
        },
        "DroneAgent.Losses.GAILLoss.sum": {
            "value": 3.792279626466666e-05,
            "min": 1.8918661044864393e-06,
            "max": 0.0008289660582420311,
            "count": 258
        },
        "DroneAgent.Policy.GAILGradMagLoss.mean": {
            "value": 0.00024518924892618087,
            "min": 4.0231570119431125e-05,
            "max": 0.0530265876125668,
            "count": 258
        },
        "DroneAgent.Policy.GAILGradMagLoss.sum": {
            "value": 0.00024518924892618087,
            "min": 4.0231570119431125e-05,
            "max": 0.0530265876125668,
            "count": 258
        },
        "DroneAgent.Losses.PretrainingLoss.mean": {
            "value": 0.0,
            "min": 0.0,
            "max": 18864.121115451388,
            "count": 258
        },
        "DroneAgent.Losses.PretrainingLoss.sum": {
            "value": 0.0,
            "min": 0.0,
            "max": 18864.121115451388,
            "count": 258
        }
    },
    "metadata": {
        "timer_format_version": "0.1.0",
        "start_time_seconds": "1700100388",
        "python_version": "3.9.13 (tags/v3.9.13:6de2ca5, May 17 2022, 16:36:42) [MSC v.1929 64 bit (AMD64)]",
        "command_line_arguments": "C:\\Users\\thoma\\AppData\\Local\\Programs\\Python\\Python39\\Scripts\\mlagents-learn config\\DroneAgent.yaml --initialize-from=DroneAgentMG11 --run-id=DroneAgentMG12",
        "mlagents_version": "0.30.0",
        "mlagents_envs_version": "0.30.0",