{
    "name": "root",
    "gauges": {
        "DroneAgent.Policy.Entropy.mean": {
            "value": 7.549285888671875,
            "min": 7.164834022521973,
            "max": 7.549285888671875,
            "count": 500
        },
        "DroneAgent.Policy.Entropy.sum": {
            "value": 74828.5234375,
            "min": 68357.4375,
            "max": 77652.109375,
            "count": 500
        },
        "DroneAgent.Step.mean": {
            "value": 4999993.0,
            "min": 9988.0,
            "max": 4999993.0,
            "count": 500
        },
        "DroneAgent.Step.sum": {
            "value": 4999993.0,
            "min": 9988.0,
            "max": 4999993.0,
            "count": 500
        },
        "DroneAgent.Policy.ExtrinsicValueEstimate.mean": {
            "value": 0.01391612272709608,
            "min": -0.19401374459266663,
            "max": 0.0780467614531517,
            "count": 500
        },
        "DroneAgent.Policy.ExtrinsicValueEstimate.sum": {
            "value": 2.2544119358062744,
            "min": -31.23621368408203,
            "max": 12.721622467041016,
            "count": 500
        },
        "DroneAgent.Policy.GailValueEstimate.mean": {
            "value": 0.0018429977353662252,
            "min": -0.0050278943963348866,
            "max": 0.013591598719358444,
            "count": 500
        },
        "DroneAgent.Policy.GailValueEstimate.sum": {
            "value": 0.2985656261444092,
            "min": -0.8195467591285706,
            "max": 2.201838970184326,
            "count": 500
        },
        "DroneAgent.Environment.EpisodeLength.mean": {
            "value": 447.04347826086956,
            "min": 373.52,
            "max": 498.9,
            "count": 500
        },
        "DroneAgent.Environment.EpisodeLength.sum": {
            "value": 10282.0,
            "min": 3257.0,
            "max": 12900.0,
            "count": 500
        },
        "DroneAgent.Environment.CumulativeReward.mean": {
            "value": 0.1649881640279835,
            "min": -0.9395957479613241,
            "max": 0.8968553552636876,
            "count": 500
        },
        "DroneAgent.Environment.CumulativeReward.sum": {
            "value": 3.629739608615637,
            "min": -20.67110645514913,
            "max": 19.91452574566938,
            "count": 500
        },
        "DroneAgent.Policy.ExtrinsicReward.mean": {
            "value": 0.1649881640279835,
            "min": -0.9395957479613241,
            "max": 0.8968553552636876,
            "count": 500
        },
        "DroneAgent.Policy.ExtrinsicReward.sum": {
            "value": 3.629739608615637,
            "min": -20.67110645514913,
            "max": 19.91452574566938,
            "count": 500
        },
        "DroneAgent.Policy.GailReward.mean": {
            "value": 0.006529779916445413,
            "min": 2.870239561991199e-05,
            "max": 0.07699956695363976,
            "count": 500
        },
        "DroneAgent.Policy.GailReward.sum": {
            "value": 0.14365515816179908,
            "min": 0.0006027503080181518,
            "max": 1.7624864245021037,
            "count": 500
        },
        "DroneAgent.IsTraining.mean": {
            "value": 1.0,
            "min": 1.0,
            "max": 1.0,
            "count": 500
        },
        "DroneAgent.IsTraining.sum": {
            "value": 1.0,
            "min": 1.0,
            "max": 1.0,
            "count": 500
        },
        "DroneAgent.Losses.PolicyLoss.mean": {
            "value": 0.08625171042658622,
            "min": 0.062172698898939414,
            "max": 0.12004760232521221,
            "count": 253
        },
        "DroneAgent.Losses.PolicyLoss.sum": {
            "value": 0.08625171042658622,
            "min": 0.062172698898939414,
            "max": 0.12004760232521221,
            "count": 253
        },
        "DroneAgent.Losses.ValueLoss.mean": {
            "value": 0.004511654254747555,
            "min": 0.0031584253301844,
            "max": 0.006442634121049196,
            "count": 253
        },
        "DroneAgent.Losses.ValueLoss.sum": {
            "value": 0.004511654254747555,
            "min": 0.0031584253301844,
            "max": 0.006442634121049196,
            "count": 253
        },
        "DroneAgent.Policy.LearningRate.mean": {
            "value": 2.8480997151999614e-06,
            "min": 2.8480997151999614e-06,
            "max": 0.0009960070003993,
            "count": 253
        },
        "DroneAgent.Policy.LearningRate.sum": {
            "value": 2.8480997151999614e-06,
            "min": 2.8480997151999614e-06,
            "max": 0.0009960070003993,
            "count": 253
        },
        "DroneAgent.Policy.Epsilon.mean": {
            "value": 0.10028480000000002,
            "min": 0.10028480000000002,
            "max": 0.19960070000000002,
            "count": 253
        },
        "DroneAgent.Policy.Epsilon.sum": {
            "value": 0.10028480000000002,
            "min": 0.10028480000000002,
            "max": 0.19960070000000002,
            "count": 253
        },
        "DroneAgent.Policy.Beta.mean": {
            "value": 0.01,
            "min": 0.01,
            "max": 0.01,
            "count": 253
        },
        "DroneAgent.Policy.Beta.sum": {
            "value": 0.01,
            "min": 0.01,
            "max": 0.01,
            "count": 253
        },
        "DroneAgent.Policy.GAILPolicyEstimate.mean": {
            "value": 9.631545801624952e-05,
            "min": 1.6909603974113453e-05,
            "max": 0.0013100246516557946,
            "count": 253
        },
        "DroneAgent.Policy.GAILPolicyEstimate.sum": {
            "value": 9.631545801624952e-05,
            "min": 1.6909603974113453e-05,
            "max": 0.0013100246516557946,
            "count": 253
        },
        "DroneAgent.Policy.GAILExpertEstimate.mean": {
            "value": 0.9999792277812958,
            "min": 0.9997618272900581,
            "max": 0.9999998405575752,
            "count": 253
        },
        "DroneAgent.Policy.GAILExpertEstimate.sum": {
            "value": 0.9999792277812958,
            "min": 0.9997618272900581,
            "max": 0.9999998405575752,
            "count": 253
        },
        "DroneAgent.Losses.GAILLoss.mean": {
            "value": 0.00012216337432846558,
            "min": 1.864553364043786e-05,
            "max": 0.0014247399048599619,
            "count": 253
        },
        "DroneAgent.Losses.GAILLoss.sum": {
            "value": 0.00012216337432846558,
            "min": 1.864553364043786e-05,
            "max": 0.0014247399048599619,
            "count": 253
        },
        "DroneAgent.Policy.GAILGradMagLoss.mean": {
            "value": 0.00034129247706005117,
            "min": 9.969289849323104e-05,
            "max": 0.09819945990893757,
            "count": 253
        },
        "DroneAgent.Policy.GAILGradMagLoss.sum": {
            "value": 0.00034129247706005117,
            "min": 9.969289849323104e-05,
            "max": 0.09819945990893757,
            "count": 253
        },
        "DroneAgent.Losses.PretrainingLoss.mean": {
            "value": 0.0,
            "min": 0.0,
            "max": 1510053.088888889,
            "count": 253
        },
        "DroneAgent.Losses.PretrainingLoss.sum": {
            "value": 0.0,
            "min": 0.0,
            "max": 1510053.088888889,
            "count": 253
        }
    },
    "metadata": {
        "timer_format_version": "0.1.0",
        "start_time_seconds": "1699837397",
        "python_version": "3.9.13 (tags/v3.9.13:6de2ca5, May 17 2022, 16:36:42) [MSC v.1929 64 bit (AMD64)]",
        "command_line_arguments": "C:\\Users\\thoma\\AppData\\Local\\Programs\\Python\\Python39\\Scripts\\mlagents-learn config\\DroneAgent.yaml --initialize-from=DroneAgentMGO5 --run-id=DroneAgentMGO6",
        "mlagents_version": "0.30.0",