{
    "name": "root",
    "gauges": {
        "DroneAgent.Policy.Entropy.mean": {
            "value": 5.8357038497924805,
            "min": 5.735106945037842,
            "max": 5.837832450866699,
            "count": 500
        },
        "DroneAgent.Policy.Entropy.sum": {
            "value": 58333.6953125,
            "min": 54598.41796875,
            "max": 62768.37109375,
            "count": 500
        },
        "DroneAgent.Step.mean": {
            "value": 4999970.0,
            "min": 9984.0,
            "max": 4999970.0,
            "count": 500
        },
        "DroneAgent.Step.sum": {
            "value": 4999970.0,
            "min": 9984.0,
            "max": 4999970.0,
            "count": 500
        },
        "DroneAgent.Policy.ExtrinsicValueEstimate.mean": {
            "value": 1.0859626531600952,
            "min": -0.4349018931388855,
            "max": 1.304155945777893,
            "count": 500
        },
        "DroneAgent.Policy.ExtrinsicValueEstimate.sum": {
            "value": 183.52767944335938,
            "min": -72.62861633300781,
            "max": 212.57742309570312,
            "count": 500
        },
        "DroneAgent.Policy.GailValueEstimate.mean": {
            "value": 0.002979364013299346,
            "min": -0.0105211166664958,
            "max": 0.018176501616835594,
            "count": 500
        },
        "DroneAgent.Policy.GailValueEstimate.sum": {
            "value": 0.5035125017166138,
            "min": -1.7991108894348145,
            "max": 3.0390567779541016,
            "count": 500
        },
        "DroneAgent.IsTraining.mean": {
            "value": 1.0,
            "min": 1.0,
            "max": 1.0,
            "count": 500
        },
        "DroneAgent.IsTraining.sum": {
            "value": 1.0,
            "min": 1.0,
            "max": 1.0,
            "count": 500
        },
        "DroneAgent.Environment.EpisodeLength.mean": {
            "value": 599.0,
            "min": 398.8181818181818,
            "max": 599.0,
            "count": 498
        },
        "DroneAgent.Environment.EpisodeLength.sum": {
            "value": 12579.0,
            "min": 3085.0,
            "max": 13387.0,
            "count": 498
        },
        "DroneAgent.Environment.CumulativeReward.mean": {
            "value": 7.374028457949559,
            "min": -3.6187734603881836,
            "max": 8.523380238891525,
            "count": 499
        },
        "DroneAgent.Environment.CumulativeReward.sum": {
            "value": 154.85459761694074,
            "min": -100.77557263150811,
            "max": 177.16905349493027,
            "count": 499
        },
        "DroneAgent.Policy.ExtrinsicReward.mean": {
            "value": 7.374028457949559,
            "min": -3.6187734603881836,
            "max": 8.523380238891525,
            "count": 499
        },
        "DroneAgent.Policy.ExtrinsicReward.sum": {
            "value": 154.85459761694074,
            "min": -100.77557263150811,
            "max": 177.16905349493027,
            "count": 499
        },
        "DroneAgent.Policy.GailReward.mean": {
            "value": 0.00425861290748486,
            "min": 2.4057105211776267e-06,
            "max": 0.4021829582386909,
            "count": 499
        },
        "DroneAgent.Policy.GailReward.sum": {
            "value": 0.08943087105718206,
            "min": 4.570849990237491e-05,
            "max": 4.295533696412512,
            "count": 499
        },
        "DroneAgent.Losses.PolicyLoss.mean": {
            "value": 0.08755439689266495,
            "min": 0.05902109188609757,
            "max": 0.11422434902924579,
            "count": 259
        },
        "DroneAgent.Losses.PolicyLoss.sum": {
            "value": 0.08755439689266495,
            "min": 0.05902109188609757,
            "max": 0.11422434902924579,
            "count": 259
        },
        "DroneAgent.Losses.ValueLoss.mean": {
            "value": 0.002835034832241945,
            "min": 0.0012546864978503435,
            "max": 0.01633339123800397,
            "count": 259
        },
        "DroneAgent.Losses.ValueLoss.sum": {
            "value": 0.002835034832241945,
            "min": 0.0012546864978503435,
            "max": 0.01633339123800397,
            "count": 259
        },
        "DroneAgent.Policy.LearningRate.mean": {
            "value": 1.1148998885199714e-06,
            "min": 1.1148998885199714e-06,
            "max": 0.00099586720041328,
            "count": 259
        },
        "DroneAgent.Policy.LearningRate.sum": {
            "value": 1.1148998885199714e-06,
            "min": 1.1148998885199714e-06,
            "max": 0.00099586720041328,
            "count": 259
        },
        "DroneAgent.Policy.Epsilon.mean": {
            "value": 0.10011148,
            "min": 0.10011148,
            "max": 0.19958672,
            "count": 259
        },
        "DroneAgent.Policy.Epsilon.sum": {
            "value": 0.10011148,
            "min": 0.10011148,
            "max": 0.19958672,
            "count": 259
        },
        "DroneAgent.Policy.Beta.mean": {
            "value": 0.01,
            "min": 0.01,
            "max": 0.01,
            "count": 259
        },
        "DroneAgent.Policy.Beta.sum": {
            "value": 0.01,
            "min": 0.01,
            "max": 0.01,
            "count": 259
        },
        "DroneAgent.Policy.GAILPolicyEstimate.mean": {
            "value": 7.218778817303928e-05,
            "min": 4.445989022272556e-06,
            "max": 0.0010410538982910111,
            "count": 259
        },
        "DroneAgent.Policy.GAILPolicyEstimate.sum": {
            "value": 7.218778817303928e-05,
            "min": 4.445989022272556e-06,
            "max": 0.0010410538982910111,
            "count": 259
        },
        "DroneAgent.Policy.GAILExpertEstimate.mean": {
            "value": 0.9999916940927506,
            "min": 0.9998500183224678,
            "max": 0.9999999985098839,
            "count": 259
        },
        "DroneAgent.Policy.GAILExpertEstimate.sum": {
            "value": 0.9999916940927506,
            "min": 0.9998500183224678,
            "max": 0.9999999985098839,
            "count": 259
        },
        "DroneAgent.Losses.GAILLoss.mean": {
            "value": 8.262026030863013e-05,
            "min": 4.473000642413183e-06,
            "max": 0.001219174946507451,
            "count": 259
        },
        "DroneAgent.Losses.GAILLoss.sum": {
            "value": 8.262026030863013e-05,
            "min": 4.473000642413183e-06,
            "max": 0.001219174946507451,
            "count": 259
        },
        "DroneAgent.Policy.GAILGradMagLoss.mean": {
            "value": 0.00025223520533472764,
            "min": 4.439158406057686e-05,
            "max": 0.05992540930164978,
            "count": 259
        },
        "DroneAgent.Policy.GAILGradMagLoss.sum": {
            "value": 0.00025223520533472764,
            "min": 4.439158406057686e-05,
            "max": 0.05992540930164978,
            "count": 259
        },
        "DroneAgent.Losses.PretrainingLoss.mean": {
            "value": 0.0,
            "min": 0.0,
            "max": 22356.028428819445,
            "count": 259
        },
        "DroneAgent.Losses.PretrainingLoss.sum": {
            "value": 0.0,
            "min": 0.0,
            "max": 22356.028428819445,
            "count": 259
        }
    },
    "metadata": {
        "timer_format_version": "0.1.0",
        "start_time_seconds": "1700083724",
        "python_version": "3.9.13 (tags/v3.9.13:6de2ca5, May 17 2022, 16:36:42) [MSC v.1929 64 bit (AMD64)]",
        "command_line_arguments": "C:\\Users\\thoma\\AppData\\Local\\Programs\\Python\\Python39\\Scripts\\mlagents-learn config\\DroneAgent.yaml --initialize-from=DroneAgentMG9 --run-id=DroneAgentMG10",
        "mlagents_version": "0.30.0",
        "mlagents_envs_version": "0.30.0",