{
    "name": "root",
    "metadata": {
        "timer_format_version": "0.1.0",
        "start_time_seconds": "1696351910",
        "python_version": "3.9.13 (tags/v3.9.13:6de2ca5, May 17 2022, 16:36:42) [MSC v.1929 64 bit (AMD64)]",
        "command_line_arguments": "F:\\Unity projects\\Oblig2\\Drone_MLagents\\venv\\Scripts\\mlagents-learn config/DroneAgent.yaml --initialize-from=DroneAgentMoveForwardnewTraining3 --run-id=DroneAgentMoveForwardnewTraining9",
        "mlagents_version": "0.30.0",
        "mlagents_envs_version": "0.30.0",
        "communication_protocol_version": "1.5.0",
        "pytorch_version": "2.0.1+cu117",
        "numpy_version": "1.21.2",
        "end_time_seconds": "1696352033"
    },
    "total": 122.4732767,
    "count": 1,
    "self": 0.008592399999997724,
    "children": {
        "run_training.setup": {
            "total": 0.07884029999999997,
            "count": 1,
            "self": 0.07884029999999997
        },
        "TrainerController.start_learning": {
            "total": 122.385844,
            "count": 1,
            "self": 0.01708999999995342,
            "children": {
                "TrainerController._reset_env": {
                    "total": 18.652479099999997,
                    "count": 1,
                    "self": 13.549970899999995,
                    "children": {
                        "demo_to_buffer": {
                            "total": 5.102508200000003,
                            "count": 2,
                            "self": 0.00014420000000292532,
                            "children": {
                                "load_demonstration": {
                                    "total": 0.10315410000000114,
                                    "count": 2,
                                    "self": 0.10125320000000215,
                                    "children": {
                                        "read_file": {
                                            "total": 0.001900899999998984,
                                            "count": 2,
                                            "self": 0.001900899999998984
                                        }
                                    }
                                },
                                "make_demo_buffer": {
                                    "total": 4.9992098999999985,
                                    "count": 2,
                                    "self": 0.5973056000000057,
                                    "children": {
                                        "steps_from_proto": {
                                            "total": 4.401904299999993,
                                            "count": 25884,
                                            "self": 1.6281940000001889,
                                            "children": {
                                                "_process_rank_one_or_two_observation": {
                                                    "total": 2.773710299999804,
                                                    "count": 207072,
                                                    "self": 2.773710299999804
                                                }
                                            }
                                        }
                                    }
                                }
                            }
                        }
                    }
                },
                "TrainerController.advance": {
                    "total": 103.43934440000007,
                    "count": 967,
                    "self": 0.013315800000142985,
                    "children": {
                        "env_step": {
                            "total": 81.27605119999996,
                            "count": 967,
                            "self": 69.81558400000003,
                            "children": {
                                "SubprocessEnvManager._take_step": {
                                    "total": 11.450150600000011,
                                    "count": 967,
                                    "self": 0.07840109999989764,
                                    "children": {
                                        "TorchPolicy.evaluate": {
                                            "total": 11.371749500000114,
                                            "count": 967,
                                            "self": 11.371749500000114
                                        }
                                    }
                                },
                                "workers": {
                                    "total": 0.010316599999910636,
                                    "count": 966,
                                    "self": 0.0,
                                    "children": {
                                        "worker_root": {
                                            "total": 48.348781100000025,
                                            "count": 966,
                                            "is_parallel": true,
                                            "self": 41.380875199999764,
                                            "children": {
                                                "steps_from_proto": {
                                                    "total": 0.0004582000000006303,
                                                    "count": 1,
                                                    "is_parallel": true,
                                                    "self": 0.00010190000000420696,
                                                    "children": {
                                                        "_process_rank_one_or_two_observation": {
                                                            "total": 0.00035629999999642337,
                                                            "count": 8,
                                                            "is_parallel": true,
                                                            "self": 0.00035629999999642337
                                                        }
                                                    }
                                                },
                                                "UnityEnvironment.step": {
                                                    "total": 6.96744770000026,
                                                    "count": 966,
                                                    "is_parallel": true,
                                                    "self": 0.13061020000013812,
                                                    "children": {
                                                        "UnityEnvironment._generate_step_input": {
                                                            "total": 0.11380549999988787,
                                                            "count": 966,
                                                            "is_parallel": true,
                                                            "self": 0.11380549999988787
                                                        },
                                                        "communicator.exchange": {
                                                            "total": 6.3637089000001374,
                                                            "count": 966,
                                                            "is_parallel": true,
                                                            "self": 6.3637089000001374
                                                        },
                                                        "steps_from_proto": {
                                                            "total": 0.35932310000009693,
                                                            "count": 966,