{
    "name": "root",
    "gauges": {
        "DroneAgent.Policy.Entropy.mean": {
            "value": 1.3892995119094849,
            "min": 1.3892995119094849,
            "max": 1.3892995119094849,
            "count": 1
        },
        "DroneAgent.Policy.Entropy.sum": {
            "value": 27870.73828125,
            "min": 27870.73828125,
            "max": 27870.73828125,
            "count": 1
        },
        "DroneAgent.Step.mean": {
            "value": 19968.0,
            "min": 19968.0,
            "max": 19968.0,
            "count": 1
        },
        "DroneAgent.Step.sum": {
            "value": 19968.0,
            "min": 19968.0,
            "max": 19968.0,
            "count": 1
        },
        "DroneAgent.Policy.ExtrinsicValueEstimate.mean": {
            "value": 0.0747375339269638,
            "min": 0.0747375339269638,
            "max": 0.0747375339269638,
            "count": 1
        },
        "DroneAgent.Policy.ExtrinsicValueEstimate.sum": {
            "value": 23.318111419677734,
            "min": 23.318111419677734,
            "max": 23.318111419677734,
            "count": 1
        },
        "DroneAgent.Policy.GailValueEstimate.mean": {
            "value": 9.227675437927246,
            "min": 9.227675437927246,
            "max": 9.227675437927246,
            "count": 1
        },
        "DroneAgent.Policy.GailValueEstimate.sum": {
            "value": 2879.03466796875,
            "min": 2879.03466796875,
            "max": 2879.03466796875,
            "count": 1
        },
        "DroneAgent.Losses.PolicyLoss.mean": {
            "value": 0.044897882640792953,
            "min": 0.044897882640792953,
            "max": 0.044897882640792953,
            "count": 1
        },
        "DroneAgent.Losses.PolicyLoss.sum": {
            "value": 0.8081618875342732,
            "min": 0.8081618875342732,
            "max": 0.8081618875342732,
            "count": 1
        },
        "DroneAgent.Losses.ValueLoss.mean": {
            "value": 9.575858077931182,
            "min": 9.575858077931182,
            "max": 9.575858077931182,
            "count": 1
        },
        "DroneAgent.Losses.ValueLoss.sum": {
            "value": 172.36544540276128,
            "min": 172.36544540276128,
            "max": 172.36544540276128,
            "count": 1
        },
        "DroneAgent.Policy.LearningRate.mean": {
            "value": 0.00029937984020671996,
            "min": 0.00029937984020671996,
            "max": 0.00029937984020671996,
            "count": 1
        },
        "DroneAgent.Policy.LearningRate.sum": {
            "value": 0.005388837123720959,
            "min": 0.005388837123720959,
            "max": 0.005388837123720959,
            "count": 1
        },
        "DroneAgent.Policy.Epsilon.mean": {
            "value": 0.19979328,
            "min": 0.19979328,
            "max": 0.19979328,
            "count": 1
        },
        "DroneAgent.Policy.Epsilon.sum": {
            "value": 3.5962790399999998,
            "min": 3.5962790399999998,
            "max": 3.5962790399999998,
            "count": 1
        },
        "DroneAgent.Policy.Beta.mean": {
            "value": 0.0004989870720000001,
            "min": 0.0004989870720000001,
            "max": 0.0004989870720000001,
            "count": 1
        },
        "DroneAgent.Policy.Beta.sum": {
            "value": 0.008981767296000002,
            "min": 0.008981767296000002,
            "max": 0.008981767296000002,
            "count": 1
        },
        "DroneAgent.Policy.GAILPolicyEstimate.mean": {
            "value": 0.23498698640442284,
            "min": 0.23498698640442284,
            "max": 0.23498698640442284,
            "count": 1
        },
        "DroneAgent.Policy.GAILPolicyEstimate.sum": {
            "value": 4.229765755279611,
            "min": 4.229765755279611,
            "max": 4.229765755279611,
            "count": 1
        },
        "DroneAgent.Policy.GAILExpertEstimate.mean": {
            "value": 0.6855650995340611,
            "min": 0.6855650995340611,
            "max": 0.6855650995340611,
            "count": 1
        },
        "DroneAgent.Policy.GAILExpertEstimate.sum": {
            "value": 12.3401717916131,
            "min": 12.3401717916131,
            "max": 12.3401717916131,
            "count": 1
        },
        "DroneAgent.Losses.GAILLoss.mean": {
            "value": 0.7209026239536426,
            "min": 0.7209026239536426,
            "max": 0.7209026239536426,
            "count": 1
        },
        "DroneAgent.Losses.GAILLoss.sum": {
            "value": 12.976247231165566,
            "min": 12.976247231165566,
            "max": 12.976247231165566,
            "count": 1
        },
        "DroneAgent.Policy.GAILGradMagLoss.mean": {
            "value": 2.5430553147431327,
            "min": 2.5430553147431327,
            "max": 2.5430553147431327,
            "count": 1
        },
        "DroneAgent.Policy.GAILGradMagLoss.sum": {
            "value": 45.77499566537639,
            "min": 45.77499566537639,
            "max": 45.77499566537639,
            "count": 1
        },
        "DroneAgent.Losses.PretrainingLoss.mean": {
            "value": 2.837619852136682,
            "min": 2.837619852136682,
            "max": 2.837619852136682,
            "count": 1
        },
        "DroneAgent.Losses.PretrainingLoss.sum": {
            "value": 51.07715733846028,
            "min": 51.07715733846028,
            "max": 51.07715733846028,
            "count": 1
        },
        "DroneAgent.IsTraining.mean": {
            "value": 1.0,
            "min": 1.0,
            "max": 1.0,
            "count": 1
        },
        "DroneAgent.IsTraining.sum": {
            "value": 1.0,
            "min": 1.0,
            "max": 1.0,
            "count": 1
        }
    },
    "metadata": {
        "timer_format_version": "0.1.0",
        "start_time_seconds": "1696215516",
        "python_version": "3.9.13 (tags/v3.9.13:6de2ca5, May 17 2022, 16:36:42) [MSC v.1929 64 bit (AMD64)]",
        "command_line_arguments": "F:\\Unity projects\\Oblig2\\Drone_MLagents\\venv\\Scripts\\mlagents-learn config/DroneAgent.yaml --run-id=DroneAgentup8",
        "mlagents_version": "0.30.0",
        "mlagents_envs_version": "0.30.0",
        "communication_protocol_version": "1.5.0",
        "pytorch_version": "2.0.1+cu117",
        "numpy_version": "1.21.2",
        "end_time_seconds": "1696215763"
    },
    "total": 246.2455166,
    "count": 1,
    "self": 10.005421599999977,
    "children": {
        "run_training.setup": {
            "total": 0.07088689999999986,
            "count": 1,
            "self": 0.07088689999999986
        },
        "TrainerController.start_learning": {
            "total": 236.16920810000002,
            "count": 1,
            "self": 0.34997040000115476,
            "children": {
                "TrainerController._reset_env": {
                    "total": 10.9573889,
                    "count": 1,
                    "self": 10.151894899999999,
                    "children": {
                        "demo_to_buffer": {
                            "total": 0.8054940000000013,
                            "count": 2,
                            "self": 5.81999999997862e-05,
                            "children": {
                                "load_demonstration": {
                                    "total": 0.016298000000000812,
                                    "count": 2,
                                    "self": 0.01606240000000092,
                                    "children": {
                                        "read_file": {
                                            "total": 0.00023559999999989145,
                                            "count": 2,