{
    "name": "root",
    "gauges": {
        "DroneAgent.Policy.Entropy.mean": {
            "value": 1.0332424640655518,
            "min": 1.0332424640655518,
            "max": 1.3796031475067139,
            "count": 6
        },
        "DroneAgent.Policy.Entropy.sum": {
            "value": 20573.923828125,
            "min": 20573.923828125,
            "max": 27724.50390625,
            "count": 6
        },
        "DroneAgent.Step.mean": {
            "value": 119968.0,
            "min": 19968.0,
            "max": 119968.0,
            "count": 6
        },
        "DroneAgent.Step.sum": {
            "value": 119968.0,
            "min": 19968.0,
            "max": 119968.0,
            "count": 6
        },
        "DroneAgent.Policy.ExtrinsicValueEstimate.mean": {
            "value": 0.0005570752546191216,
            "min": -0.2413177192211151,
            "max": 0.025200823321938515,
            "count": 6
        },
        "DroneAgent.Policy.ExtrinsicValueEstimate.sum": {
            "value": 0.1788211613893509,
            "min": -76.7390365600586,
            "max": 8.0390625,
            "count": 6
        },
        "DroneAgent.Policy.GailValueEstimate.mean": {
            "value": 12.832340240478516,
            "min": 10.784956932067871,
            "max": 12.832340240478516,
            "count": 6
        },
        "DroneAgent.Policy.GailValueEstimate.sum": {
            "value": 4119.18115234375,
            "min": 3429.616455078125,
            "max": 4119.18115234375,
            "count": 6
        },
        "DroneAgent.Losses.PolicyLoss.mean": {
            "value": 0.04836714408662902,
            "min": 0.04368613537194,
            "max": 0.04836714408662902,
            "count": 6
        },
        "DroneAgent.Losses.PolicyLoss.sum": {
            "value": 0.6287728731261772,
            "min": 0.5769404080799885,
            "max": 0.6287728731261772,
            "count": 6
        },
        "DroneAgent.Losses.ValueLoss.mean": {
            "value": 0.004930689555204349,
            "min": 0.004347323001705277,
            "max": 8.15333772151389,
            "count": 6
        },
        "DroneAgent.Losses.ValueLoss.sum": {
            "value": 0.06409896421765654,
            "min": 0.06086252202387388,
            "max": 105.99339037968055,
            "count": 6
        },
        "DroneAgent.Policy.LearningRate.mean": {
            "value": 0.0002934234852690953,
            "min": 0.0002934234852690953,
            "max": 0.00029936462790409844,
            "count": 6
        },
        "DroneAgent.Policy.LearningRate.sum": {
            "value": 0.0038145053084982393,
            "min": 0.0038145053084982393,
            "max": 0.0041413286595571195,
            "count": 6
        },
        "DroneAgent.Policy.Epsilon.mean": {
            "value": 0.1978078276923077,
            "min": 0.1978078276923077,
            "max": 0.19978820923076926,
            "count": 6
        },
        "DroneAgent.Policy.Epsilon.sum": {
            "value": 2.5715017600000003,
            "min": 2.5715017600000003,
            "max": 2.7804428800000007,
            "count": 6
        },
        "DroneAgent.Policy.Beta.mean": {
            "value": 0.0004892583556923076,
            "min": 0.0004892583556923076,
            "max": 0.0004989622252307694,
            "count": 6
        },
        "DroneAgent.Policy.Beta.sum": {
            "value": 0.006360358623999999,
            "min": 0.006360358623999999,
            "max": 0.006904170112,
            "count": 6
        },
        "DroneAgent.Policy.GAILPolicyEstimate.mean": {
            "value": 0.11907084603977,
            "min": 0.11907084603977,
            "max": 0.19483869837390053,
            "count": 6
        },
        "DroneAgent.Policy.GAILPolicyEstimate.sum": {
            "value": 1.54792099851701,
            "min": 1.54792099851701,
            "max": 2.532903078860707,
            "count": 6
        },
        "DroneAgent.Policy.GAILExpertEstimate.mean": {
            "value": 0.8532381080154681,
            "min": 0.7414828650971763,
            "max": 0.8532381080154681,
            "count": 6
        },
        "DroneAgent.Policy.GAILExpertEstimate.sum": {
            "value": 11.092095404201086,
            "min": 9.639277246263292,
            "max": 11.557074348131815,
            "count": 6
        },
        "DroneAgent.Losses.GAILLoss.mean": {
            "value": 0.41644699586252887,
            "min": 0.41644699586252887,
            "max": 0.596667876916054,
            "count": 6
        },
        "DroneAgent.Losses.GAILLoss.sum": {
            "value": 5.413810946212875,
            "min": 5.413810946212875,
            "max": 7.756682399908702,
            "count": 6
        },
        "DroneAgent.Policy.GAILGradMagLoss.mean": {
            "value": 0.021950141686755114,
            "min": 0.021950141686755114,
            "max": 3.0140155355135594,
            "count": 6
        },
        "DroneAgent.Policy.GAILGradMagLoss.sum": {
            "value": 0.2853518419278165,
            "min": 0.2853518419278165,
            "max": 39.18220196167627,
            "count": 6
        },
        "DroneAgent.Losses.PretrainingLoss.mean": {
            "value": 0.5127288215376685,
            "min": 0.5127288215376685,
            "max": 0.9748988727610963,
            "count": 6
        },
        "DroneAgent.Losses.PretrainingLoss.sum": {
            "value": 6.665474679989691,
            "min": 6.665474679989691,
            "max": 12.673685345894253,
            "count": 6
        },
        "DroneAgent.Environment.EpisodeLength.mean": {
            "value": 999.3333333333334,
            "min": 999.0,
            "max": 999.3333333333334,
            "count": 6
        },
        "DroneAgent.Environment.EpisodeLength.sum": {
            "value": 23984.0,
            "min": 15984.0,
            "max": 23984.0,
            "count": 6
        },
        "DroneAgent.Environment.CumulativeReward.mean": {
            "value": 0.0,
            "min": 0.0,
            "max": 0.0,
            "count": 6
        },
        "DroneAgent.Environment.CumulativeReward.sum": {
            "value": 0.0,
            "min": 0.0,
            "max": 0.0,
            "count": 6
        },
        "DroneAgent.Policy.ExtrinsicReward.mean": {
            "value": 0.0,
            "min": 0.0,
            "max": 0.0,
            "count": 6
        },
        "DroneAgent.Policy.ExtrinsicReward.sum": {
            "value": 0.0,
            "min": 0.0,
            "max": 0.0,
            "count": 6
        },
        "DroneAgent.Policy.GailReward.mean": {
            "value": 91.66184532253638,
            "min": 87.9510759257752,
            "max": 176.78821112960577,
            "count": 6
        },
        "DroneAgent.Policy.GailReward.sum": {
            "value": 2108.222442418337,
            "min": 2022.8747462928295,
            "max": 2900.6757243573666,
            "count": 6
        },
        "DroneAgent.IsTraining.mean": {
            "value": 1.0,
            "min": 1.0,
            "max": 1.0,
            "count": 6
        },
        "DroneAgent.IsTraining.sum": {
            "value": 1.0,
            "min": 1.0,
            "max": 1.0,
            "count": 6
        }
    },
    "metadata": {
        "timer_format_version": "0.1.0",
        "start_time_seconds": "1696250609",
        "python_version": "3.9.13 (tags/v3.9.13:6de2ca5, May 17 2022, 16:36:42) [MSC v.1929 64 bit (AMD64)]",
        "command_line_arguments": "F:\\Unity projects\\Oblig2\\Drone_MLagents\\venv\\Scripts\\mlagents-learn config/DroneAgent.yaml --run-id=DroneAgentGoalCloneTrainingUp1",
        "mlagents_version": "0.30.0",
        "mlagents_envs_version": "0.30.0",
        "communication_protocol_version": "1.5.0",
        "pytorch_version": "2.0.1+cu117",
        "numpy_version": "1.21.2",
        "end_time_seconds": "1696250843"
    },
    "total": 234.08338170000002,