{
    "name": "root",
    "gauges": {
        "DroneAgent.Policy.Entropy.mean": {
            "value": -7.5590314865112305,
            "min": -7.5590314865112305,
            "max": 1.353366732597351,
            "count": 243
        },
        "DroneAgent.Policy.Entropy.sum": {
            "value": -151369.609375,
            "min": -152219.9375,
            "max": 27283.873046875,
            "count": 243
        },
        "DroneAgent.Step.mean": {
            "value": 4859947.0,
            "min": 19968.0,
            "max": 4859947.0,
            "count": 243
        },
        "DroneAgent.Step.sum": {
            "value": 4859947.0,
            "min": 19968.0,
            "max": 4859947.0,
            "count": 243
        },
        "DroneAgent.Policy.ExtrinsicValueEstimate.mean": {
            "value": -0.07422129809856415,
            "min": -0.1669636070728302,
            "max": 0.13367816805839539,
            "count": 243
        },
        "DroneAgent.Policy.ExtrinsicValueEstimate.sum": {
            "value": -24.12192153930664,
            "min": -53.76227951049805,
            "max": 43.71276092529297,
            "count": 243
        },
        "DroneAgent.Policy.GailValueEstimate.mean": {
            "value": 0.12305457144975662,
            "min": 0.03146441653370857,
            "max": 9.576092720031738,
            "count": 243
        },
        "DroneAgent.Policy.GailValueEstimate.sum": {
            "value": 39.99273681640625,
            "min": 10.225934982299805,
            "max": 3073.92578125,
            "count": 243
        },
        "DroneAgent.Losses.PolicyLoss.mean": {
            "value": 0.20304590842702933,
            "min": 0.039228121187382683,
            "max": 0.2757100600757878,
            "count": 243
        },
        "DroneAgent.Losses.PolicyLoss.sum": {
            "value": 3.8578722601135573,
            "min": 0.6971474488188202,
            "max": 4.96278108136418,
            "count": 243
        },
        "DroneAgent.Losses.ValueLoss.mean": {
            "value": 0.05501857845931163,
            "min": 0.00011875192368486812,
            "max": 5.6490451714023955,
            "count": 243
        },
        "DroneAgent.Losses.ValueLoss.sum": {
            "value": 1.045352990726921,
            "min": 0.0022562865500124945,
            "max": 90.38472274243833,
            "count": 243
        },
        "DroneAgent.Policy.LearningRate.mean": {
            "value": 9.213561816033082e-05,
            "min": 9.213561816033082e-05,
            "max": 0.0002995695430006286,
            "count": 243
        },
        "DroneAgent.Policy.LearningRate.sum": {
            "value": 0.0017505767450462857,
            "min": 0.001689508922545057,
            "max": 0.005382403391579856,
            "count": 243
        },
        "DroneAgent.Policy.Epsilon.mean": {
            "value": 0.13071184962406016,
            "min": 0.13071184962406016,
            "max": 0.19985651428571427,
            "count": 243
        },
        "DroneAgent.Policy.Epsilon.sum": {
            "value": 2.4835251428571428,
            "min": 2.3631692285714285,
            "max": 3.6941344285714286,
            "count": 243
        },
        "DroneAgent.Policy.Beta.mean": {
            "value": 0.00016048806315789474,
            "min": 0.00016048806315789474,
            "max": 0.00049929692,
            "count": 243
        },
        "DroneAgent.Policy.Beta.sum": {
            "value": 0.0030492732,
            "min": 0.0029395292199999997,
            "max": 0.0089812587,
            "count": 243
        },
        "DroneAgent.Policy.GAILPolicyEstimate.mean": {
            "value": 0.0013086542927786674,
            "min": 0.000817725090605058,
            "max": 0.19151690056702744,
            "count": 243
        },
        "DroneAgent.Policy.GAILPolicyEstimate.sum": {
            "value": 0.02486443156279468,
            "min": 0.014719051630891045,
            "max": 3.064270409072439,
            "count": 243
        },
        "DroneAgent.Policy.GAILExpertEstimate.mean": {
            "value": 0.9997511702148538,
            "min": 0.8033241491764784,
            "max": 0.9999072279846458,
            "count": 243
        },
        "DroneAgent.Policy.GAILExpertEstimate.sum": {
            "value": 18.995272234082222,
            "min": 12.853186386823655,
            "max": 18.99823733170827,
            "count": 243
        },
        "DroneAgent.Losses.GAILLoss.mean": {
            "value": 0.0016212450109857233,
            "min": 0.0010374299655316129,
            "max": 0.47385800986861193,
            "count": 243
        },
        "DroneAgent.Losses.GAILLoss.sum": {
            "value": 0.030803655208728742,
            "min": 0.019711169345100643,
            "max": 7.581728157897791,
            "count": 243
        },
        "DroneAgent.Policy.GAILGradMagLoss.mean": {
            "value": 0.0049521257128697215,
            "min": 0.001495696155567809,
            "max": 4.8751390316523615,
            "count": 243
        },
        "DroneAgent.Policy.GAILGradMagLoss.sum": {
            "value": 0.09409038854452471,
            "min": 0.02841822695578837,
            "max": 78.00222450643778,
            "count": 243
        },
        "DroneAgent.Losses.PretrainingLoss.mean": {
            "value": 0.004582139343256131,
            "min": 0.004559399032140183,
            "max": 0.9102199453239639,
            "count": 243
        },
        "DroneAgent.Losses.PretrainingLoss.sum": {
            "value": 0.08706064752186649,
            "min": 0.08229954355920199,
            "max": 14.563519125183422,
            "count": 243
        },
        "DroneAgent.Environment.EpisodeLength.mean": {
            "value": 772.1923076923077,
            "min": 413.9387755102041,
            "max": 799.0,
            "count": 243
        },
        "DroneAgent.Environment.EpisodeLength.sum": {
            "value": 20077.0,
            "min": 14382.0,
            "max": 22601.0,
            "count": 243
        },
        "DroneAgent.Environment.CumulativeReward.mean": {
            "value": -0.7316667404439714,
            "min": -1.127302176008622,
            "max": 0.17449994925029425,
            "count": 243
        },
        "DroneAgent.Environment.CumulativeReward.sum": {
            "value": -19.75500199198723,
            "min": -30.38825250789523,
            "max": 8.550497513264418,
            "count": 243
        },
        "DroneAgent.Policy.ExtrinsicReward.mean": {
            "value": -0.7316667404439714,
            "min": -1.127302176008622,
            "max": 0.17449994925029425,
            "count": 243
        },
        "DroneAgent.Policy.ExtrinsicReward.sum": {
            "value": -19.75500199198723,
            "min": -30.38825250789523,
            "max": 8.550497513264418,
            "count": 243
        },
        "DroneAgent.Policy.GailReward.mean": {
            "value": 1.5140668926617225,
            "min": 0.2982676731221652,
            "max": 119.49483954740896,
            "count": 243
        },
        "DroneAgent.Policy.GailReward.sum": {
            "value": 40.87980610186651,
            "min": 7.158424154931964,
            "max": 2150.907111853361,
            "count": 243
        },
        "DroneAgent.IsTraining.mean": {
            "value": 1.0,
            "min": 1.0,
            "max": 1.0,
            "count": 243
        },
        "DroneAgent.IsTraining.sum": {
            "value": 1.0,
            "min": 1.0,
            "max": 1.0,
            "count": 243
        }
    },
    "metadata": {
        "timer_format_version": "0.1.0",
        "start_time_seconds": "1696456938",
        "python_version": "3.9.13 (tags/v3.9.13:6de2ca5, May 17 2022, 16:36:42) [MSC v.1929 64 bit (AMD64)]",
        "command_line_arguments": "F:\\Unity projects\\Oblig2\\Drone_MLagents\\venv\\Scripts\\mlagents-learn config/DroneAgent.yaml --run-id=DroneAgentRework1",