{
    "name": "root",
    "metadata": {
        "timer_format_version": "0.1.0",
        "start_time_seconds": "1696210167",
        "python_version": "3.9.13 (tags/v3.9.13:6de2ca5, May 17 2022, 16:36:42) [MSC v.1929 64 bit (AMD64)]",
        "command_line_arguments": "F:\\Unity projects\\Oblig2\\Drone_MLagents\\venv\\Scripts\\mlagents-learn --run-id=DroneAgentTest",
        "mlagents_version": "0.30.0",
        "mlagents_envs_version": "0.30.0",
        "communication_protocol_version": "1.5.0",
        "pytorch_version": "2.0.1+cu117",
        "numpy_version": "1.21.2",
        "end_time_seconds": "1696210357"
    },
    "total": 189.3051022,
    "count": 1,
    "self": 0.0046652999999707845,
    "children": {
        "run_training.setup": {
            "total": 0.02134489999999989,
            "count": 1,
            "self": 0.02134489999999989
        },
        "TrainerController.start_learning": {
            "total": 189.27909200000002,
            "count": 1,
            "self": 0.4034975000007819,
            "children": {
                "TrainerController._reset_env": {
                    "total": 8.532505899999999,
                    "count": 1,
                    "self": 8.532505899999999
                },
                "TrainerController.advance": {
                    "total": 180.22927309999926,
                    "count": 32717,
                    "self": 0.3644517000004157,
                    "children": {
                        "env_step": {
                            "total": 172.33565109999796,
                            "count": 32717,
                            "self": 112.93848619999812,
                            "children": {
                                "SubprocessEnvManager._take_step": {
                                    "total": 59.12878349999943,
                                    "count": 32717,
                                    "self": 1.3795116000006757,
                                    "children": {
                                        "TorchPolicy.evaluate": {
                                            "total": 57.74927189999875,
                                            "count": 32717,
                                            "self": 57.74927189999875
                                        }
                                    }
                                },
                                "workers": {
                                    "total": 0.26838140000040056,
                                    "count": 32716,
                                    "self": 0.0,
                                    "children": {
                                        "worker_root": {
                                            "total": 181.2909864999989,
                                            "count": 32716,
                                            "is_parallel": true,
                                            "self": 85.66165400000024,
                                            "children": {
                                                "steps_from_proto": {
                                                    "total": 0.00022239999999928983,
                                                    "count": 1,
                                                    "is_parallel": true,
                                                    "self": 8.149999999851332e-05,
                                                    "children": {
                                                        "_process_rank_one_or_two_observation": {
                                                            "total": 0.00014090000000077652,
                                                            "count": 2,
                                                            "is_parallel": true,
                                                            "self": 0.00014090000000077652
                                                        }
                                                    }
                                                },
                                                "UnityEnvironment.step": {
                                                    "total": 95.62911009999866,
                                                    "count": 32716,
                                                    "is_parallel": true,
                                                    "self": 1.4565669999971078,
                                                    "children": {
                                                        "UnityEnvironment._generate_step_input": {
                                                            "total": 1.293024000000738,
                                                            "count": 32716,
                                                            "is_parallel": true,
                                                            "self": 1.293024000000738
                                                        },
                                                        "communicator.exchange": {
                                                            "total": 89.3739694999995,
                                                            "count": 32716,
                                                            "is_parallel": true,
                                                            "self": 89.3739694999995
                                                        },
                                                        "steps_from_proto": {
                                                            "total": 3.5055496000013093,
                                                            "count": 32716,
                                                            "is_parallel": true,
                                                            "self": 1.7855120000004074,
                                                            "children": {
                                                                "_process_rank_one_or_two_observation": {
                                                                    "total": 1.720037600000902,
                                                                    "count": 65432,
                                                                    "is_parallel": true,
                                                                    "self": 1.720037600000902
                                                                }
                                                            }
                                                        }
                                                    }
                                                }
                                            }
                                        }
                                    }
                                }
                            }
                        },
                        "trainer_advance": {
                            "total": 7.529170300000898,
                            "count": 32716,
                            "self": 0.4468862000025329,
                            "children": {
                                "process_trajectory": {
                                    "total": 2.257758699998366,
                                    "count": 32716,
                                    "self": 2.257758699998366
                                },
                                "_update_policy": {
                                    "total": 4.824525399999999,
                                    "count": 3,
                                    "self": 3.4909604999999573,
                                    "children": {
                                        "TorchPPOOptimizer.update": {
                                            "total": 1.3335649000000416,
                                            "count": 90,