{
    "name": "root",
    "gauges": {
        "DroneAgent.Policy.Entropy.mean": {
            "value": 1.117737889289856,
            "min": 0.9916040897369385,
            "max": 1.2465546131134033,
            "count": 500
        },
        "DroneAgent.Policy.Entropy.sum": {
            "value": 11087.9599609375,
            "min": 9667.80859375,
            "max": 12764.71875,
            "count": 500
        },
        "DroneAgent.Step.mean": {
            "value": 4999986.0,
            "min": 9949.0,
            "max": 4999986.0,
            "count": 500
        },
        "DroneAgent.Step.sum": {
            "value": 4999986.0,
            "min": 9949.0,
            "max": 4999986.0,
            "count": 500
        },
        "DroneAgent.Policy.ExtrinsicValueEstimate.mean": {
            "value": 0.5696320533752441,
            "min": -0.08911766856908798,
            "max": 1.0949989557266235,
            "count": 500
        },
        "DroneAgent.Policy.ExtrinsicValueEstimate.sum": {
            "value": 91.14112854003906,
            "min": -13.991474151611328,
            "max": 171.9148406982422,
            "count": 500
        },
        "DroneAgent.Policy.GailValueEstimate.mean": {
            "value": 0.15386685729026794,
            "min": 0.11942841857671738,
            "max": 8.142557144165039,
            "count": 500
        },
        "DroneAgent.Policy.GailValueEstimate.sum": {
            "value": 24.618698120117188,
            "min": 19.227975845336914,
            "max": 1302.80908203125,
            "count": 500
        },
        "DroneAgent.Environment.EpisodeLength.mean": {
            "value": 1724.0,
            "min": 454.25,
            "max": 1799.0,
            "count": 500
        },
        "DroneAgent.Environment.EpisodeLength.sum": {
            "value": 6896.0,
            "min": 1799.0,
            "max": 21588.0,
            "count": 500
        },
        "DroneAgent.Environment.CumulativeReward.mean": {
            "value": 10.386509750504047,
            "min": -3.4754645824432373,
            "max": 11.49477410853918,
            "count": 500
        },
        "DroneAgent.Environment.CumulativeReward.sum": {
            "value": 41.54603900201619,
            "min": -15.734214015770704,
            "max": 106.82624402351212,
            "count": 500
        },
        "DroneAgent.Policy.ExtrinsicReward.mean": {
            "value": 10.386509750504047,
            "min": -3.4754645824432373,
            "max": 11.49477410853918,
            "count": 500
        },
        "DroneAgent.Policy.ExtrinsicReward.sum": {
            "value": 41.54603900201619,
            "min": -15.734214015770704,
            "max": 106.82624402351212,
            "count": 500
        },
        "DroneAgent.Policy.GailReward.mean": {
            "value": 2.2829011462039563,
            "min": 1.462402666569767,
            "max": 213.75301469506562,
            "count": 500
        },
        "DroneAgent.Policy.GailReward.sum": {
            "value": 9.131604584815825,
            "min": 4.477538852503727,
            "max": 2361.787416124277,
            "count": 500
        },
        "DroneAgent.IsTraining.mean": {
            "value": 1.0,
            "min": 1.0,
            "max": 1.0,
            "count": 500
        },
        "DroneAgent.IsTraining.sum": {
            "value": 1.0,
            "min": 1.0,
            "max": 1.0,
            "count": 500
        },
        "DroneAgent.Losses.PolicyLoss.mean": {
            "value": 0.09050413380027748,
            "min": 0.04821365730604157,
            "max": 0.14289086554199457,
            "count": 250
        },
        "DroneAgent.Losses.PolicyLoss.sum": {
            "value": 0.09050413380027748,
            "min": 0.04821365730604157,
            "max": 0.14289086554199457,
            "count": 250
        },
        "DroneAgent.Losses.ValueLoss.mean": {
            "value": 0.006066830438794568,
            "min": 0.0055155546346213665,
            "max": 8.002536797523499,
            "count": 250
        },
        "DroneAgent.Losses.ValueLoss.sum": {
            "value": 0.006066830438794568,
            "min": 0.0055155546346213665,
            "max": 8.002536797523499,
            "count": 250
        },
        "DroneAgent.Policy.LearningRate.mean": {
            "value": 2.445299755480036e-06,
            "min": 2.445299755480036e-06,
            "max": 0.00099594140040586,
            "count": 250
        },
        "DroneAgent.Policy.LearningRate.sum": {
            "value": 2.445299755480036e-06,
            "min": 2.445299755480036e-06,
            "max": 0.00099594140040586,
            "count": 250
        },
        "DroneAgent.Policy.Epsilon.mean": {
            "value": 0.10024451999999999,
            "min": 0.10024451999999999,
            "max": 0.19959414,
            "count": 250
        },
        "DroneAgent.Policy.Epsilon.sum": {
            "value": 0.10024451999999999,
            "min": 0.10024451999999999,
            "max": 0.19959414,
            "count": 250
        },
        "DroneAgent.Policy.Beta.mean": {
            "value": 0.01,
            "min": 0.01,
            "max": 0.01,
            "count": 250
        },
        "DroneAgent.Policy.Beta.sum": {
            "value": 0.01,
            "min": 0.01,
            "max": 0.01,
            "count": 250
        },
        "DroneAgent.Policy.GAILPolicyEstimate.mean": {
            "value": 0.0033094810671173034,
            "min": 0.0026805346147739328,
            "max": 0.07368506598286331,
            "count": 250
        },
        "DroneAgent.Policy.GAILPolicyEstimate.sum": {
            "value": 0.0033094810671173034,
            "min": 0.0026805346147739328,
            "max": 0.07368506598286331,
            "count": 250
        },
        "DroneAgent.Policy.GAILExpertEstimate.mean": {
            "value": 0.9977662548422813,
            "min": 0.9636974439024926,
            "max": 0.9983395934104919,
            "count": 250
        },
        "DroneAgent.Policy.GAILExpertEstimate.sum": {
            "value": 0.9977662548422813,
            "min": 0.9636974439024926,
            "max": 0.9983395934104919,
            "count": 250
        },
        "DroneAgent.Losses.GAILLoss.mean": {
            "value": 0.0056591393542476,
            "min": 0.00461104050045833,
            "max": 0.151243700645864,
            "count": 250
        },
        "DroneAgent.Losses.GAILLoss.sum": {
            "value": 0.0056591393542476,
            "min": 0.00461104050045833,
            "max": 0.151243700645864,
            "count": 250
        },
        "DroneAgent.Policy.GAILGradMagLoss.mean": {
            "value": 0.013001644413452595,
            "min": 0.010190334438811987,
            "max": 0.2993833465967327,
            "count": 250
        },
        "DroneAgent.Policy.GAILGradMagLoss.sum": {
            "value": 0.013001644413452595,
            "min": 0.010190334438811987,
            "max": 0.2993833465967327,
            "count": 250
        },
        "DroneAgent.Losses.PretrainingLoss.mean": {
            "value": 0.0,
            "min": 0.0,
            "max": 1.5089115915876445,
            "count": 250
        },
        "DroneAgent.Losses.PretrainingLoss.sum": {
            "value": 0.0,
            "min": 0.0,
            "max": 1.5089115915876445,
            "count": 250
        }
    },
    "metadata": {
        "timer_format_version": "0.1.0",
        "start_time_seconds": "1699600357",
        "python_version": "3.9.13 (tags/v3.9.13:6de2ca5, May 17 2022, 16:36:42) [MSC v.1929 64 bit (AMD64)]",
        "command_line_arguments": "C:\\Users\\thoma\\AppData\\Local\\Programs\\Python\\Python39\\Scripts\\mlagents-learn config\\DroneAgent.yaml --initialize-from=DroneAgentNew2 --run-id=DroneAgentNew3",
        "mlagents_version": "0.30.0",
        "mlagents_envs_version": "0.30.0",
        "communication_protocol_version": "1.5.0",