{
    "name": "root",
    "gauges": {
        "DroneAgent.Policy.Entropy.mean": {
            "value": 6.668086528778076,
            "min": 5.863770008087158,
            "max": 6.668086528778076,
            "count": 500
        },
        "DroneAgent.Policy.Entropy.sum": {
            "value": 65533.953125,
            "min": 56908.66796875,
            "max": 68667.3671875,
            "count": 500
        },
        "DroneAgent.Step.mean": {
            "value": 4999956.0,
            "min": 9988.0,
            "max": 4999956.0,
            "count": 500
        },
        "DroneAgent.Step.sum": {
            "value": 4999956.0,
            "min": 9988.0,
            "max": 4999956.0,
            "count": 500
        },
        "DroneAgent.Policy.ExtrinsicValueEstimate.mean": {
            "value": 0.01889287494122982,
            "min": -0.07606355845928192,
            "max": 0.23149843513965607,
            "count": 500
        },
        "DroneAgent.Policy.ExtrinsicValueEstimate.sum": {
            "value": 3.022860050201416,
            "min": -12.170169830322266,
            "max": 37.03974914550781,
            "count": 500
        },
        "DroneAgent.Policy.GailValueEstimate.mean": {
            "value": 0.005003884434700012,
            "min": -0.00469222292304039,
            "max": 0.02514084242284298,
            "count": 500
        },
        "DroneAgent.Policy.GailValueEstimate.sum": {
            "value": 0.800621509552002,
            "min": -0.7507556676864624,
            "max": 4.072816371917725,
            "count": 500
        },
        "DroneAgent.Environment.EpisodeLength.mean": {
            "value": 1319.5,
            "min": 298.3333333333333,
            "max": 2999.0,
            "count": 500
        },
        "DroneAgent.Environment.EpisodeLength.sum": {
            "value": 10556.0,
            "min": 487.0,
            "max": 21521.0,
            "count": 500
        },
        "DroneAgent.Environment.CumulativeReward.mean": {
            "value": 0.9234195575845661,
            "min": -1.120816787871133,
            "max": 3.3049635540694,
            "count": 500
        },
        "DroneAgent.Environment.CumulativeReward.sum": {
            "value": 7.3873564606765285,
            "min": -7.873408951680176,
            "max": 28.21870583819691,
            "count": 500
        },
        "DroneAgent.Policy.ExtrinsicReward.mean": {
            "value": 0.9234195575845661,
            "min": -1.120816787871133,
            "max": 3.3049635540694,
            "count": 500
        },
        "DroneAgent.Policy.ExtrinsicReward.sum": {
            "value": 7.3873564606765285,
            "min": -7.873408951680176,
            "max": 28.21870583819691,
            "count": 500
        },
        "DroneAgent.Policy.GailReward.mean": {
            "value": 0.0195993145656414,
            "min": 0.0014883552810962541,
            "max": 1.2248333944344534,
            "count": 500
        },
        "DroneAgent.Policy.GailReward.sum": {
            "value": 0.1567945165251312,
            "min": 0.0014883552810962541,
            "max": 12.148903918678995,
            "count": 500
        },
        "DroneAgent.IsTraining.mean": {
            "value": 1.0,
            "min": 1.0,
            "max": 1.0,
            "count": 500
        },
        "DroneAgent.IsTraining.sum": {
            "value": 1.0,
            "min": 1.0,
            "max": 1.0,
            "count": 500
        },
        "DroneAgent.Losses.PolicyLoss.mean": {
            "value": 0.06248282266315073,
            "min": 0.05695264902606141,
            "max": 0.10869965588208289,
            "count": 248
        },
        "DroneAgent.Losses.PolicyLoss.sum": {
            "value": 0.06248282266315073,
            "min": 0.05695264902606141,
            "max": 0.10869965588208289,
            "count": 248
        },
        "DroneAgent.Losses.ValueLoss.mean": {
            "value": 0.0037259164033457636,
            "min": 0.002373158119735308,
            "max": 0.0065830170409753915,
            "count": 248
        },
        "DroneAgent.Losses.ValueLoss.sum": {
            "value": 0.0037259164033457636,
            "min": 0.002373158119735308,
            "max": 0.0065830170409753915,
            "count": 248
        },
        "DroneAgent.Policy.LearningRate.mean": {
            "value": 1.7248998275199708e-06,
            "min": 1.7248998275199708e-06,
            "max": 0.0009959976004002401,
            "count": 248
        },
        "DroneAgent.Policy.LearningRate.sum": {
            "value": 1.7248998275199708e-06,
            "min": 1.7248998275199708e-06,
            "max": 0.0009959976004002401,
            "count": 248
        },
        "DroneAgent.Policy.Epsilon.mean": {
            "value": 0.10017248000000001,
            "min": 0.10017248000000001,
            "max": 0.19959976000000001,
            "count": 248
        },
        "DroneAgent.Policy.Epsilon.sum": {
            "value": 0.10017248000000001,
            "min": 0.10017248000000001,
            "max": 0.19959976000000001,
            "count": 248
        },
        "DroneAgent.Policy.Beta.mean": {
            "value": 0.01,
            "min": 0.01,
            "max": 0.01,
            "count": 248
        },
        "DroneAgent.Policy.Beta.sum": {
            "value": 0.01,
            "min": 0.01,
            "max": 0.01,
            "count": 248
        },
        "DroneAgent.Policy.GAILPolicyEstimate.mean": {
            "value": 0.00040161050146707565,
            "min": 0.00010727682104061387,
            "max": 0.0014841062132290971,
            "count": 248
        },
        "DroneAgent.Policy.GAILPolicyEstimate.sum": {
            "value": 0.00040161050146707565,
            "min": 0.00010727682104061387,
            "max": 0.0014841062132290971,
            "count": 248
        },
        "DroneAgent.Policy.GAILExpertEstimate.mean": {
            "value": 0.9999700620770454,
            "min": 0.9997169882059097,
            "max": 0.9999995946884155,
            "count": 248
        },
        "DroneAgent.Policy.GAILExpertEstimate.sum": {
            "value": 0.9999700620770454,
            "min": 0.9997169882059097,
            "max": 0.9999995946884155,
            "count": 248
        },
        "DroneAgent.Losses.GAILLoss.mean": {
            "value": 0.00044660310095423483,
            "min": 0.00011107052914667292,
            "max": 0.0016007145602998207,
            "count": 248
        },
        "DroneAgent.Losses.GAILLoss.sum": {
            "value": 0.00044660310095423483,
            "min": 0.00011107052914667292,
            "max": 0.0016007145602998207,
            "count": 248
        },
        "DroneAgent.Policy.GAILGradMagLoss.mean": {
            "value": 0.0005470023734233109,
            "min": 0.00042260899954271736,
            "max": 0.031045925163198262,
            "count": 248
        },
        "DroneAgent.Policy.GAILGradMagLoss.sum": {
            "value": 0.0005470023734233109,
            "min": 0.00042260899954271736,
            "max": 0.031045925163198262,
            "count": 248
        },
        "DroneAgent.Losses.PretrainingLoss.mean": {
            "value": 0.0,
            "min": 0.0,
            "max": 41716.824479166666,
            "count": 248
        },
        "DroneAgent.Losses.PretrainingLoss.sum": {
            "value": 0.0,
            "min": 0.0,
            "max": 41716.824479166666,
            "count": 248
        }
    },
    "metadata": {
        "timer_format_version": "0.1.0",
        "start_time_seconds": "1699822797",
        "python_version": "3.9.13 (tags/v3.9.13:6de2ca5, May 17 2022, 16:36:42) [MSC v.1929 64 bit (AMD64)]",
        "command_line_arguments": "C:\\Users\\thoma\\AppData\\Local\\Programs\\Python\\Python39\\Scripts\\mlagents-learn config\\DroneAgent.yaml --initialize-from=DroneAgentMGO3 --run-id=DroneAgentMGO4",
        "mlagents_version": "0.30.0",