{
    "name": "root",
    "gauges": {
        "DroneAgent.Policy.Entropy.mean": {
            "value": 1.3403513431549072,
            "min": 1.3403513431549072,
            "max": 1.418938398361206,
            "count": 17
        },
        "DroneAgent.Policy.Entropy.sum": {
            "value": 13522.8046875,
            "min": 13250.65625,
            "max": 15337.3046875,
            "count": 17
        },
        "DroneAgent.Step.mean": {
            "value": 169997.0,
            "min": 9948.0,
            "max": 169997.0,
            "count": 17
        },
        "DroneAgent.Step.sum": {
            "value": 169997.0,
            "min": 9948.0,
            "max": 169997.0,
            "count": 17
        },
        "DroneAgent.Policy.ExtrinsicValueEstimate.mean": {
            "value": -0.10379262268543243,
            "min": -0.3546975255012512,
            "max": -0.09659912437200546,
            "count": 17
        },
        "DroneAgent.Policy.ExtrinsicValueEstimate.sum": {
            "value": -17.3333683013916,
            "min": -55.33281326293945,
            "max": -15.359260559082031,
            "count": 17
        },
        "DroneAgent.Policy.GailValueEstimate.mean": {
            "value": 0.40876469016075134,
            "min": -0.6297990083694458,
            "max": 0.7792664170265198,
            "count": 17
        },
        "DroneAgent.Policy.GailValueEstimate.sum": {
            "value": 68.26370239257812,
            "min": -98.24864959716797,
            "max": 123.12409210205078,
            "count": 17
        },
        "DroneAgent.Environment.EpisodeLength.mean": {
            "value": 412.92,
            "min": 412.92,
            "max": 699.0,
            "count": 17
        },
        "DroneAgent.Environment.EpisodeLength.sum": {
            "value": 10323.0,
            "min": 6291.0,
            "max": 12155.0,
            "count": 17
        },
        "DroneAgent.Environment.CumulativeReward.mean": {
            "value": -0.7362263481817746,
            "min": -0.7462846202033688,
            "max": -0.055416907744736156,
            "count": 17
        },
        "DroneAgent.Environment.CumulativeReward.sum": {
            "value": -19.14188505272614,
            "min": -19.14188505272614,
            "max": -0.6095859851920977,
            "count": 17
        },
        "DroneAgent.Policy.ExtrinsicReward.mean": {
            "value": -0.7362263481817746,
            "min": -0.7462846202033688,
            "max": -0.055416907744736156,
            "count": 17
        },
        "DroneAgent.Policy.ExtrinsicReward.sum": {
            "value": -19.14188505272614,
            "min": -19.14188505272614,
            "max": -0.6095859851920977,
            "count": 17
        },
        "DroneAgent.Policy.GailReward.mean": {
            "value": 0.7525975588939148,
            "min": 0.6983241505877231,
            "max": 42.74500448173947,
            "count": 17
        },
        "DroneAgent.Policy.GailReward.sum": {
            "value": 19.567536531241785,
            "min": 15.302493799012154,
            "max": 447.3600485138595,
            "count": 17
        },
        "DroneAgent.IsTraining.mean": {
            "value": 1.0,
            "min": 1.0,
            "max": 1.0,
            "count": 17
        },
        "DroneAgent.IsTraining.sum": {
            "value": 1.0,
            "min": 1.0,
            "max": 1.0,
            "count": 17
        },
        "DroneAgent.Losses.PolicyLoss.mean": {
            "value": 0.13411536443357666,
            "min": 0.07821756593572597,
            "max": 0.14657604950674188,
            "count": 16
        },
        "DroneAgent.Losses.PolicyLoss.sum": {
            "value": 0.13411536443357666,
            "min": 0.07821756593572597,
            "max": 0.14657604950674188,
            "count": 16
        },
        "DroneAgent.Losses.ValueLoss.mean": {
            "value": 0.00647930169167618,
            "min": 0.005115776866053541,
            "max": 0.13241963038841884,
            "count": 16
        },
        "DroneAgent.Losses.ValueLoss.sum": {
            "value": 0.00647930169167618,
            "min": 0.005115776866053541,
            "max": 0.13241963038841884,
            "count": 16
        },
        "DroneAgent.Policy.LearningRate.mean": {
            "value": 0.00029021862326046,
            "min": 0.00029021862326046,
            "max": 0.00029938008020663996,
            "count": 16
        },
        "DroneAgent.Policy.LearningRate.sum": {
            "value": 0.00029021862326046,
            "min": 0.00029021862326046,
            "max": 0.00029938008020663996,
            "count": 16
        },
        "DroneAgent.Policy.Epsilon.mean": {
            "value": 0.19673954000000007,
            "min": 0.19673954000000007,
            "max": 0.19979336000000003,
            "count": 16
        },
        "DroneAgent.Policy.Epsilon.sum": {
            "value": 0.19673954000000007,
            "min": 0.19673954000000007,
            "max": 0.19979336000000003,
            "count": 16
        },
        "DroneAgent.Policy.Beta.mean": {
            "value": 0.005000000000000001,
            "min": 0.005000000000000001,
            "max": 0.005000000000000001,
            "count": 16
        },
        "DroneAgent.Policy.Beta.sum": {
            "value": 0.005000000000000001,
            "min": 0.005000000000000001,
            "max": 0.005000000000000001,
            "count": 16
        },
        "DroneAgent.Policy.GAILPolicyEstimate.mean": {
            "value": 0.03086974366257588,
            "min": 0.03086974366257588,
            "max": 0.371909873187542,
            "count": 16
        },
        "DroneAgent.Policy.GAILPolicyEstimate.sum": {
            "value": 0.03086974366257588,
            "min": 0.03086974366257588,
            "max": 0.371909873187542,
            "count": 16
        },
        "DroneAgent.Policy.GAILExpertEstimate.mean": {
            "value": 0.9318436821301778,
            "min": 0.6932703013221423,
            "max": 0.9376426537831625,
            "count": 16
        },
        "DroneAgent.Policy.GAILExpertEstimate.sum": {
            "value": 0.9318436821301778,
            "min": 0.6932703013221423,
            "max": 0.9376426537831625,
            "count": 16
        },
        "DroneAgent.Losses.GAILLoss.mean": {
            "value": 0.10817650333046913,
            "min": 0.10817650333046913,
            "max": 0.948635745048523,
            "count": 16
        },
        "DroneAgent.Losses.GAILLoss.sum": {
            "value": 0.10817650333046913,
            "min": 0.10817650333046913,
            "max": 0.948635745048523,
            "count": 16
        },
        "DroneAgent.Policy.GAILGradMagLoss.mean": {
            "value": 0.2555365224679311,
            "min": 0.2555365224679311,
            "max": 9.76840877532959,
            "count": 16
        },
        "DroneAgent.Policy.GAILGradMagLoss.sum": {
            "value": 0.2555365224679311,
            "min": 0.2555365224679311,
            "max": 9.76840877532959,
            "count": 16
        },
        "DroneAgent.Losses.PretrainingLoss.mean": {
            "value": 0.0,
            "min": 0.0,
            "max": 1.1441656602056403,
            "count": 16
        },
        "DroneAgent.Losses.PretrainingLoss.sum": {
            "value": 0.0,
            "min": 0.0,
            "max": 1.1441656602056403,
            "count": 16
        }
    },
    "metadata": {
        "timer_format_version": "0.1.0",
        "start_time_seconds": "1696585867",
        "python_version": "3.9.13 (tags/v3.9.13:6de2ca5, May 17 2022, 16:36:42) [MSC v.1929 64 bit (AMD64)]",
        "command_line_arguments": "F:\\Unity projects\\Oblig2\\Drone_MLagents\\venv\\Scripts\\mlagents-learn config/DroneAgentNew.yaml --run-id=DroneAgent_Local",
        "mlagents_version": "0.30.0",
        "mlagents_envs_version": "0.30.0",
        "communication_protocol_version": "1.5.0",