{
    "name": "root",
    "metadata": {
        "timer_format_version": "0.1.0",
        "start_time_seconds": "1696211930",
        "python_version": "3.9.13 (tags/v3.9.13:6de2ca5, May 17 2022, 16:36:42) [MSC v.1929 64 bit (AMD64)]",
        "command_line_arguments": "F:\\Unity projects\\Oblig2\\Drone_MLagents\\venv\\Scripts\\mlagents-learn config/DroneAgent.yaml --run-id=DroneAgentTest7",
        "mlagents_version": "0.30.0",
        "mlagents_envs_version": "0.30.0",
        "communication_protocol_version": "1.5.0",
        "pytorch_version": "2.0.1+cu117",
        "numpy_version": "1.21.2",
        "end_time_seconds": "1696211937"
    },
    "total": 7.054778499999999,
    "count": 1,
    "self": 0.006838300000000075,
    "children": {
        "run_training.setup": {
            "total": 0.06996550000000012,
            "count": 1,
            "self": 0.06996550000000012
        },
        "TrainerController.start_learning": {
            "total": 6.977974699999999,
            "count": 1,
            "self": 7.699999999921658e-05,
            "children": {
                "TrainerController._reset_env": {
                    "total": 6.9769103999999995,
                    "count": 1,
                    "self": 6.588713499999999,
                    "children": {
                        "demo_to_buffer": {
                            "total": 0.3881969000000005,
                            "count": 1,
                            "self": 3.570000000152618e-05,
                            "children": {
                                "load_demonstration": {
                                    "total": 0.00800629999999991,
                                    "count": 1,
                                    "self": 0.007914399999998878,
                                    "children": {
                                        "read_file": {
                                            "total": 9.190000000103282e-05,
                                            "count": 1,
                                            "self": 9.190000000103282e-05
                                        }
                                    }
                                },
                                "make_demo_buffer": {
                                    "total": 0.3801548999999991,
                                    "count": 1,
                                    "self": 0.08368110000003348,
                                    "children": {
                                        "steps_from_proto": {
                                            "total": 0.2964737999999656,
                                            "count": 4440,
                                            "self": 0.18258639999992,
                                            "children": {
                                                "_process_rank_one_or_two_observation": {
                                                    "total": 0.1138874000000456,
                                                    "count": 8880,
                                                    "self": 0.1138874000000456
                                                }
                                            }
                                        }
                                    }
                                }
                            }
                        }
                    }
                },
                "TrainerController._save_models": {
                    "total": 0.0009873000000002463,
                    "count": 1,
                    "self": 0.0001380999999991417,
                    "children": {
                        "RLTrainer._checkpoint": {
                            "total": 0.0008492000000011046,
                            "count": 1,
                            "self": 0.0008492000000011046
                        }
                    }
                }
            }
        }
    }
}