{
    "name": "root",
    "gauges": {
        "DroneAgent.Policy.Entropy.mean": {
            "value": 1.8541266918182373,
            "min": 1.6594047546386719,
            "max": 1.8541266918182373,
            "count": 500
        },
        "DroneAgent.Policy.Entropy.sum": {
            "value": 18572.787109375,
            "min": 15557.634765625,
            "max": 19111.9375,
            "count": 500
        },
        "DroneAgent.Step.mean": {
            "value": 4999990.0,
            "min": 9980.0,
            "max": 4999990.0,
            "count": 500
        },
        "DroneAgent.Step.sum": {
            "value": 4999990.0,
            "min": 9980.0,
            "max": 4999990.0,
            "count": 500
        },
        "DroneAgent.Policy.ExtrinsicValueEstimate.mean": {
            "value": 0.1497175544500351,
            "min": -0.32274171710014343,
            "max": 0.882879912853241,
            "count": 500
        },
        "DroneAgent.Policy.ExtrinsicValueEstimate.sum": {
            "value": 24.10452651977539,
            "min": -51.638675689697266,
            "max": 139.49502563476562,
            "count": 500
        },
        "DroneAgent.Policy.GailValueEstimate.mean": {
            "value": 4.570119380950928,
            "min": 0.06307289004325867,
            "max": 19.42447280883789,
            "count": 500
        },
        "DroneAgent.Policy.GailValueEstimate.sum": {
            "value": 735.7891845703125,
            "min": 9.965517044067383,
            "max": 3107.915771484375,
            "count": 500
        },
        "DroneAgent.Environment.EpisodeLength.mean": {
            "value": 499.0,
            "min": 455.7142857142857,
            "max": 499.0,
            "count": 499
        },
        "DroneAgent.Environment.EpisodeLength.sum": {
            "value": 10479.0,
            "min": 4788.0,
            "max": 11207.0,
            "count": 499
        },
        "DroneAgent.Environment.CumulativeReward.mean": {
            "value": 1.0057305104010517,
            "min": -2.3499757844954727,
            "max": 1.7947344945045187,
            "count": 500
        },
        "DroneAgent.Environment.CumulativeReward.sum": {
            "value": 21.120340718422085,
            "min": -46.99951568990946,
            "max": 35.894689890090376,
            "count": 500
        },
        "DroneAgent.Policy.ExtrinsicReward.mean": {
            "value": 1.0057305104010517,
            "min": -2.3499757844954727,
            "max": 1.7947344945045187,
            "count": 500
        },
        "DroneAgent.Policy.ExtrinsicReward.sum": {
            "value": 21.120340718422085,
            "min": -46.99951568990946,
            "max": 35.894689890090376,
            "count": 500
        },
        "DroneAgent.Policy.GailReward.mean": {
            "value": 11.220318985127268,
            "min": 2.210059127015525,
            "max": 117.52891563233875,
            "count": 500
        },
        "DroneAgent.Policy.GailReward.sum": {
            "value": 235.62669868767262,
            "min": 24.310650397170775,
            "max": 2468.1072282791138,
            "count": 500
        },
        "DroneAgent.IsTraining.mean": {
            "value": 1.0,
            "min": 1.0,
            "max": 1.0,
            "count": 500
        },
        "DroneAgent.IsTraining.sum": {
            "value": 1.0,
            "min": 1.0,
            "max": 1.0,
            "count": 500
        },
        "DroneAgent.Losses.PolicyLoss.mean": {
            "value": 0.07703850351681467,
            "min": 0.056366392731433734,
            "max": 0.13578477174742148,
            "count": 249
        },
        "DroneAgent.Losses.PolicyLoss.sum": {
            "value": 0.07703850351681467,
            "min": 0.056366392731433734,
            "max": 0.13578477174742148,
            "count": 249
        },
        "DroneAgent.Losses.ValueLoss.mean": {
            "value": 0.11402249922975898,
            "min": 0.022922786185517907,
            "max": 4.549142806231975,
            "count": 249
        },
        "DroneAgent.Losses.ValueLoss.sum": {
            "value": 0.11402249922975898,
            "min": 0.022922786185517907,
            "max": 4.549142806231975,
            "count": 249
        },
        "DroneAgent.Policy.LearningRate.mean": {
            "value": 2.1489997851995948e-07,
            "min": 2.1489997851995948e-07,
            "max": 0.00099580000042,
            "count": 249
        },
        "DroneAgent.Policy.LearningRate.sum": {
            "value": 2.1489997851995948e-07,
            "min": 2.1489997851995948e-07,
            "max": 0.00099580000042,
            "count": 249
        },
        "DroneAgent.Policy.Epsilon.mean": {
            "value": 0.10002148,
            "min": 0.10002148,
            "max": 0.19958,
            "count": 249
        },
        "DroneAgent.Policy.Epsilon.sum": {
            "value": 0.10002148,
            "min": 0.10002148,
            "max": 0.19958,
            "count": 249
        },
        "DroneAgent.Policy.Beta.mean": {
            "value": 0.01,
            "min": 0.01,
            "max": 0.01,
            "count": 249
        },
        "DroneAgent.Policy.Beta.sum": {
            "value": 0.01,
            "min": 0.01,
            "max": 0.01,
            "count": 249
        },
        "DroneAgent.Policy.GAILPolicyEstimate.mean": {
            "value": 0.03293888322077691,
            "min": 0.029808980831876396,
            "max": 0.26705573312938213,
            "count": 249
        },
        "DroneAgent.Policy.GAILPolicyEstimate.sum": {
            "value": 0.03293888322077691,
            "min": 0.029808980831876396,
            "max": 0.26705573312938213,
            "count": 249
        },
        "DroneAgent.Policy.GAILExpertEstimate.mean": {
            "value": 0.9875783130526543,
            "min": 0.5422593217343092,
            "max": 0.9876378417015076,
            "count": 249
        },
        "DroneAgent.Policy.GAILExpertEstimate.sum": {
            "value": 0.9875783130526543,
            "min": 0.5422593217343092,
            "max": 0.9876378417015076,
            "count": 249
        },
        "DroneAgent.Losses.GAILLoss.mean": {
            "value": 0.04823827957734465,
            "min": 0.04426343943923712,
            "max": 1.2776521548628808,
            "count": 249
        },
        "DroneAgent.Losses.GAILLoss.sum": {
            "value": 0.04823827957734465,
            "min": 0.04426343943923712,
            "max": 1.2776521548628808,
            "count": 249
        },
        "DroneAgent.Policy.GAILGradMagLoss.mean": {
            "value": 0.04190528462640941,
            "min": 0.041305331001058224,
            "max": 0.39361034296453,
            "count": 249
        },
        "DroneAgent.Policy.GAILGradMagLoss.sum": {
            "value": 0.04190528462640941,
            "min": 0.041305331001058224,
            "max": 0.39361034296453,
            "count": 249
        },
        "DroneAgent.Losses.PretrainingLoss.mean": {
            "value": 0.0,
            "min": 0.0,
            "max": 2.8936776373121473,
            "count": 249
        },
        "DroneAgent.Losses.PretrainingLoss.sum": {
            "value": 0.0,
            "min": 0.0,
            "max": 2.8936776373121473,
            "count": 249
        }
    },
    "metadata": {
        "timer_format_version": "0.1.0",
        "start_time_seconds": "1699658592",
        "python_version": "3.9.13 (tags/v3.9.13:6de2ca5, May 17 2022, 16:36:42) [MSC v.1929 64 bit (AMD64)]",
        "command_line_arguments": "C:\\Users\\thoma\\AppData\\Local\\Programs\\Python\\Python39\\Scripts\\mlagents-learn config\\DroneAgent.yaml --initialize-from=DroneAgentFineTune1 --run-id=DroneAgentFineTune2",
        "mlagents_version": "0.30.0",
        "mlagents_envs_version": "0.30.0",
        "communication_protocol_version": "1.5.0",
        "pytorch_version": "2.0.1+cu117",