{
    "name": "root",
    "gauges": {
        "DroneAgent.Policy.Entropy.mean": {
            "value": 6.653002738952637,
            "min": 6.224433898925781,
            "max": 6.653002738952637,
            "count": 500
        },
        "DroneAgent.Policy.Entropy.sum": {
            "value": 65525.42578125,
            "min": 58559.47265625,
            "max": 69004.65625,
            "count": 500
        },
        "DroneAgent.Step.mean": {
            "value": 4999973.0,
            "min": 9984.0,
            "max": 4999973.0,
            "count": 500
        },
        "DroneAgent.Step.sum": {
            "value": 4999973.0,
            "min": 9984.0,
            "max": 4999973.0,
            "count": 500
        },
        "DroneAgent.Policy.ExtrinsicValueEstimate.mean": {
            "value": 0.42583736777305603,
            "min": -0.14840753376483917,
            "max": 0.6562972664833069,
            "count": 500
        },
        "DroneAgent.Policy.ExtrinsicValueEstimate.sum": {
            "value": 68.559814453125,
            "min": -23.151575088500977,
            "max": 102.38236999511719,
            "count": 500
        },
        "DroneAgent.Policy.GailValueEstimate.mean": {
            "value": 0.0032846361864358187,
            "min": -0.00800991803407669,
            "max": 0.020134951919317245,
            "count": 500
        },
        "DroneAgent.Policy.GailValueEstimate.sum": {
            "value": 0.5288264155387878,
            "min": -1.2815868854522705,
            "max": 3.1611874103546143,
            "count": 500
        },
        "DroneAgent.IsTraining.mean": {
            "value": 1.0,
            "min": 1.0,
            "max": 1.0,
            "count": 500
        },
        "DroneAgent.IsTraining.sum": {
            "value": 1.0,
            "min": 1.0,
            "max": 1.0,
            "count": 500
        },
        "DroneAgent.Losses.PolicyLoss.mean": {
            "value": 0.06715711565921083,
            "min": 0.05657530258176848,
            "max": 0.12449580403626896,
            "count": 247
        },
        "DroneAgent.Losses.PolicyLoss.sum": {
            "value": 0.06715711565921083,
            "min": 0.05657530258176848,
            "max": 0.12449580403626896,
            "count": 247
        },
        "DroneAgent.Losses.ValueLoss.mean": {
            "value": 0.004514792858390138,
            "min": 0.0019321580315590837,
            "max": 0.006020979851018638,
            "count": 247
        },
        "DroneAgent.Losses.ValueLoss.sum": {
            "value": 0.004514792858390138,
            "min": 0.0019321580315590837,
            "max": 0.006020979851018638,
            "count": 247
        },
        "DroneAgent.Policy.LearningRate.mean": {
            "value": 3.477499652259964e-06,
            "min": 3.477499652259964e-06,
            "max": 0.00099569920043008,
            "count": 247
        },
        "DroneAgent.Policy.LearningRate.sum": {
            "value": 3.477499652259964e-06,
            "min": 3.477499652259964e-06,
            "max": 0.00099569920043008,
            "count": 247
        },
        "DroneAgent.Policy.Epsilon.mean": {
            "value": 0.10034773999999999,
            "min": 0.10034773999999999,
            "max": 0.19956992,
            "count": 247
        },
        "DroneAgent.Policy.Epsilon.sum": {
            "value": 0.10034773999999999,
            "min": 0.10034773999999999,
            "max": 0.19956992,
            "count": 247
        },
        "DroneAgent.Policy.Beta.mean": {
            "value": 0.01,
            "min": 0.01,
            "max": 0.01,
            "count": 247
        },
        "DroneAgent.Policy.Beta.sum": {
            "value": 0.01,
            "min": 0.01,
            "max": 0.01,
            "count": 247
        },
        "DroneAgent.Policy.GAILPolicyEstimate.mean": {
            "value": 0.0003277148097168947,
            "min": 1.2201922232968343e-05,
            "max": 0.0020809182790799243,
            "count": 247
        },
        "DroneAgent.Policy.GAILPolicyEstimate.sum": {
            "value": 0.0003277148097168947,
            "min": 1.2201922232968343e-05,
            "max": 0.0020809182790799243,
            "count": 247
        },
        "DroneAgent.Policy.GAILExpertEstimate.mean": {
            "value": 0.9999813675880432,
            "min": 0.9998905330896377,
            "max": 0.9999999806284905,
            "count": 247
        },
        "DroneAgent.Policy.GAILExpertEstimate.sum": {
            "value": 0.9999813675880432,
            "min": 0.9998905330896377,
            "max": 0.9999999806284905,
            "count": 247
        },
        "DroneAgent.Losses.GAILLoss.mean": {
            "value": 0.00035835548802491956,
            "min": 1.31743438927856e-05,
            "max": 0.0022418445899120344,
            "count": 247
        },
        "DroneAgent.Losses.GAILLoss.sum": {
            "value": 0.00035835548802491956,
            "min": 1.31743438927856e-05,
            "max": 0.0022418445899120344,
            "count": 247
        },
        "DroneAgent.Policy.GAILGradMagLoss.mean": {
            "value": 0.0003815661273620208,
            "min": 5.921543029216991e-05,
            "max": 0.02325365951837739,
            "count": 247
        },
        "DroneAgent.Policy.GAILGradMagLoss.sum": {
            "value": 0.0003815661273620208,
            "min": 5.921543029216991e-05,
            "max": 0.02325365951837739,
            "count": 247
        },
        "DroneAgent.Losses.PretrainingLoss.mean": {
            "value": 0.0,
            "min": 0.0,
            "max": 43652.65625,
            "count": 247
        },
        "DroneAgent.Losses.PretrainingLoss.sum": {
            "value": 0.0,
            "min": 0.0,
            "max": 43652.65625,
            "count": 247
        },
        "DroneAgent.Environment.EpisodeLength.mean": {
            "value": 1999.0,
            "min": 749.0,
            "max": 1999.0,
            "count": 480
        },
        "DroneAgent.Environment.EpisodeLength.sum": {
            "value": 11994.0,
            "min": 749.0,
            "max": 37981.0,
            "count": 480
        },
        "DroneAgent.Environment.CumulativeReward.mean": {
            "value": 8.169947408450147,
            "min": -1.5132471472024918,
            "max": 11.55748709058389,
            "count": 480
        },
        "DroneAgent.Environment.CumulativeReward.sum": {
            "value": 49.01968445070088,
            "min": -1.5132471472024918,
            "max": 155.3225516360253,
            "count": 480
        },
        "DroneAgent.Policy.ExtrinsicReward.mean": {
            "value": 8.169947408450147,
            "min": -1.5132471472024918,
            "max": 11.55748709058389,
            "count": 480
        },
        "DroneAgent.Policy.ExtrinsicReward.sum": {
            "value": 49.01968445070088,
            "min": -1.5132471472024918,
            "max": 155.3225516360253,
            "count": 480
        },
        "DroneAgent.Policy.GailReward.mean": {
            "value": 0.10920336906855226,
            "min": 0.00015575567160830417,
            "max": 1.104580656928852,
            "count": 480
        },
        "DroneAgent.Policy.GailReward.sum": {
            "value": 0.6552202144113135,
            "min": 0.00015575567160830417,
            "max": 12.716021784951668,
            "count": 480
        }
    },
    "metadata": {
        "timer_format_version": "0.1.0",
        "start_time_seconds": "1700125818",
        "python_version": "3.9.13 (tags/v3.9.13:6de2ca5, May 17 2022, 16:36:42) [MSC v.1929 64 bit (AMD64)]",
        "command_line_arguments": "C:\\Users\\thoma\\AppData\\Local\\Programs\\Python\\Python39\\Scripts\\mlagents-learn config\\DroneAgent.yaml --initialize-from=DroneAgentMG15 --run-id=DroneAgentMG16",
        "mlagents_version": "0.30.0",
        "mlagents_envs_version": "0.30.0",