{
    "name": "root",
    "gauges": {
        "DroneAgent.Policy.Entropy.mean": {
            "value": 1.3853509426116943,
            "min": 1.3853509426116943,
            "max": 1.3853509426116943,
            "count": 1
        },
        "DroneAgent.Policy.Entropy.sum": {
            "value": 27784.59765625,
            "min": 27784.59765625,
            "max": 27784.59765625,
            "count": 1
        },
        "DroneAgent.Step.mean": {
            "value": 19992.0,
            "min": 19992.0,
            "max": 19992.0,
            "count": 1
        },
        "DroneAgent.Step.sum": {
            "value": 19992.0,
            "min": 19992.0,
            "max": 19992.0,
            "count": 1
        },
        "DroneAgent.Policy.ExtrinsicValueEstimate.mean": {
            "value": 0.05671592056751251,
            "min": 0.05671592056751251,
            "max": 0.05671592056751251,
            "count": 1
        },
        "DroneAgent.Policy.ExtrinsicValueEstimate.sum": {
            "value": 20.134151458740234,
            "min": 20.134151458740234,
            "max": 20.134151458740234,
            "count": 1
        },
        "DroneAgent.Policy.GailValueEstimate.mean": {
            "value": 19.319299697875977,
            "min": 19.319299697875977,
            "max": 19.319299697875977,
            "count": 1
        },
        "DroneAgent.Policy.GailValueEstimate.sum": {
            "value": 6858.35107421875,
            "min": 6858.35107421875,
            "max": 6858.35107421875,
            "count": 1
        },
        "DroneAgent.Environment.EpisodeLength.mean": {
            "value": 449.0,
            "min": 449.0,
            "max": 449.0,
            "count": 1
        },
        "DroneAgent.Environment.EpisodeLength.sum": {
            "value": 19756.0,
            "min": 19756.0,
            "max": 19756.0,
            "count": 1
        },
        "DroneAgent.Environment.CumulativeReward.mean": {
            "value": 0.0,
            "min": 0.0,
            "max": 0.0,
            "count": 1
        },
        "DroneAgent.Environment.CumulativeReward.sum": {
            "value": 0.0,
            "min": 0.0,
            "max": 0.0,
            "count": 1
        },
        "DroneAgent.Policy.ExtrinsicReward.mean": {
            "value": 0.0,
            "min": 0.0,
            "max": 0.0,
            "count": 1
        },
        "DroneAgent.Policy.ExtrinsicReward.sum": {
            "value": 0.0,
            "min": 0.0,
            "max": 0.0,
            "count": 1
        },
        "DroneAgent.Policy.GailReward.mean": {
            "value": 141.5975601375103,
            "min": 141.5975601375103,
            "max": 141.5975601375103,
            "count": 1
        },
        "DroneAgent.Policy.GailReward.sum": {
            "value": 6230.292646050453,
            "min": 6230.292646050453,
            "max": 6230.292646050453,
            "count": 1
        },
        "DroneAgent.Losses.PolicyLoss.mean": {
            "value": 0.04413966438120329,
            "min": 0.04413966438120329,
            "max": 0.04413966438120329,
            "count": 1
        },
        "DroneAgent.Losses.PolicyLoss.sum": {
            "value": 0.8386536232428625,
            "min": 0.8386536232428625,
            "max": 0.8386536232428625,
            "count": 1
        },
        "DroneAgent.Losses.ValueLoss.mean": {
            "value": 6.391051045879354,
            "min": 6.391051045879354,
            "max": 6.391051045879354,
            "count": 1
        },
        "DroneAgent.Losses.ValueLoss.sum": {
            "value": 121.42996987170771,
            "min": 121.42996987170771,
            "max": 121.42996987170771,
            "count": 1
        },
        "DroneAgent.Policy.LearningRate.mean": {
            "value": 0.00029938292231095575,
            "min": 0.00029938292231095575,
            "max": 0.00029938292231095575,
            "count": 1
        },
        "DroneAgent.Policy.LearningRate.sum": {
            "value": 0.0056882755239081595,
            "min": 0.0056882755239081595,
            "max": 0.0056882755239081595,
            "count": 1
        },
        "DroneAgent.Policy.Epsilon.mean": {
            "value": 0.19979430736842108,
            "min": 0.19979430736842108,
            "max": 0.19979430736842108,
            "count": 1
        },
        "DroneAgent.Policy.Epsilon.sum": {
            "value": 3.7960918400000003,
            "min": 3.7960918400000003,
            "max": 3.7960918400000003,
            "count": 1
        },
        "DroneAgent.Policy.Beta.mean": {
            "value": 0.000498992106105263,
            "min": 0.000498992106105263,
            "max": 0.000498992106105263,
            "count": 1
        },
        "DroneAgent.Policy.Beta.sum": {
            "value": 0.009480850015999997,
            "min": 0.009480850015999997,
            "max": 0.009480850015999997,
            "count": 1
        },
        "DroneAgent.Policy.GAILPolicyEstimate.mean": {
            "value": 0.46521144164235967,
            "min": 0.46521144164235967,
            "max": 0.46521144164235967,
            "count": 1
        },
        "DroneAgent.Policy.GAILPolicyEstimate.sum": {
            "value": 8.839017391204834,
            "min": 8.839017391204834,
            "max": 8.839017391204834,
            "count": 1
        },
        "DroneAgent.Policy.GAILExpertEstimate.mean": {
            "value": 0.5063868396376309,
            "min": 0.5063868396376309,
            "max": 0.5063868396376309,
            "count": 1
        },
        "DroneAgent.Policy.GAILExpertEstimate.sum": {
            "value": 9.621349953114986,
            "min": 9.621349953114986,
            "max": 9.621349953114986,
            "count": 1
        },
        "DroneAgent.Losses.GAILLoss.mean": {
            "value": 1.3140167740353368,
            "min": 1.3140167740353368,
            "max": 1.3140167740353368,
            "count": 1
        },
        "DroneAgent.Losses.GAILLoss.sum": {
            "value": 24.966318706671398,
            "min": 24.966318706671398,
            "max": 24.966318706671398,
            "count": 1
        },
        "DroneAgent.Policy.GAILGradMagLoss.mean": {
            "value": 1.8300871893425532,
            "min": 1.8300871893425532,
            "max": 1.8300871893425532,
            "count": 1
        },
        "DroneAgent.Policy.GAILGradMagLoss.sum": {
            "value": 34.77165659750851,
            "min": 34.77165659750851,
            "max": 34.77165659750851,
            "count": 1
        },
        "DroneAgent.Losses.PretrainingLoss.mean": {
            "value": 2.9142144437421833,
            "min": 2.9142144437421833,
            "max": 2.9142144437421833,
            "count": 1
        },
        "DroneAgent.Losses.PretrainingLoss.sum": {
            "value": 55.370074431101486,
            "min": 55.370074431101486,
            "max": 55.370074431101486,
            "count": 1
        },
        "DroneAgent.IsTraining.mean": {
            "value": 1.0,
            "min": 1.0,
            "max": 1.0,
            "count": 1
        },
        "DroneAgent.IsTraining.sum": {
            "value": 1.0,
            "min": 1.0,
            "max": 1.0,
            "count": 1
        }
    },
    "metadata": {
        "timer_format_version": "0.1.0",
        "start_time_seconds": "1696213289",
        "python_version": "3.9.13 (tags/v3.9.13:6de2ca5, May 17 2022, 16:36:42) [MSC v.1929 64 bit (AMD64)]",
        "command_line_arguments": "F:\\Unity projects\\Oblig2\\Drone_MLagents\\venv\\Scripts\\mlagents-learn config/DroneAgent.yaml --run-id=DroneAgentup",
        "mlagents_version": "0.30.0",
        "mlagents_envs_version": "0.30.0",
        "communication_protocol_version": "1.5.0",
        "pytorch_version": "2.0.1+cu117",
        "numpy_version": "1.21.2",
        "end_time_seconds": "1696213469"
    },
    "total": 179.7369333,
    "count": 1,
    "self": 0.006027299999999514,