{
    "name": "root",
    "gauges": {
        "DroneAgent.Policy.Entropy.mean": {
            "value": 1.9892268180847168,
            "min": 1.7243887186050415,
            "max": 1.9892268180847168,
            "count": 500
        },
        "DroneAgent.Policy.Entropy.sum": {
            "value": 20051.40625,
            "min": 16768.859375,
            "max": 20726.46875,
            "count": 500
        },
        "DroneAgent.Step.mean": {
            "value": 4999956.0,
            "min": 9936.0,
            "max": 4999956.0,
            "count": 500
        },
        "DroneAgent.Step.sum": {
            "value": 4999956.0,
            "min": 9936.0,
            "max": 4999956.0,
            "count": 500
        },
        "DroneAgent.Policy.ExtrinsicValueEstimate.mean": {
            "value": 0.08846188336610794,
            "min": -0.6998330950737,
            "max": 0.2493588924407959,
            "count": 500
        },
        "DroneAgent.Policy.ExtrinsicValueEstimate.sum": {
            "value": 14.153901100158691,
            "min": -111.97329711914062,
            "max": 39.398704528808594,
            "count": 500
        },
        "DroneAgent.Policy.GailValueEstimate.mean": {
            "value": 2.33744740486145,
            "min": 1.203510046005249,
            "max": 13.751018524169922,
            "count": 500
        },
        "DroneAgent.Policy.GailValueEstimate.sum": {
            "value": 373.9915771484375,
            "min": 190.93307495117188,
            "max": 2227.6650390625,
            "count": 500
        },
        "DroneAgent.Environment.EpisodeLength.mean": {
            "value": 1943.25,
            "min": 295.0,
            "max": 2499.0,
            "count": 500
        },
        "DroneAgent.Environment.EpisodeLength.sum": {
            "value": 7773.0,
            "min": 590.0,
            "max": 24728.0,
            "count": 500
        },
        "DroneAgent.Environment.CumulativeReward.mean": {
            "value": 2.5606261427601567,
            "min": -4.62323401303729,
            "max": 3.908256051479839,
            "count": 500
        },
        "DroneAgent.Environment.CumulativeReward.sum": {
            "value": 10.242504571040627,
            "min": -51.80289648042526,
            "max": 31.98890656407457,
            "count": 500
        },
        "DroneAgent.Policy.ExtrinsicReward.mean": {
            "value": 2.5606261427601567,
            "min": -4.62323401303729,
            "max": 3.908256051479839,
            "count": 500
        },
        "DroneAgent.Policy.ExtrinsicReward.sum": {
            "value": 10.242504571040627,
            "min": -51.80289648042526,
            "max": 31.98890656407457,
            "count": 500
        },
        "DroneAgent.Policy.GailReward.mean": {
            "value": 51.21404363174088,
            "min": 1.5753852176421788,
            "max": 521.0424163856854,
            "count": 500
        },
        "DroneAgent.Policy.GailReward.sum": {
            "value": 204.8561745269635,
            "min": 3.1507704352843575,
            "max": 3539.909710706328,
            "count": 500
        },
        "DroneAgent.IsTraining.mean": {
            "value": 1.0,
            "min": 1.0,
            "max": 1.0,
            "count": 500
        },
        "DroneAgent.IsTraining.sum": {
            "value": 1.0,
            "min": 1.0,
            "max": 1.0,
            "count": 500
        },
        "DroneAgent.Losses.PolicyLoss.mean": {
            "value": 0.0757247919391375,
            "min": 0.06382632167078554,
            "max": 0.14739198136376216,
            "count": 249
        },
        "DroneAgent.Losses.PolicyLoss.sum": {
            "value": 0.0757247919391375,
            "min": 0.06382632167078554,
            "max": 0.14739198136376216,
            "count": 249
        },
        "DroneAgent.Losses.ValueLoss.mean": {
            "value": 0.15576703231781722,
            "min": 0.032110711489804086,
            "max": 22.322993838787077,
            "count": 249
        },
        "DroneAgent.Losses.ValueLoss.sum": {
            "value": 0.15576703231781722,
            "min": 0.032110711489804086,
            "max": 22.322993838787077,
            "count": 249
        },
        "DroneAgent.Policy.LearningRate.mean": {
            "value": 8.964999103600194e-07,
            "min": 8.964999103600194e-07,
            "max": 0.00099595080040492,
            "count": 249
        },
        "DroneAgent.Policy.LearningRate.sum": {
            "value": 8.964999103600194e-07,
            "min": 8.964999103600194e-07,
            "max": 0.00099595080040492,
            "count": 249
        },
        "DroneAgent.Policy.Epsilon.mean": {
            "value": 0.10008964000000001,
            "min": 0.10008964000000001,
            "max": 0.19959508,
            "count": 249
        },
        "DroneAgent.Policy.Epsilon.sum": {
            "value": 0.10008964000000001,
            "min": 0.10008964000000001,
            "max": 0.19959508,
            "count": 249
        },
        "DroneAgent.Policy.Beta.mean": {
            "value": 0.01,
            "min": 0.01,
            "max": 0.01,
            "count": 249
        },
        "DroneAgent.Policy.Beta.sum": {
            "value": 0.01,
            "min": 0.01,
            "max": 0.01,
            "count": 249
        },
        "DroneAgent.Policy.GAILPolicyEstimate.mean": {
            "value": 0.029223755933344364,
            "min": 0.01071505585568957,
            "max": 0.08876360999420285,
            "count": 249
        },
        "DroneAgent.Policy.GAILPolicyEstimate.sum": {
            "value": 0.029223755933344364,
            "min": 0.01071505585568957,
            "max": 0.08876360999420285,
            "count": 249
        },
        "DroneAgent.Policy.GAILExpertEstimate.mean": {
            "value": 0.9809847608208656,
            "min": 0.9343614667654038,
            "max": 0.9975606217980385,
            "count": 249
        },
        "DroneAgent.Policy.GAILExpertEstimate.sum": {
            "value": 0.9809847608208656,
            "min": 0.9343614667654038,
            "max": 0.9975606217980385,
            "count": 249
        },
        "DroneAgent.Losses.GAILLoss.mean": {
            "value": 0.057227757200598715,
            "min": 0.013634739280678331,
            "max": 0.2189839519560337,
            "count": 249
        },
        "DroneAgent.Losses.GAILLoss.sum": {
            "value": 0.057227757200598715,
            "min": 0.013634739280678331,
            "max": 0.2189839519560337,
            "count": 249
        },
        "DroneAgent.Policy.GAILGradMagLoss.mean": {
            "value": 0.031877783965319394,
            "min": 0.024885940132662654,
            "max": 0.0775038480758667,
            "count": 249
        },
        "DroneAgent.Policy.GAILGradMagLoss.sum": {
            "value": 0.031877783965319394,
            "min": 0.024885940132662654,
            "max": 0.0775038480758667,
            "count": 249
        },
        "DroneAgent.Losses.PretrainingLoss.mean": {
            "value": 0.0,
            "min": 0.0,
            "max": 3.214516772164239,
            "count": 249
        },
        "DroneAgent.Losses.PretrainingLoss.sum": {
            "value": 0.0,
            "min": 0.0,
            "max": 3.214516772164239,
            "count": 249
        }
    },
    "metadata": {
        "timer_format_version": "0.1.0",
        "start_time_seconds": "1699668182",
        "python_version": "3.9.13 (tags/v3.9.13:6de2ca5, May 17 2022, 16:36:42) [MSC v.1929 64 bit (AMD64)]",
        "command_line_arguments": "C:\\Users\\thoma\\AppData\\Local\\Programs\\Python\\Python39\\Scripts\\mlagents-learn config\\DroneAgent.yaml --initialize-from=DroneAgentFineTune2 --run-id=DroneAgentFineTune3",
        "mlagents_version": "0.30.0",
        "mlagents_envs_version": "0.30.0",
        "communication_protocol_version": "1.5.0",