{
    "name": "root",
    "gauges": {
        "DroneAgent.Policy.Entropy.mean": {
            "value": -6.885831832885742,
            "min": -6.885831832885742,
            "max": -6.227506637573242,
            "count": 35
        },
        "DroneAgent.Policy.Entropy.sum": {
            "value": -137716.640625,
            "min": -137716.640625,
            "max": -123556.9296875,
            "count": 35
        },
        "DroneAgent.Step.mean": {
            "value": 699960.0,
            "min": 19976.0,
            "max": 699960.0,
            "count": 35
        },
        "DroneAgent.Step.sum": {
            "value": 699960.0,
            "min": 19976.0,
            "max": 699960.0,
            "count": 35
        },
        "DroneAgent.Policy.ExtrinsicValueEstimate.mean": {
            "value": -0.022582313045859337,
            "min": -0.17832747101783752,
            "max": 0.44694703817367554,
            "count": 35
        },
        "DroneAgent.Policy.ExtrinsicValueEstimate.sum": {
            "value": -7.226340293884277,
            "min": -57.064788818359375,
            "max": 143.02305603027344,
            "count": 35
        },
        "DroneAgent.Policy.GailValueEstimate.mean": {
            "value": 1.4631823301315308,
            "min": 0.4278544485569,
            "max": 6.055188179016113,
            "count": 35
        },
        "DroneAgent.Policy.GailValueEstimate.sum": {
            "value": 468.2183532714844,
            "min": 136.91342163085938,
            "max": 1889.21875,
            "count": 35
        },
        "DroneAgent.Losses.PolicyLoss.mean": {
            "value": 0.2147840537169638,
            "min": 0.2147840537169638,
            "max": 0.25375523159843094,
            "count": 35
        },
        "DroneAgent.Losses.PolicyLoss.sum": {
            "value": 3.4365448594714207,
            "min": 3.2309866301715373,
            "max": 4.28245408962636,
            "count": 35
        },
        "DroneAgent.Losses.ValueLoss.mean": {
            "value": 0.23624120340294516,
            "min": 0.14217452409987646,
            "max": 1.4213269860871758,
            "count": 35
        },
        "DroneAgent.Losses.ValueLoss.sum": {
            "value": 3.7798592544471226,
            "min": 2.2747923855980234,
            "max": 22.741231777394812,
            "count": 35
        },
        "DroneAgent.Policy.LearningRate.mean": {
            "value": 0.00025862641379119995,
            "min": 0.00025862641379119995,
            "max": 0.00029939967020011,
            "count": 35
        },
        "DroneAgent.Policy.LearningRate.sum": {
            "value": 0.004138022620659199,
            "min": 0.004138022620659199,
            "max": 0.0050697666100778,
            "count": 35
        },
        "DroneAgent.Policy.Epsilon.mean": {
            "value": 0.1862088,
            "min": 0.1862088,
            "max": 0.19979988999999998,
            "count": 35
        },
        "DroneAgent.Policy.Epsilon.sum": {
            "value": 2.9793408,
            "min": 2.8949844000000002,
            "max": 3.3899222000000004,
            "count": 35
        },
        "DroneAgent.Policy.Beta.mean": {
            "value": 0.00043242312000000004,
            "min": 0.00043242312000000004,
            "max": 0.0004990194610000001,
            "count": 35
        },
        "DroneAgent.Policy.Beta.sum": {
            "value": 0.006918769920000001,
            "min": 0.006918769920000001,
            "max": 0.00845061878,
            "count": 35
        },
        "DroneAgent.Policy.GAILPolicyEstimate.mean": {
            "value": 0.029508663786691616,
            "min": 0.017518903540136913,
            "max": 0.04705922271629485,
            "count": 35
        },
        "DroneAgent.Policy.GAILPolicyEstimate.sum": {
            "value": 0.47213862058706585,
            "min": 0.2803024566421906,
            "max": 0.7832262569029506,
            "count": 35
        },
        "DroneAgent.Policy.GAILExpertEstimate.mean": {
            "value": 0.9858514431243142,
            "min": 0.9094432765617967,
            "max": 0.9858514431243142,
            "count": 35
        },
        "DroneAgent.Policy.GAILExpertEstimate.sum": {
            "value": 15.773623089989027,
            "min": 13.804114347199597,
            "max": 16.558651627765762,
            "count": 35
        },
        "DroneAgent.Losses.GAILLoss.mean": {
            "value": 0.047049369567927594,
            "min": 0.04112560897289465,
            "max": 0.1507586745894514,
            "count": 35
        },
        "DroneAgent.Losses.GAILLoss.sum": {
            "value": 0.7527899130868415,
            "min": 0.6580097435663144,
            "max": 2.4121387934312226,
            "count": 35
        },
        "DroneAgent.Policy.GAILGradMagLoss.mean": {
            "value": 0.05920556637574918,
            "min": 0.054587326509257156,
            "max": 0.1758920242272628,
            "count": 35
        },
        "DroneAgent.Policy.GAILGradMagLoss.sum": {
            "value": 0.9472890620119869,
            "min": 0.8733972241481145,
            "max": 2.814272387636205,
            "count": 35
        },
        "DroneAgent.Losses.PretrainingLoss.mean": {
            "value": 0.00516003812586668,
            "min": 0.00516003812586668,
            "max": 0.008943025789911893,
            "count": 35
        },
        "DroneAgent.Losses.PretrainingLoss.sum": {
            "value": 0.08256061001386689,
            "min": 0.08135365632673107,
            "max": 0.1430884126385903,
            "count": 35
        },
        "DroneAgent.Environment.EpisodeLength.mean": {
            "value": 999.0,
            "min": 959.1904761904761,
            "max": 999.0,
            "count": 34
        },
        "DroneAgent.Environment.EpisodeLength.sum": {
            "value": 19980.0,
            "min": 17516.0,
            "max": 20179.0,
            "count": 34
        },
        "DroneAgent.Environment.CumulativeReward.mean": {
            "value": -0.009695000480860472,
            "min": -0.025470001238863914,
            "max": 0.3529166796425771,
            "count": 34
        },
        "DroneAgent.Environment.CumulativeReward.sum": {
            "value": -0.19390000961720943,
            "min": -0.5094000247772783,
            "max": 6.3525002335663885,
            "count": 34
        },
        "DroneAgent.Policy.ExtrinsicReward.mean": {
            "value": -0.009695000480860472,
            "min": -0.025470001238863914,
            "max": 0.3529166796425771,
            "count": 34
        },
        "DroneAgent.Policy.ExtrinsicReward.sum": {
            "value": -0.19390000961720943,
            "min": -0.5094000247772783,
            "max": 6.3525002335663885,
            "count": 34
        },
        "DroneAgent.Policy.GailReward.mean": {
            "value": 16.167982626905975,
            "min": 11.303124528973978,
            "max": 38.12435487350456,
            "count": 34
        },
        "DroneAgent.Policy.GailReward.sum": {
            "value": 323.35965253811946,
            "min": 226.06249057947957,
            "max": 762.4870974700912,
            "count": 34
        },
        "DroneAgent.IsTraining.mean": {
            "value": 1.0,
            "min": 1.0,
            "max": 1.0,
            "count": 35
        },
        "DroneAgent.IsTraining.sum": {
            "value": 1.0,
            "min": 1.0,
            "max": 1.0,
            "count": 35
        }
    },
    "metadata": {
        "timer_format_version": "0.1.0",
        "start_time_seconds": "1696386268",
        "python_version": "3.9.13 (tags/v3.9.13:6de2ca5, May 17 2022, 16:36:42) [MSC v.1929 64 bit (AMD64)]",
        "command_line_arguments": "F:\\Unity projects\\Oblig2\\Drone_MLagents\\venv\\Scripts\\mlagents-learn config/DroneAgent.yaml --initialize-from=DroneAgentVer2_Test3 --run-id=DroneAgentVer2_Test4",
        "mlagents_version": "0.30.0",