{
    "name": "root",
    "gauges": {
        "DroneAgent.Policy.Entropy.mean": {
            "value": 1.3622316122055054,
            "min": 1.3356786966323853,
            "max": 1.4189382791519165,
            "count": 500
        },
        "DroneAgent.Policy.Entropy.sum": {
            "value": 13788.5087890625,
            "min": 12909.17578125,
            "max": 14898.8525390625,
            "count": 500
        },
        "DroneAgent.Step.mean": {
            "value": 4999983.0,
            "min": 9980.0,
            "max": 4999983.0,
            "count": 500
        },
        "DroneAgent.Step.sum": {
            "value": 4999983.0,
            "min": 9980.0,
            "max": 4999983.0,
            "count": 500
        },
        "DroneAgent.Policy.ExtrinsicValueEstimate.mean": {
            "value": 0.4157050848007202,
            "min": -0.5270626544952393,
            "max": 2.059699058532715,
            "count": 500
        },
        "DroneAgent.Policy.ExtrinsicValueEstimate.sum": {
            "value": 66.92852020263672,
            "min": -85.38414764404297,
            "max": 327.4921569824219,
            "count": 500
        },
        "DroneAgent.Policy.GailValueEstimate.mean": {
            "value": 6.570583820343018,
            "min": 0.42765605449676514,
            "max": 33.24440383911133,
            "count": 500
        },
        "DroneAgent.Policy.GailValueEstimate.sum": {
            "value": 1057.864013671875,
            "min": 67.56965637207031,
            "max": 5319.1044921875,
            "count": 500
        },
        "DroneAgent.Environment.EpisodeLength.mean": {
            "value": 977.6666666666666,
            "min": 440.54545454545456,
            "max": 999.0,
            "count": 499
        },
        "DroneAgent.Environment.EpisodeLength.sum": {
            "value": 11732.0,
            "min": 3839.0,
            "max": 16752.0,
            "count": 499
        },
        "DroneAgent.Environment.CumulativeReward.mean": {
            "value": 6.374743924560872,
            "min": -4.320730790888009,
            "max": 13.302867803629487,
            "count": 500
        },
        "DroneAgent.Environment.CumulativeReward.sum": {
            "value": 70.12218317016959,
            "min": -86.01855223812163,
            "max": 266.05735607258976,
            "count": 500
        },
        "DroneAgent.Policy.ExtrinsicReward.mean": {
            "value": 6.374743924560872,
            "min": -4.320730790888009,
            "max": 13.302867803629487,
            "count": 500
        },
        "DroneAgent.Policy.ExtrinsicReward.sum": {
            "value": 70.12218317016959,
            "min": -86.01855223812163,
            "max": 266.05735607258976,
            "count": 500
        },
        "DroneAgent.Policy.GailReward.mean": {
            "value": 68.17233103378253,
            "min": 38.85048549604558,
            "max": 164.86618824919256,
            "count": 500
        },
        "DroneAgent.Policy.GailReward.sum": {
            "value": 749.8956413716078,
            "min": 432.58654099702835,
            "max": 3582.8944438695908,
            "count": 500
        },
        "DroneAgent.IsTraining.mean": {
            "value": 1.0,
            "min": 1.0,
            "max": 1.0,
            "count": 500
        },
        "DroneAgent.IsTraining.sum": {
            "value": 1.0,
            "min": 1.0,
            "max": 1.0,
            "count": 500
        },
        "DroneAgent.Losses.PolicyLoss.mean": {
            "value": 0.09925585576565936,
            "min": 0.06605808492749929,
            "max": 0.13983429554500618,
            "count": 250
        },
        "DroneAgent.Losses.PolicyLoss.sum": {
            "value": 0.09925585576565936,
            "min": 0.06605808492749929,
            "max": 0.13983429554500618,
            "count": 250
        },
        "DroneAgent.Losses.ValueLoss.mean": {
            "value": 0.13379802256822587,
            "min": 0.09299048567190767,
            "max": 2.576186054944992,
            "count": 250
        },
        "DroneAgent.Losses.ValueLoss.sum": {
            "value": 0.13379802256822587,
            "min": 0.09299048567190767,
            "max": 2.576186054944992,
            "count": 250
        },
        "DroneAgent.Policy.LearningRate.mean": {
            "value": 6.749999326005075e-08,
            "min": 6.749999326005075e-08,
            "max": 0.00099580000042,
            "count": 250
        },
        "DroneAgent.Policy.LearningRate.sum": {
            "value": 6.749999326005075e-08,
            "min": 6.749999326005075e-08,
            "max": 0.00099580000042,
            "count": 250
        },
        "DroneAgent.Policy.Epsilon.mean": {
            "value": 0.10000674000000001,
            "min": 0.10000674000000001,
            "max": 0.19958,
            "count": 250
        },
        "DroneAgent.Policy.Epsilon.sum": {
            "value": 0.10000674000000001,
            "min": 0.10000674000000001,
            "max": 0.19958,
            "count": 250
        },
        "DroneAgent.Policy.Beta.mean": {
            "value": 0.01,
            "min": 0.01,
            "max": 0.01,
            "count": 250
        },
        "DroneAgent.Policy.Beta.sum": {
            "value": 0.01,
            "min": 0.01,
            "max": 0.01,
            "count": 250
        },
        "DroneAgent.Policy.GAILPolicyEstimate.mean": {
            "value": 0.11422765962779521,
            "min": 0.11422765962779521,
            "max": 0.3281327672302723,
            "count": 250
        },
        "DroneAgent.Policy.GAILPolicyEstimate.sum": {
            "value": 0.11422765962779521,
            "min": 0.11422765962779521,
            "max": 0.3281327672302723,
            "count": 250
        },
        "DroneAgent.Policy.GAILExpertEstimate.mean": {
            "value": 0.9242196023464203,
            "min": 0.6749648511409759,
            "max": 0.9242196023464203,
            "count": 250
        },
        "DroneAgent.Policy.GAILExpertEstimate.sum": {
            "value": 0.9242196023464203,
            "min": 0.6749648511409759,
            "max": 0.9242196023464203,
            "count": 250
        },
        "DroneAgent.Losses.GAILLoss.mean": {
            "value": 0.21145675778388978,
            "min": 0.21145675778388978,
            "max": 0.8463269367814064,
            "count": 250
        },
        "DroneAgent.Losses.GAILLoss.sum": {
            "value": 0.21145675778388978,
            "min": 0.21145675778388978,
            "max": 0.8463269367814064,
            "count": 250
        },
        "DroneAgent.Policy.GAILGradMagLoss.mean": {
            "value": 0.11892678830772638,
            "min": 0.10128180123865604,
            "max": 9.447058415412902,
            "count": 250
        },
        "DroneAgent.Policy.GAILGradMagLoss.sum": {
            "value": 0.11892678830772638,
            "min": 0.10128180123865604,
            "max": 9.447058415412902,
            "count": 250
        },
        "DroneAgent.Losses.PretrainingLoss.mean": {
            "value": 0.0,
            "min": 0.0,
            "max": 1.1314792669180669,
            "count": 250
        },
        "DroneAgent.Losses.PretrainingLoss.sum": {
            "value": 0.0,
            "min": 0.0,
            "max": 1.1314792669180669,
            "count": 250
        }
    },
    "metadata": {
        "timer_format_version": "0.1.0",
        "start_time_seconds": "1699562928",
        "python_version": "3.9.13 (tags/v3.9.13:6de2ca5, May 17 2022, 16:36:42) [MSC v.1929 64 bit (AMD64)]",
        "command_line_arguments": "C:\\Users\\thoma\\AppData\\Local\\Programs\\Python\\Python39\\Scripts\\mlagents-learn config\\DroneAgent.yaml --run-id=DroneAgentNew",
        "mlagents_version": "0.30.0",
        "mlagents_envs_version": "0.30.0",
        "communication_protocol_version": "1.5.0",
        "pytorch_version": "2.0.1+cu117",