{
    "name": "root",
    "gauges": {
        "DroneAgent.Policy.Entropy.mean": {
            "value": 1.5269609689712524,
            "min": 1.3415242433547974,
            "max": 1.5269609689712524,
            "count": 500
        },
        "DroneAgent.Policy.Entropy.sum": {
            "value": 15135.2373046875,
            "min": 13210.033203125,
            "max": 15941.1171875,
            "count": 500
        },
        "DroneAgent.Step.mean": {
            "value": 4999980.0,
            "min": 9984.0,
            "max": 4999980.0,
            "count": 500
        },
        "DroneAgent.Step.sum": {
            "value": 4999980.0,
            "min": 9984.0,
            "max": 4999980.0,
            "count": 500
        },
        "DroneAgent.Policy.ExtrinsicValueEstimate.mean": {
            "value": -0.08117552101612091,
            "min": -0.5129107236862183,
            "max": 0.05803775042295456,
            "count": 500
        },
        "DroneAgent.Policy.ExtrinsicValueEstimate.sum": {
            "value": -12.988082885742188,
            "min": -82.06571197509766,
            "max": 9.344078063964844,
            "count": 500
        },
        "DroneAgent.Policy.GailValueEstimate.mean": {
            "value": 0.5602726936340332,
            "min": -0.3221890330314636,
            "max": 6.2725982666015625,
            "count": 500
        },
        "DroneAgent.Policy.GailValueEstimate.sum": {
            "value": 89.64363098144531,
            "min": -50.26148986816406,
            "max": 998.6536254882812,
            "count": 500
        },
        "DroneAgent.IsTraining.mean": {
            "value": 1.0,
            "min": 1.0,
            "max": 1.0,
            "count": 500
        },
        "DroneAgent.IsTraining.sum": {
            "value": 1.0,
            "min": 1.0,
            "max": 1.0,
            "count": 500
        },
        "DroneAgent.Environment.EpisodeLength.mean": {
            "value": 860.125,
            "min": 434.6,
            "max": 999.0,
            "count": 499
        },
        "DroneAgent.Environment.EpisodeLength.sum": {
            "value": 6881.0,
            "min": 907.0,
            "max": 19980.0,
            "count": 499
        },
        "DroneAgent.Environment.CumulativeReward.mean": {
            "value": -0.09910428535658866,
            "min": -5.506821244955063,
            "max": 0.5052356613386009,
            "count": 499
        },
        "DroneAgent.Environment.CumulativeReward.sum": {
            "value": -0.7928342828527093,
            "min": -88.85659486241639,
            "max": 4.547120952047408,
            "count": 499
        },
        "DroneAgent.Policy.ExtrinsicReward.mean": {
            "value": -0.09910428535658866,
            "min": -5.506821244955063,
            "max": 0.5052356613386009,
            "count": 499
        },
        "DroneAgent.Policy.ExtrinsicReward.sum": {
            "value": -0.7928342828527093,
            "min": -88.85659486241639,
            "max": 4.547120952047408,
            "count": 499
        },
        "DroneAgent.Policy.GailReward.mean": {
            "value": 3.4084774832590483,
            "min": 3.281446569200073,
            "max": 232.60795078277587,
            "count": 499
        },
        "DroneAgent.Policy.GailReward.sum": {
            "value": 27.267819866072387,
            "min": 23.9067949289456,
            "max": 4652.159015655518,
            "count": 499
        },
        "DroneAgent.Losses.PolicyLoss.mean": {
            "value": 0.09257780627231113,
            "min": 0.06353052114209276,
            "max": 0.13767476750654167,
            "count": 250
        },
        "DroneAgent.Losses.PolicyLoss.sum": {
            "value": 0.09257780627231113,
            "min": 0.06353052114209276,
            "max": 0.13767476750654167,
            "count": 250
        },
        "DroneAgent.Losses.ValueLoss.mean": {
            "value": 0.005079296615440399,
            "min": 0.004234606097452342,
            "max": 0.5921009376645088,
            "count": 250
        },
        "DroneAgent.Losses.ValueLoss.sum": {
            "value": 0.005079296615440399,
            "min": 0.004234606097452342,
            "max": 0.5921009376645088,
            "count": 250
        },
        "DroneAgent.Policy.LearningRate.mean": {
            "value": 5.486999451400101e-07,
            "min": 5.486999451400101e-07,
            "max": 0.00099580560041944,
            "count": 250
        },
        "DroneAgent.Policy.LearningRate.sum": {
            "value": 5.486999451400101e-07,
            "min": 5.486999451400101e-07,
            "max": 0.00099580560041944,
            "count": 250
        },
        "DroneAgent.Policy.Epsilon.mean": {
            "value": 0.10005486000000001,
            "min": 0.10005486000000001,
            "max": 0.19958056000000002,
            "count": 250
        },
        "DroneAgent.Policy.Epsilon.sum": {
            "value": 0.10005486000000001,
            "min": 0.10005486000000001,
            "max": 0.19958056000000002,
            "count": 250
        },
        "DroneAgent.Policy.Beta.mean": {
            "value": 0.01,
            "min": 0.01,
            "max": 0.01,
            "count": 250
        },
        "DroneAgent.Policy.Beta.sum": {
            "value": 0.01,
            "min": 0.01,
            "max": 0.01,
            "count": 250
        },
        "DroneAgent.Policy.GAILPolicyEstimate.mean": {
            "value": 0.012262541707605124,
            "min": 0.012262541707605124,
            "max": 0.35963643305003645,
            "count": 250
        },
        "DroneAgent.Policy.GAILPolicyEstimate.sum": {
            "value": 0.012262541707605124,
            "min": 0.012262541707605124,
            "max": 0.35963643305003645,
            "count": 250
        },
        "DroneAgent.Policy.GAILExpertEstimate.mean": {
            "value": 0.9952231779694557,
            "min": 0.6547660902142525,
            "max": 0.9952231779694557,
            "count": 250
        },
        "DroneAgent.Policy.GAILExpertEstimate.sum": {
            "value": 0.9952231779694557,
            "min": 0.6547660902142525,
            "max": 0.9952231779694557,
            "count": 250
        },
        "DroneAgent.Losses.GAILLoss.mean": {
            "value": 0.01745875389315188,
            "min": 0.01745875389315188,
            "max": 0.9203031465411187,
            "count": 250
        },
        "DroneAgent.Losses.GAILLoss.sum": {
            "value": 0.01745875389315188,
            "min": 0.01745875389315188,
            "max": 0.9203031465411187,
            "count": 250
        },
        "DroneAgent.Policy.GAILGradMagLoss.mean": {
            "value": 0.03397810775786638,
            "min": 0.03071886729449034,
            "max": 9.135558390617371,
            "count": 250
        },
        "DroneAgent.Policy.GAILGradMagLoss.sum": {
            "value": 0.03397810775786638,
            "min": 0.03071886729449034,
            "max": 9.135558390617371,
            "count": 250
        },
        "DroneAgent.Losses.PretrainingLoss.mean": {
            "value": 0.0,
            "min": 0.0,
            "max": 1.1793482484239521,
            "count": 250
        },
        "DroneAgent.Losses.PretrainingLoss.sum": {
            "value": 0.0,
            "min": 0.0,
            "max": 1.1793482484239521,
            "count": 250
        }
    },
    "metadata": {
        "timer_format_version": "0.1.0",
        "start_time_seconds": "1699644828",
        "python_version": "3.9.13 (tags/v3.9.13:6de2ca5, May 17 2022, 16:36:42) [MSC v.1929 64 bit (AMD64)]",
        "command_line_arguments": "C:\\Users\\thoma\\AppData\\Local\\Programs\\Python\\Python39\\Scripts\\mlagents-learn config\\DroneAgent.yaml --run-id=DroneAgentFineTune",
        "mlagents_version": "0.30.0",
        "mlagents_envs_version": "0.30.0",
        "communication_protocol_version": "1.5.0",