{
    "name": "root",
    "gauges": {
        "DroneAgent.Policy.Entropy.mean": {
            "value": 1.3887715339660645,
            "min": 1.3887715339660645,
            "max": 1.4189382791519165,
            "count": 9
        },
        "DroneAgent.Policy.Entropy.sum": {
            "value": 13394.701171875,
            "min": 13179.494140625,
            "max": 14983.98828125,
            "count": 9
        },
        "DroneAgent.Step.mean": {
            "value": 89978.0,
            "min": 9984.0,
            "max": 89978.0,
            "count": 9
        },
        "DroneAgent.Step.sum": {
            "value": 89978.0,
            "min": 9984.0,
            "max": 89978.0,
            "count": 9
        },
        "DroneAgent.Policy.ExtrinsicValueEstimate.mean": {
            "value": 0.4204034209251404,
            "min": -0.21022948622703552,
            "max": 0.4204034209251404,
            "count": 9
        },
        "DroneAgent.Policy.ExtrinsicValueEstimate.sum": {
            "value": 67.68495178222656,
            "min": -33.846946716308594,
            "max": 67.68495178222656,
            "count": 9
        },
        "DroneAgent.Policy.GailValueEstimate.mean": {
            "value": 2.3214690685272217,
            "min": -0.8482928276062012,
            "max": 2.3214690685272217,
            "count": 9
        },
        "DroneAgent.Policy.GailValueEstimate.sum": {
            "value": 373.75653076171875,
            "min": -132.33367919921875,
            "max": 373.75653076171875,
            "count": 9
        },
        "DroneAgent.IsTraining.mean": {
            "value": 1.0,
            "min": 1.0,
            "max": 1.0,
            "count": 9
        },
        "DroneAgent.IsTraining.sum": {
            "value": 1.0,
            "min": 1.0,
            "max": 1.0,
            "count": 9
        },
        "DroneAgent.Losses.PolicyLoss.mean": {
            "value": 0.1294780975828568,
            "min": 0.013367367784182231,
            "max": 0.1795630268752575,
            "count": 8
        },
        "DroneAgent.Losses.PolicyLoss.sum": {
            "value": 0.1294780975828568,
            "min": 0.013367367784182231,
            "max": 0.1795630268752575,
            "count": 8
        },
        "DroneAgent.Losses.ValueLoss.mean": {
            "value": 0.014197354639569918,
            "min": 0.014197354639569918,
            "max": 0.1177329986045758,
            "count": 8
        },
        "DroneAgent.Losses.ValueLoss.sum": {
            "value": 0.014197354639569918,
            "min": 0.014197354639569918,
            "max": 0.1177329986045758,
            "count": 8
        },
        "DroneAgent.Policy.LearningRate.mean": {
            "value": 0.00029506884164372005,
            "min": 0.00029506884164372005,
            "max": 0.0002993664002111999,
            "count": 8
        },
        "DroneAgent.Policy.LearningRate.sum": {
            "value": 0.00029506884164372005,
            "min": 0.00029506884164372005,
            "max": 0.0002993664002111999,
            "count": 8
        },
        "DroneAgent.Policy.Epsilon.mean": {
            "value": 0.1983562799999999,
            "min": 0.1983562799999999,
            "max": 0.19978880000000007,
            "count": 8
        },
        "DroneAgent.Policy.Epsilon.sum": {
            "value": 0.1983562799999999,
            "min": 0.1983562799999999,
            "max": 0.19978880000000007,
            "count": 8
        },
        "DroneAgent.Policy.Beta.mean": {
            "value": 0.005000000000000001,
            "min": 0.005000000000000001,
            "max": 0.005000000000000001,
            "count": 8
        },
        "DroneAgent.Policy.Beta.sum": {
            "value": 0.005000000000000001,
            "min": 0.005000000000000001,
            "max": 0.005000000000000001,
            "count": 8
        },
        "DroneAgent.Policy.GAILPolicyEstimate.mean": {
            "value": 0.2623438656330109,
            "min": 0.2623438656330109,
            "max": 0.456626229484876,
            "count": 8
        },
        "DroneAgent.Policy.GAILPolicyEstimate.sum": {
            "value": 0.2623438656330109,
            "min": 0.2623438656330109,
            "max": 0.456626229484876,
            "count": 8
        },
        "DroneAgent.Policy.GAILExpertEstimate.mean": {
            "value": 0.7893326004346212,
            "min": 0.4729336510101954,
            "max": 0.7893326004346212,
            "count": 8
        },
        "DroneAgent.Policy.GAILExpertEstimate.sum": {
            "value": 0.7893326004346212,
            "min": 0.4729336510101954,
            "max": 0.7893326004346212,
            "count": 8
        },
        "DroneAgent.Losses.GAILLoss.mean": {
            "value": 0.5844691852728526,
            "min": 0.5844691852728526,
            "max": 1.2808409651120505,
            "count": 8
        },
        "DroneAgent.Losses.GAILLoss.sum": {
            "value": 0.5844691852728526,
            "min": 0.5844691852728526,
            "max": 1.2808409651120505,
            "count": 8
        },
        "DroneAgent.Policy.GAILGradMagLoss.mean": {
            "value": 0.21645121028025946,
            "min": 0.2106491357088089,
            "max": 9.269009908040365,
            "count": 8
        },
        "DroneAgent.Policy.GAILGradMagLoss.sum": {
            "value": 0.21645121028025946,
            "min": 0.2106491357088089,
            "max": 9.269009908040365,
            "count": 8
        },
        "DroneAgent.Losses.PretrainingLoss.mean": {
            "value": 1.0344894815374304,
            "min": 1.0344894815374304,
            "max": 1.1661342691492151,
            "count": 8
        },
        "DroneAgent.Losses.PretrainingLoss.sum": {
            "value": 1.0344894815374304,
            "min": 1.0344894815374304,
            "max": 1.1661342691492151,
            "count": 8
        },
        "DroneAgent.Environment.EpisodeLength.mean": {
            "value": 723.2666666666667,
            "min": 667.0666666666667,
            "max": 748.7333333333333,
            "count": 8
        },
        "DroneAgent.Environment.EpisodeLength.sum": {
            "value": 10849.0,
            "min": 9666.0,
            "max": 12553.0,
            "count": 8
        },
        "DroneAgent.Environment.CumulativeReward.mean": {
            "value": 6.985608863333861,
            "min": 1.1911080331541597,
            "max": 7.138193119550124,
            "count": 8
        },
        "DroneAgent.Environment.CumulativeReward.sum": {
            "value": 104.78413295000792,
            "min": 17.866620497312397,
            "max": 124.73501329496503,
            "count": 8
        },
        "DroneAgent.Policy.ExtrinsicReward.mean": {
            "value": 6.985608863333861,
            "min": 1.1911080331541597,
            "max": 7.138193119550124,
            "count": 8
        },
        "DroneAgent.Policy.ExtrinsicReward.sum": {
            "value": 104.78413295000792,
            "min": 17.866620497312397,
            "max": 124.73501329496503,
            "count": 8
        },
        "DroneAgent.Policy.GailReward.mean": {
            "value": 20.362505463759103,
            "min": 20.362505463759103,
            "max": 56.86903239091237,
            "count": 8
        },
        "DroneAgent.Policy.GailReward.sum": {
            "value": 305.43758195638657,
            "min": 305.43758195638657,
            "max": 853.0354858636856,
            "count": 8
        }
    },
    "metadata": {
        "timer_format_version": "0.1.0",
        "start_time_seconds": "1696726932",
        "python_version": "3.9.13 (tags/v3.9.13:6de2ca5, May 17 2022, 16:36:42) [MSC v.1929 64 bit (AMD64)]",
        "command_line_arguments": "F:\\Unity projects\\Oblig2\\Drone_MLagents\\venv\\Scripts\\mlagents-learn config/DroneAgentNew.yaml --run-id=DroneAgentLETSGO5",
        "mlagents_version": "0.30.0",
        "mlagents_envs_version": "0.30.0",