{
    "name": "root",
    "gauges": {
        "DroneAgent.Policy.Entropy.mean": {
            "value": 0.831728458404541,
            "min": 0.831625759601593,
            "max": 1.4189382791519165,
            "count": 569
        },
        "DroneAgent.Policy.Entropy.sum": {
            "value": 8331.423828125,
            "min": 8216.8583984375,
            "max": 14405.0615234375,
            "count": 569
        },
        "DroneAgent.Step.mean": {
            "value": 5689988.0,
            "min": 9960.0,
            "max": 5689988.0,
            "count": 569
        },
        "DroneAgent.Step.sum": {
            "value": 5689988.0,
            "min": 9960.0,
            "max": 5689988.0,
            "count": 569
        },
        "DroneAgent.Policy.ExtrinsicValueEstimate.mean": {
            "value": 0.4285312294960022,
            "min": -0.7274045944213867,
            "max": 0.5389605760574341,
            "count": 569
        },
        "DroneAgent.Policy.ExtrinsicValueEstimate.sum": {
            "value": 80.56387329101562,
            "min": -115.65733337402344,
            "max": 100.68487548828125,
            "count": 569
        },
        "DroneAgent.Policy.GailValueEstimate.mean": {
            "value": 2.3775196075439453,
            "min": -0.5274960398674011,
            "max": 7.544436454772949,
            "count": 569
        },
        "DroneAgent.Policy.GailValueEstimate.sum": {
            "value": 446.97369384765625,
            "min": -83.87187194824219,
            "max": 1218.5303955078125,
            "count": 569
        },
        "DroneAgent.Environment.EpisodeLength.mean": {
            "value": 267.3953488372093,
            "min": 204.68965517241378,
            "max": 1499.0,
            "count": 569
        },
        "DroneAgent.Environment.EpisodeLength.sum": {
            "value": 11498.0,
            "min": 4038.0,
            "max": 14057.0,
            "count": 569
        },
        "DroneAgent.Environment.CumulativeReward.mean": {
            "value": 0.9409286689108338,
            "min": -0.5762555710195253,
            "max": 1.036561927506617,
            "count": 569
        },
        "DroneAgent.Environment.CumulativeReward.sum": {
            "value": 40.45993276316585,
            "min": -4.959333352278918,
            "max": 51.838732751784846,
            "count": 569
        },
        "DroneAgent.Policy.ExtrinsicReward.mean": {
            "value": 0.9409286689108338,
            "min": -0.5762555710195253,
            "max": 1.036561927506617,
            "count": 569
        },
        "DroneAgent.Policy.ExtrinsicReward.sum": {
            "value": 40.45993276316585,
            "min": -4.959333352278918,
            "max": 51.838732751784846,
            "count": 569
        },
        "DroneAgent.Policy.GailReward.mean": {
            "value": 9.825940551116028,
            "min": 0.6358895234867196,
            "max": 188.54833955234952,
            "count": 569
        },
        "DroneAgent.Policy.GailReward.sum": {
            "value": 422.5154436979892,
            "min": 17.169017134141427,
            "max": 1904.411375597796,
            "count": 569
        },
        "DroneAgent.IsTraining.mean": {
            "value": 1.0,
            "min": 1.0,
            "max": 1.0,
            "count": 569
        },
        "DroneAgent.IsTraining.sum": {
            "value": 1.0,
            "min": 1.0,
            "max": 1.0,
            "count": 569
        },
        "DroneAgent.Losses.PolicyLoss.mean": {
            "value": 0.17564157970870536,
            "min": 0.07648092143548031,
            "max": 0.25498752656082313,
            "count": 568
        },
        "DroneAgent.Losses.PolicyLoss.sum": {
            "value": 0.35128315941741073,
            "min": 0.07648092143548031,
            "max": 0.41882618302091335,
            "count": 568
        },
        "DroneAgent.Losses.ValueLoss.mean": {
            "value": 0.11017092287268801,
            "min": 0.0025748845965911944,
            "max": 3.373254365225633,
            "count": 568
        },
        "DroneAgent.Losses.ValueLoss.sum": {
            "value": 0.22034184574537602,
            "min": 0.0025748845965911944,
            "max": 3.373254365225633,
            "count": 568
        },
        "DroneAgent.Policy.LearningRate.mean": {
            "value": 0.000129438011854015,
            "min": 0.000129438011854015,
            "max": 0.00029969544010152006,
            "count": 568
        },
        "DroneAgent.Policy.LearningRate.sum": {
            "value": 0.00025887602370803,
            "min": 0.00012982964672347,
            "max": 0.00057869808710064,
            "count": 568
        },
        "DroneAgent.Policy.Epsilon.mean": {
            "value": 0.143145985,
            "min": 0.143145985,
            "max": 0.19989848,
            "count": 568
        },
        "DroneAgent.Policy.Epsilon.sum": {
            "value": 0.28629197,
            "min": 0.14327652999999999,
            "max": 0.3928993599999999,
            "count": 568
        },
        "DroneAgent.Policy.Beta.mean": {
            "value": 0.005000000000000001,
            "min": 0.005000000000000001,
            "max": 0.005000000000000001,
            "count": 568
        },
        "DroneAgent.Policy.Beta.sum": {
            "value": 0.010000000000000002,
            "min": 0.005000000000000001,
            "max": 0.010000000000000002,
            "count": 568
        },
        "DroneAgent.Policy.GAILPolicyEstimate.mean": {
            "value": 0.05467401249334216,
            "min": 0.01007313261119028,
            "max": 0.32012770225604376,
            "count": 568
        },
        "DroneAgent.Policy.GAILPolicyEstimate.sum": {
            "value": 0.10934802498668432,
            "min": 0.01007313261119028,
            "max": 0.32012770225604376,
            "count": 568
        },
        "DroneAgent.Policy.GAILExpertEstimate.mean": {
            "value": 0.9469007154305775,
            "min": 0.7447068333625794,
            "max": 0.9919229884942372,
            "count": 568
        },
        "DroneAgent.Policy.GAILExpertEstimate.sum": {
            "value": 1.893801430861155,
            "min": 0.7447068333625794,
            "max": 1.9755994160970052,
            "count": 568
        },
        "DroneAgent.Losses.GAILLoss.mean": {
            "value": 0.14379568938165904,
            "min": 0.019639267524083456,
            "max": 0.7454077035188675,
            "count": 568
        },
        "DroneAgent.Losses.GAILLoss.sum": {
            "value": 0.2875913787633181,
            "min": 0.019639267524083456,
            "max": 0.7454077035188675,
            "count": 568
        },
        "DroneAgent.Policy.GAILGradMagLoss.mean": {
            "value": 0.042503316258080306,
            "min": 0.018951358428845804,
            "max": 9.697191143035889,
            "count": 568
        },
        "DroneAgent.Policy.GAILGradMagLoss.sum": {
            "value": 0.08500663251616061,
            "min": 0.018951358428845804,
            "max": 9.697191143035889,
            "count": 568
        },
        "DroneAgent.Losses.PretrainingLoss.mean": {
            "value": 0.0,
            "min": 0.0,
            "max": 1.0978561374876235,
            "count": 568
        },
        "DroneAgent.Losses.PretrainingLoss.sum": {
            "value": 0.0,
            "min": 0.0,
            "max": 1.0978561374876235,
            "count": 568
        }
    },
    "metadata": {
        "timer_format_version": "0.1.0",
        "start_time_seconds": "1696476526",
        "python_version": "3.9.13 (tags/v3.9.13:6de2ca5, May 17 2022, 16:36:42) [MSC v.1929 64 bit (AMD64)]",
        "command_line_arguments": "F:\\Unity projects\\Oblig2\\Drone_MLagents\\venv\\Scripts\\mlagents-learn config/DroneAgentNew.yaml --run-id=DroneAgent_Reworked",
        "mlagents_version": "0.30.0",
        "mlagents_envs_version": "0.30.0",