{
    "name": "root",
    "gauges": {
        "DroneAgent.Policy.Entropy.mean": {
            "value": 1.6525650024414062,
            "min": 1.0283957719802856,
            "max": 1.6525650024414062,
            "count": 500
        },
        "DroneAgent.Policy.Entropy.sum": {
            "value": 16485.98828125,
            "min": 10211.3603515625,
            "max": 16801.873046875,
            "count": 500
        },
        "DroneAgent.Step.mean": {
            "value": 4999951.0,
            "min": 9975.0,
            "max": 4999951.0,
            "count": 500
        },
        "DroneAgent.Step.sum": {
            "value": 4999951.0,
            "min": 9975.0,
            "max": 4999951.0,
            "count": 500
        },
        "DroneAgent.Policy.ExtrinsicValueEstimate.mean": {
            "value": 0.5923888087272644,
            "min": 0.08236943185329437,
            "max": 0.5936799645423889,
            "count": 500
        },
        "DroneAgent.Policy.ExtrinsicValueEstimate.sum": {
            "value": 94.78221130371094,
            "min": 13.179108619689941,
            "max": 94.78221130371094,
            "count": 500
        },
        "DroneAgent.Policy.GailValueEstimate.mean": {
            "value": 0.0007294355891644955,
            "min": -0.0034610354341566563,
            "max": 0.30903759598731995,
            "count": 500
        },
        "DroneAgent.Policy.GailValueEstimate.sum": {
            "value": 0.11670969426631927,
            "min": -0.550304651260376,
            "max": 49.75505447387695,
            "count": 500
        },
        "DroneAgent.Environment.EpisodeLength.mean": {
            "value": 1300.857142857143,
            "min": 356.5,
            "max": 1499.0,
            "count": 500
        },
        "DroneAgent.Environment.EpisodeLength.sum": {
            "value": 9106.0,
            "min": 3453.0,
            "max": 14510.0,
            "count": 500
        },
        "DroneAgent.Environment.CumulativeReward.mean": {
            "value": 7.73821763162102,
            "min": 0.5080238357186317,
            "max": 9.108388990163803,
            "count": 500
        },
        "DroneAgent.Environment.CumulativeReward.sum": {
            "value": 54.16752342134714,
            "min": 4.6559109799563885,
            "max": 82.25978353992105,
            "count": 500
        },
        "DroneAgent.Policy.ExtrinsicReward.mean": {
            "value": 7.73821763162102,
            "min": 0.5080238357186317,
            "max": 9.108388990163803,
            "count": 500
        },
        "DroneAgent.Policy.ExtrinsicReward.sum": {
            "value": 54.16752342134714,
            "min": 4.6559109799563885,
            "max": 82.25978353992105,
            "count": 500
        },
        "DroneAgent.Policy.GailReward.mean": {
            "value": 0.0029951184417671417,
            "min": 0.0004925714923657565,
            "max": 7.760659293555338,
            "count": 500
        },
        "DroneAgent.Policy.GailReward.sum": {
            "value": 0.020965829092369992,
            "min": 0.003940571938926052,
            "max": 94.46747653219208,
            "count": 500
        },
        "DroneAgent.IsTraining.mean": {
            "value": 1.0,
            "min": 1.0,
            "max": 1.0,
            "count": 500
        },
        "DroneAgent.IsTraining.sum": {
            "value": 1.0,
            "min": 1.0,
            "max": 1.0,
            "count": 500
        },
        "DroneAgent.Losses.PolicyLoss.mean": {
            "value": 0.08665025398950092,
            "min": 0.059325055862427686,
            "max": 0.12879453895438928,
            "count": 251
        },
        "DroneAgent.Losses.PolicyLoss.sum": {
            "value": 0.08665025398950092,
            "min": 0.059325055862427686,
            "max": 0.12879453895438928,
            "count": 251
        },
        "DroneAgent.Losses.ValueLoss.mean": {
            "value": 0.0008028160140383988,
            "min": 0.00032139643117261584,
            "max": 0.06494406559504569,
            "count": 251
        },
        "DroneAgent.Losses.ValueLoss.sum": {
            "value": 0.0008028160140383988,
            "min": 0.00032139643117261584,
            "max": 0.06494406559504569,
            "count": 251
        },
        "DroneAgent.Policy.LearningRate.mean": {
            "value": 1.1396998860400184e-06,
            "min": 1.1396998860400184e-06,
            "max": 0.00099604620039538,
            "count": 251
        },
        "DroneAgent.Policy.LearningRate.sum": {
            "value": 1.1396998860400184e-06,
            "min": 1.1396998860400184e-06,
            "max": 0.00099604620039538,
            "count": 251
        },
        "DroneAgent.Policy.Epsilon.mean": {
            "value": 0.10011396000000002,
            "min": 0.10011396000000002,
            "max": 0.19960462,
            "count": 251
        },
        "DroneAgent.Policy.Epsilon.sum": {
            "value": 0.10011396000000002,
            "min": 0.10011396000000002,
            "max": 0.19960462,
            "count": 251
        },
        "DroneAgent.Policy.Beta.mean": {
            "value": 0.01,
            "min": 0.01,
            "max": 0.01,
            "count": 251
        },
        "DroneAgent.Policy.Beta.sum": {
            "value": 0.01,
            "min": 0.01,
            "max": 0.01,
            "count": 251
        },
        "DroneAgent.Policy.GAILPolicyEstimate.mean": {
            "value": 9.665751072134299e-05,
            "min": 4.25657629421039e-05,
            "max": 0.07129219472408295,
            "count": 251
        },
        "DroneAgent.Policy.GAILPolicyEstimate.sum": {
            "value": 9.665751072134299e-05,
            "min": 4.25657629421039e-05,
            "max": 0.07129219472408295,
            "count": 251
        },
        "DroneAgent.Policy.GAILExpertEstimate.mean": {
            "value": 0.9999855190515519,
            "min": 0.9983811855316163,
            "max": 0.9999888345599175,
            "count": 251
        },
        "DroneAgent.Policy.GAILExpertEstimate.sum": {
            "value": 0.9999855190515519,
            "min": 0.9983811855316163,
            "max": 0.9999888345599175,
            "count": 251
        },
        "DroneAgent.Losses.GAILLoss.mean": {
            "value": 0.00011367303359293146,
            "min": 6.797191986152029e-05,
            "max": 0.08204075731337071,
            "count": 251
        },
        "DroneAgent.Losses.GAILLoss.sum": {
            "value": 0.00011367303359293146,
            "min": 6.797191986152029e-05,
            "max": 0.08204075731337071,
            "count": 251
        },
        "DroneAgent.Policy.GAILGradMagLoss.mean": {
            "value": 0.0007103590534825344,
            "min": 0.0005220854913204675,
            "max": 0.11359231760725379,
            "count": 251
        },
        "DroneAgent.Policy.GAILGradMagLoss.sum": {
            "value": 0.0007103590534825344,
            "min": 0.0005220854913204675,
            "max": 0.11359231760725379,
            "count": 251
        },
        "DroneAgent.Losses.PretrainingLoss.mean": {
            "value": 0.0,
            "min": 0.0,
            "max": 2.087355609525714,
            "count": 251
        },
        "DroneAgent.Losses.PretrainingLoss.sum": {
            "value": 0.0,
            "min": 0.0,
            "max": 2.087355609525714,
            "count": 251
        }
    },
    "metadata": {
        "timer_format_version": "0.1.0",
        "start_time_seconds": "1696840997",
        "python_version": "3.9.13 (tags/v3.9.13:6de2ca5, May 17 2022, 16:36:42) [MSC v.1929 64 bit (AMD64)]",
        "command_line_arguments": "F:\\Unity projects\\Oblig2\\Drone_MLagents\\venv\\Scripts\\mlagents-learn config/DroneAgent.yaml --initialize-from=DroneAgent_New_More_Brain_SmallGoal_Rng --run-id=DroneAgent_New_More_Brain_SmallGoal_Rng_Dome",
        "mlagents_version": "0.30.0",