{
    "name": "root",
    "gauges": {
        "DroneAgent.Policy.Entropy.mean": {
            "value": 1.0954501628875732,
            "min": 0.8822861909866333,
            "max": 1.0954501628875732,
            "count": 500
        },
        "DroneAgent.Policy.Entropy.sum": {
            "value": 10866.865234375,
            "min": 8666.27734375,
            "max": 11164.4404296875,
            "count": 500
        },
        "DroneAgent.Step.mean": {
            "value": 4999955.0,
            "min": 9984.0,
            "max": 4999955.0,
            "count": 500
        },
        "DroneAgent.Step.sum": {
            "value": 4999955.0,
            "min": 9984.0,
            "max": 4999955.0,
            "count": 500
        },
        "DroneAgent.Policy.ExtrinsicValueEstimate.mean": {
            "value": 0.9083455801010132,
            "min": -0.02741193398833275,
            "max": 2.718925952911377,
            "count": 500
        },
        "DroneAgent.Policy.ExtrinsicValueEstimate.sum": {
            "value": 145.33529663085938,
            "min": -4.358497619628906,
            "max": 424.1524658203125,
            "count": 500
        },
        "DroneAgent.Policy.GailValueEstimate.mean": {
            "value": 0.016955938190221786,
            "min": -0.03910120576620102,
            "max": 3.1324970722198486,
            "count": 500
        },
        "DroneAgent.Policy.GailValueEstimate.sum": {
            "value": 2.7129499912261963,
            "min": -6.334395408630371,
            "max": 501.19952392578125,
            "count": 500
        },
        "DroneAgent.IsTraining.mean": {
            "value": 1.0,
            "min": 1.0,
            "max": 1.0,
            "count": 500
        },
        "DroneAgent.IsTraining.sum": {
            "value": 1.0,
            "min": 1.0,
            "max": 1.0,
            "count": 500
        },
        "DroneAgent.Environment.EpisodeLength.mean": {
            "value": 1385.5555555555557,
            "min": 489.0,
            "max": 1499.0,
            "count": 498
        },
        "DroneAgent.Environment.EpisodeLength.sum": {
            "value": 12470.0,
            "min": 1499.0,
            "max": 19747.0,
            "count": 498
        },
        "DroneAgent.Environment.CumulativeReward.mean": {
            "value": 15.240026233303878,
            "min": -2.7708766818977892,
            "max": 17.60141326021403,
            "count": 498
        },
        "DroneAgent.Environment.CumulativeReward.sum": {
            "value": 137.1602360997349,
            "min": -20.785531167144654,
            "max": 213.62443412048742,
            "count": 498
        },
        "DroneAgent.Policy.ExtrinsicReward.mean": {
            "value": 15.240026233303878,
            "min": -2.7708766818977892,
            "max": 17.60141326021403,
            "count": 498
        },
        "DroneAgent.Policy.ExtrinsicReward.sum": {
            "value": 137.1602360997349,
            "min": -20.785531167144654,
            "max": 213.62443412048742,
            "count": 498
        },
        "DroneAgent.Policy.GailReward.mean": {
            "value": 0.28507358727096843,
            "min": 0.11765023394102177,
            "max": 77.98163668233889,
            "count": 498
        },
        "DroneAgent.Policy.GailReward.sum": {
            "value": 2.565662285438716,
            "min": 0.3529507018230653,
            "max": 623.8530934587111,
            "count": 498
        },
        "DroneAgent.Losses.PolicyLoss.mean": {
            "value": 0.07277235003421083,
            "min": 0.053731693123700096,
            "max": 0.1321831797482446,
            "count": 250
        },
        "DroneAgent.Losses.PolicyLoss.sum": {
            "value": 0.07277235003421083,
            "min": 0.053731693123700096,
            "max": 0.1321831797482446,
            "count": 250
        },
        "DroneAgent.Losses.ValueLoss.mean": {
            "value": 0.009172396291978658,
            "min": 0.006671474332688376,
            "max": 2.9028107479214666,
            "count": 250
        },
        "DroneAgent.Losses.ValueLoss.sum": {
            "value": 0.009172396291978658,
            "min": 0.006671474332688376,
            "max": 2.9028107479214666,
            "count": 250
        },
        "DroneAgent.Policy.LearningRate.mean": {
            "value": 1.7168998283199627e-06,
            "min": 1.7168998283199627e-06,
            "max": 0.0009959348004065201,
            "count": 250
        },
        "DroneAgent.Policy.LearningRate.sum": {
            "value": 1.7168998283199627e-06,
            "min": 1.7168998283199627e-06,
            "max": 0.0009959348004065201,
            "count": 250
        },
        "DroneAgent.Policy.Epsilon.mean": {
            "value": 0.10017168000000001,
            "min": 0.10017168000000001,
            "max": 0.19959348000000002,
            "count": 250
        },
        "DroneAgent.Policy.Epsilon.sum": {
            "value": 0.10017168000000001,
            "min": 0.10017168000000001,
            "max": 0.19959348000000002,
            "count": 250
        },
        "DroneAgent.Policy.Beta.mean": {
            "value": 0.01,
            "min": 0.01,
            "max": 0.01,
            "count": 250
        },
        "DroneAgent.Policy.Beta.sum": {
            "value": 0.01,
            "min": 0.01,
            "max": 0.01,
            "count": 250
        },
        "DroneAgent.Policy.GAILPolicyEstimate.mean": {
            "value": 0.0006404193340131314,
            "min": 0.0005436636616650503,
            "max": 0.03151267406065017,
            "count": 250
        },
        "DroneAgent.Policy.GAILPolicyEstimate.sum": {
            "value": 0.0006404193340131314,
            "min": 0.0005436636616650503,
            "max": 0.03151267406065017,
            "count": 250
        },
        "DroneAgent.Policy.GAILExpertEstimate.mean": {
            "value": 0.9996805861592293,
            "min": 0.9789639875292778,
            "max": 0.9999350190162659,
            "count": 250
        },
        "DroneAgent.Policy.GAILExpertEstimate.sum": {
            "value": 0.9996805861592293,
            "min": 0.9789639875292778,
            "max": 0.9999350190162659,
            "count": 250
        },
        "DroneAgent.Losses.GAILLoss.mean": {
            "value": 0.0009939131057763006,
            "min": 0.0007073422279063379,
            "max": 0.059169015102088454,
            "count": 250
        },
        "DroneAgent.Losses.GAILLoss.sum": {
            "value": 0.0009939131057763006,
            "min": 0.0007073422279063379,
            "max": 0.059169015102088454,
            "count": 250
        },
        "DroneAgent.Policy.GAILGradMagLoss.mean": {
            "value": 0.008765753987245262,
            "min": 0.007830980245489626,
            "max": 0.20092513263225556,
            "count": 250
        },
        "DroneAgent.Policy.GAILGradMagLoss.sum": {
            "value": 0.008765753987245262,
            "min": 0.007830980245489626,
            "max": 0.20092513263225556,
            "count": 250
        },
        "DroneAgent.Losses.PretrainingLoss.mean": {
            "value": 0.0,
            "min": 0.0,
            "max": 1.6158686117692427,
            "count": 250
        },
        "DroneAgent.Losses.PretrainingLoss.sum": {
            "value": 0.0,
            "min": 0.0,
            "max": 1.6158686117692427,
            "count": 250
        }
    },
    "metadata": {
        "timer_format_version": "0.1.0",
        "start_time_seconds": "1699627400",
        "python_version": "3.9.13 (tags/v3.9.13:6de2ca5, May 17 2022, 16:36:42) [MSC v.1929 64 bit (AMD64)]",
        "command_line_arguments": "C:\\Users\\thoma\\AppData\\Local\\Programs\\Python\\Python39\\Scripts\\mlagents-learn config\\DroneAgent.yaml --initialize-from=DroneAgentNew4 --run-id=DroneAgentNew5",
        "mlagents_version": "0.30.0",
        "mlagents_envs_version": "0.30.0",