{
    "name": "root",
    "gauges": {
        "DroneAgent.Policy.Entropy.mean": {
            "value": 2.379699468612671,
            "min": 2.0054280757904053,
            "max": 2.379699468612671,
            "count": 500
        },
        "DroneAgent.Policy.Entropy.sum": {
            "value": 23637.5546875,
            "min": 19242.8046875,
            "max": 24534.765625,
            "count": 500
        },
        "DroneAgent.Step.mean": {
            "value": 4999992.0,
            "min": 9972.0,
            "max": 4999992.0,
            "count": 500
        },
        "DroneAgent.Step.sum": {
            "value": 4999992.0,
            "min": 9972.0,
            "max": 4999992.0,
            "count": 500
        },
        "DroneAgent.Policy.ExtrinsicValueEstimate.mean": {
            "value": 0.18009497225284576,
            "min": -0.1317208856344223,
            "max": 0.37577834725379944,
            "count": 500
        },
        "DroneAgent.Policy.ExtrinsicValueEstimate.sum": {
            "value": 28.27490997314453,
            "min": -20.680179595947266,
            "max": 59.37297821044922,
            "count": 500
        },
        "DroneAgent.Policy.GailValueEstimate.mean": {
            "value": 0.06788656115531921,
            "min": 0.023404933512210846,
            "max": 0.5293385982513428,
            "count": 500
        },
        "DroneAgent.Policy.GailValueEstimate.sum": {
            "value": 10.65818977355957,
            "min": 3.674574613571167,
            "max": 83.635498046875,
            "count": 500
        },
        "DroneAgent.Environment.EpisodeLength.mean": {
            "value": 1940.5,
            "min": 371.0,
            "max": 2999.0,
            "count": 494
        },
        "DroneAgent.Environment.EpisodeLength.sum": {
            "value": 3881.0,
            "min": 371.0,
            "max": 23992.0,
            "count": 494
        },
        "DroneAgent.Environment.CumulativeReward.mean": {
            "value": 3.9117399870301597,
            "min": -2.7784370509907603,
            "max": 7.978308085701428,
            "count": 494
        },
        "DroneAgent.Environment.CumulativeReward.sum": {
            "value": 7.823479974060319,
            "min": -21.18578259460628,
            "max": 52.896234836720396,
            "count": 494
        },
        "DroneAgent.Policy.ExtrinsicReward.mean": {
            "value": 3.9117399870301597,
            "min": -2.7784370509907603,
            "max": 7.978308085701428,
            "count": 494
        },
        "DroneAgent.Policy.ExtrinsicReward.sum": {
            "value": 7.823479974060319,
            "min": -21.18578259460628,
            "max": 52.896234836720396,
            "count": 494
        },
        "DroneAgent.Policy.GailReward.mean": {
            "value": 1.7835541447564367,
            "min": 0.1099504256480562,
            "max": 322.9313448409531,
            "count": 494
        },
        "DroneAgent.Policy.GailReward.sum": {
            "value": 3.5671082895128734,
            "min": 0.11163124174527184,
            "max": 1614.6567242047654,
            "count": 494
        },
        "DroneAgent.IsTraining.mean": {
            "value": 1.0,
            "min": 1.0,
            "max": 1.0,
            "count": 500
        },
        "DroneAgent.IsTraining.sum": {
            "value": 1.0,
            "min": 1.0,
            "max": 1.0,
            "count": 500
        },
        "DroneAgent.Losses.PolicyLoss.mean": {
            "value": 0.07874695645368775,
            "min": 0.054700269692693836,
            "max": 0.13306051364634186,
            "count": 246
        },
        "DroneAgent.Losses.PolicyLoss.sum": {
            "value": 0.07874695645368775,
            "min": 0.054700269692693836,
            "max": 0.13306051364634186,
            "count": 246
        },
        "DroneAgent.Losses.ValueLoss.mean": {
            "value": 0.005839707626728341,
            "min": 0.00012000722681477782,
            "max": 38.78007053952897,
            "count": 246
        },
        "DroneAgent.Losses.ValueLoss.sum": {
            "value": 0.005839707626728341,
            "min": 0.00012000722681477782,
            "max": 38.78007053952897,
            "count": 246
        },
        "DroneAgent.Policy.LearningRate.mean": {
            "value": 3.58499964159981e-07,
            "min": 3.58499964159981e-07,
            "max": 0.00099571420042858,
            "count": 246
        },
        "DroneAgent.Policy.LearningRate.sum": {
            "value": 3.58499964159981e-07,
            "min": 3.58499964159981e-07,
            "max": 0.00099571420042858,
            "count": 246
        },
        "DroneAgent.Policy.Epsilon.mean": {
            "value": 0.10003584000000001,
            "min": 0.10003584000000001,
            "max": 0.19957142,
            "count": 246
        },
        "DroneAgent.Policy.Epsilon.sum": {
            "value": 0.10003584000000001,
            "min": 0.10003584000000001,
            "max": 0.19957142,
            "count": 246
        },
        "DroneAgent.Policy.Beta.mean": {
            "value": 0.01,
            "min": 0.01,
            "max": 0.01,
            "count": 246
        },
        "DroneAgent.Policy.Beta.sum": {
            "value": 0.01,
            "min": 0.01,
            "max": 0.01,
            "count": 246
        },
        "DroneAgent.Policy.GAILPolicyEstimate.mean": {
            "value": 0.000669701728702421,
            "min": 0.00037064029074826974,
            "max": 0.005855808443084243,
            "count": 246
        },
        "DroneAgent.Policy.GAILPolicyEstimate.sum": {
            "value": 0.000669701728702421,
            "min": 0.00037064029074826974,
            "max": 0.005855808443084243,
            "count": 246
        },
        "DroneAgent.Policy.GAILExpertEstimate.mean": {
            "value": 0.9999553665518761,
            "min": 0.997356191277504,
            "max": 0.9999727189540863,
            "count": 246
        },
        "DroneAgent.Policy.GAILExpertEstimate.sum": {
            "value": 0.9999553665518761,
            "min": 0.997356191277504,
            "max": 0.9999727189540863,
            "count": 246
        },
        "DroneAgent.Losses.GAILLoss.mean": {
            "value": 0.000736744629284658,
            "min": 0.00045042689307592807,
            "max": 0.020751996089529712,
            "count": 246
        },
        "DroneAgent.Losses.GAILLoss.sum": {
            "value": 0.000736744629284658,
            "min": 0.00045042689307592807,
            "max": 0.020751996089529712,
            "count": 246
        },
        "DroneAgent.Policy.GAILGradMagLoss.mean": {
            "value": 0.0021461931188241578,
            "min": 0.0008392307987378445,
            "max": 0.01440850542858243,
            "count": 246
        },
        "DroneAgent.Policy.GAILGradMagLoss.sum": {
            "value": 0.0021461931188241578,
            "min": 0.0008392307987378445,
            "max": 0.01440850542858243,
            "count": 246
        },
        "DroneAgent.Losses.PretrainingLoss.mean": {
            "value": 0.0,
            "min": 0.0,
            "max": 5.878524822658963,
            "count": 246
        },
        "DroneAgent.Losses.PretrainingLoss.sum": {
            "value": 0.0,
            "min": 0.0,
            "max": 5.878524822658963,
            "count": 246
        }
    },
    "metadata": {
        "timer_format_version": "0.1.0",
        "start_time_seconds": "1699734664",
        "python_version": "3.9.13 (tags/v3.9.13:6de2ca5, May 17 2022, 16:36:42) [MSC v.1929 64 bit (AMD64)]",
        "command_line_arguments": "C:\\Users\\thoma\\AppData\\Local\\Programs\\Python\\Python39\\Scripts\\mlagents-learn config\\DroneAgent.yaml --initialize-from=DroneAgentFineTune6 --run-id=DroneAgentMG7",
        "mlagents_version": "0.30.0",
        "mlagents_envs_version": "0.30.0",
        "communication_protocol_version": "1.5.0",