{
    "name": "root",
    "gauges": {
        "DroneAgent.Policy.Entropy.mean": {
            "value": -8.05675220489502,
            "min": -8.05675220489502,
            "max": -8.056710243225098,
            "count": 2
        },
        "DroneAgent.Policy.Entropy.sum": {
            "value": -160732.203125,
            "min": -163535.109375,
            "max": -160732.203125,
            "count": 2
        },
        "DroneAgent.Step.mean": {
            "value": 39986.0,
            "min": 19997.0,
            "max": 39986.0,
            "count": 2
        },
        "DroneAgent.Step.sum": {
            "value": 39986.0,
            "min": 19997.0,
            "max": 39986.0,
            "count": 2
        },
        "DroneAgent.Policy.ExtrinsicValueEstimate.mean": {
            "value": -0.08645341545343399,
            "min": -0.17402657866477966,
            "max": -0.08645341545343399,
            "count": 2
        },
        "DroneAgent.Policy.ExtrinsicValueEstimate.sum": {
            "value": -27.492185592651367,
            "min": -55.51448059082031,
            "max": -27.492185592651367,
            "count": 2
        },
        "DroneAgent.Policy.GailValueEstimate.mean": {
            "value": 1.7370935678482056,
            "min": 1.119415283203125,
            "max": 1.7370935678482056,
            "count": 2
        },
        "DroneAgent.Policy.GailValueEstimate.sum": {
            "value": 552.395751953125,
            "min": 357.0934753417969,
            "max": 552.395751953125,
            "count": 2
        },
        "DroneAgent.Losses.PolicyLoss.mean": {
            "value": 0.2888184559393536,
            "min": 0.2888184559393536,
            "max": 0.2935455727993565,
            "count": 2
        },
        "DroneAgent.Losses.PolicyLoss.sum": {
            "value": 5.198732206908366,
            "min": 4.99027473758906,
            "max": 5.198732206908366,
            "count": 2
        },
        "DroneAgent.Losses.ValueLoss.mean": {
            "value": 0.23607984548895425,
            "min": 0.23607984548895425,
            "max": 0.958512578319927,
            "count": 2
        },
        "DroneAgent.Losses.ValueLoss.sum": {
            "value": 4.249437218801177,
            "min": 4.249437218801177,
            "max": 16.29471383143876,
            "count": 2
        },
        "DroneAgent.Policy.LearningRate.mean": {
            "value": 0.0002982110172629944,
            "min": 0.0002982110172629944,
            "max": 0.0002993819260883776,
            "count": 2
        },
        "DroneAgent.Policy.LearningRate.sum": {
            "value": 0.0053677983107338996,
            "min": 0.005089492743502419,
            "max": 0.0053677983107338996,
            "count": 2
        },
        "DroneAgent.Policy.Epsilon.mean": {
            "value": 0.19940367222222224,
            "min": 0.19940367222222224,
            "max": 0.19979397529411766,
            "count": 2
        },
        "DroneAgent.Policy.Epsilon.sum": {
            "value": 3.5892661000000006,
            "min": 3.39649758,
            "max": 3.5892661000000006,
            "count": 2
        },
        "DroneAgent.Policy.Beta.mean": {
            "value": 0.0004970779938888889,
            "min": 0.0004970779938888889,
            "max": 0.0004989904789411766,
            "count": 2
        },
        "DroneAgent.Policy.Beta.sum": {
            "value": 0.00894740389,
            "min": 0.008482838142000002,
            "max": 0.00894740389,
            "count": 2
        },
        "DroneAgent.Policy.GAILPolicyEstimate.mean": {
            "value": 0.02387355153237473,
            "min": 0.02387355153237473,
            "max": 0.025078663614171624,
            "count": 2
        },
        "DroneAgent.Policy.GAILPolicyEstimate.sum": {
            "value": 0.42972392758274514,
            "min": 0.4263372814409176,
            "max": 0.42972392758274514,
            "count": 2
        },
        "DroneAgent.Policy.GAILExpertEstimate.mean": {
            "value": 0.9743448854596528,
            "min": 0.9743448854596528,
            "max": 0.977706706699203,
            "count": 2
        },
        "DroneAgent.Policy.GAILExpertEstimate.sum": {
            "value": 17.53820793827375,
            "min": 16.62101401388645,
            "max": 17.53820793827375,
            "count": 2
        },
        "DroneAgent.Losses.GAILLoss.mean": {
            "value": 0.052934421478615455,
            "min": 0.052934421478615455,
            "max": 0.05322455957203226,
            "count": 2
        },
        "DroneAgent.Losses.GAILLoss.sum": {
            "value": 0.9528195866150782,
            "min": 0.9048175127245485,
            "max": 0.9528195866150782,
            "count": 2
        },
        "DroneAgent.Policy.GAILGradMagLoss.mean": {
            "value": 0.04558475626442857,
            "min": 0.03839817338659629,
            "max": 0.04558475626442857,
            "count": 2
        },
        "DroneAgent.Policy.GAILGradMagLoss.sum": {
            "value": 0.8205256127597144,
            "min": 0.6527689475721369,
            "max": 0.8205256127597144,
            "count": 2
        },
        "DroneAgent.Losses.PretrainingLoss.mean": {
            "value": 0.0011455826219861154,
            "min": 0.0011455826219861154,
            "max": 0.001153268815456506,
            "count": 2
        },
        "DroneAgent.Losses.PretrainingLoss.sum": {
            "value": 0.02062048719575008,
            "min": 0.019605569862760602,
            "max": 0.02062048719575008,
            "count": 2
        },
        "DroneAgent.Environment.EpisodeLength.mean": {
            "value": 1317.0714285714287,
            "min": 914.3888888888889,
            "max": 1317.0714285714287,
            "count": 2
        },
        "DroneAgent.Environment.EpisodeLength.sum": {
            "value": 18439.0,
            "min": 16459.0,
            "max": 18439.0,
            "count": 2
        },
        "DroneAgent.Environment.CumulativeReward.mean": {
            "value": -0.7142857142857143,
            "min": -1.0,
            "max": -0.7142857142857143,
            "count": 2
        },
        "DroneAgent.Environment.CumulativeReward.sum": {
            "value": -10.0,
            "min": -18.0,
            "max": -10.0,
            "count": 2
        },
        "DroneAgent.Policy.ExtrinsicReward.mean": {
            "value": -0.7142857142857143,
            "min": -1.0,
            "max": -0.7142857142857143,
            "count": 2
        },
        "DroneAgent.Policy.ExtrinsicReward.sum": {
            "value": -10.0,
            "min": -18.0,
            "max": -10.0,
            "count": 2
        },
        "DroneAgent.Policy.GailReward.mean": {
            "value": 28.24519383266634,
            "min": 19.233816960572867,
            "max": 28.24519383266634,
            "count": 2
        },
        "DroneAgent.Policy.GailReward.sum": {
            "value": 395.4327136573288,
            "min": 346.2087052903116,
            "max": 395.4327136573288,
            "count": 2
        },
        "DroneAgent.IsTraining.mean": {
            "value": 1.0,
            "min": 1.0,
            "max": 1.0,
            "count": 2
        },
        "DroneAgent.IsTraining.sum": {
            "value": 1.0,
            "min": 1.0,
            "max": 1.0,
            "count": 2
        }
    },
    "metadata": {
        "timer_format_version": "0.1.0",
        "start_time_seconds": "1696350948",
        "python_version": "3.9.13 (tags/v3.9.13:6de2ca5, May 17 2022, 16:36:42) [MSC v.1929 64 bit (AMD64)]",
        "command_line_arguments": "F:\\Unity projects\\Oblig2\\Drone_MLagents\\venv\\Scripts\\mlagents-learn config/DroneAgent.yaml --initialize-from=DroneAgentMoveForwardnewTraining3 --run-id=DroneAgentMoveForwardnewTraining5",
        "mlagents_version": "0.30.0",
        "mlagents_envs_version": "0.30.0",
        "communication_protocol_version": "1.5.0",