{
    "name": "root",
    "gauges": {
        "DroneAgent.Policy.Entropy.mean": {
            "value": 0.7531202435493469,
            "min": 0.7501242756843567,
            "max": 0.8339415788650513,
            "count": 142
        },
        "DroneAgent.Policy.Entropy.sum": {
            "value": 7446.85302734375,
            "min": 7333.68994140625,
            "max": 8838.060546875,
            "count": 142
        },
        "DroneAgent.Step.mean": {
            "value": 1419991.0,
            "min": 9989.0,
            "max": 1419991.0,
            "count": 142
        },
        "DroneAgent.Step.sum": {
            "value": 1419991.0,
            "min": 9989.0,
            "max": 1419991.0,
            "count": 142
        },
        "DroneAgent.Policy.ExtrinsicValueEstimate.mean": {
            "value": -0.08083991706371307,
            "min": -0.2849934995174408,
            "max": -0.01697143167257309,
            "count": 142
        },
        "DroneAgent.Policy.ExtrinsicValueEstimate.sum": {
            "value": -13.17690658569336,
            "min": -47.023929595947266,
            "max": -2.766343355178833,
            "count": 142
        },
        "DroneAgent.Policy.GailValueEstimate.mean": {
            "value": 0.2515796720981598,
            "min": 0.02566692978143692,
            "max": 0.4633597433567047,
            "count": 142
        },
        "DroneAgent.Policy.GailValueEstimate.sum": {
            "value": 41.00748825073242,
            "min": 4.0810418128967285,
            "max": 81.55131530761719,
            "count": 142
        },
        "DroneAgent.Environment.EpisodeLength.mean": {
            "value": 915.4545454545455,
            "min": 270.5,
            "max": 1342.6,
            "count": 142
        },
        "DroneAgent.Environment.EpisodeLength.sum": {
            "value": 10070.0,
            "min": 3774.0,
            "max": 16487.0,
            "count": 142
        },
        "DroneAgent.Environment.CumulativeReward.mean": {
            "value": -0.9254363492443438,
            "min": -1.0963237992421324,
            "max": -0.207206051846945,
            "count": 142
        },
        "DroneAgent.Environment.CumulativeReward.sum": {
            "value": -10.179799841687782,
            "min": -27.79426643170882,
            "max": -2.279266570316395,
            "count": 142
        },
        "DroneAgent.Policy.ExtrinsicReward.mean": {
            "value": -0.9254363492443438,
            "min": -1.0963237992421324,
            "max": -0.207206051846945,
            "count": 142
        },
        "DroneAgent.Policy.ExtrinsicReward.sum": {
            "value": -10.179799841687782,
            "min": -27.79426643170882,
            "max": -2.279266570316395,
            "count": 142
        },
        "DroneAgent.Policy.GailReward.mean": {
            "value": 2.1366169708850475,
            "min": 0.668509038801007,
            "max": 4.323641241394072,
            "count": 142
        },
        "DroneAgent.Policy.GailReward.sum": {
            "value": 23.50278667973552,
            "min": 7.395443720263115,
            "max": 91.66114492975666,
            "count": 142
        },
        "DroneAgent.IsTraining.mean": {
            "value": 1.0,
            "min": 1.0,
            "max": 1.0,
            "count": 142
        },
        "DroneAgent.IsTraining.sum": {
            "value": 1.0,
            "min": 1.0,
            "max": 1.0,
            "count": 142
        },
        "DroneAgent.Losses.PolicyLoss.mean": {
            "value": 0.15949461267640194,
            "min": 0.08741901762938747,
            "max": 0.20858909098121026,
            "count": 141
        },
        "DroneAgent.Losses.PolicyLoss.sum": {
            "value": 0.15949461267640194,
            "min": 0.08741901762938747,
            "max": 0.4171781819624205,
            "count": 141
        },
        "DroneAgent.Losses.ValueLoss.mean": {
            "value": 0.003088717352754126,
            "min": 0.001267988341472422,
            "max": 0.029034708781788748,
            "count": 141
        },
        "DroneAgent.Losses.ValueLoss.sum": {
            "value": 0.003088717352754126,
            "min": 0.001267988341472422,
            "max": 0.029034708781788748,
            "count": 141
        },
        "DroneAgent.Policy.LearningRate.mean": {
            "value": 0.00021494834835055998,
            "min": 0.00021494834835055998,
            "max": 0.00029909655030114997,
            "count": 141
        },
        "DroneAgent.Policy.LearningRate.sum": {
            "value": 0.00021494834835055998,
            "min": 0.00021494834835055998,
            "max": 0.0005981931006022999,
            "count": 141
        },
        "DroneAgent.Policy.Epsilon.mean": {
            "value": 0.17164944000000007,
            "min": 0.17164944000000007,
            "max": 0.19969884999999998,
            "count": 141
        },
        "DroneAgent.Policy.Epsilon.sum": {
            "value": 0.17164944000000007,
            "min": 0.17164944000000007,
            "max": 0.39939769999999997,
            "count": 141
        },
        "DroneAgent.Policy.Beta.mean": {
            "value": 0.005000000000000001,
            "min": 0.005000000000000001,
            "max": 0.005000000000000001,
            "count": 141
        },
        "DroneAgent.Policy.Beta.sum": {
            "value": 0.005000000000000001,
            "min": 0.005000000000000001,
            "max": 0.010000000000000002,
            "count": 141
        },
        "DroneAgent.Policy.GAILPolicyEstimate.mean": {
            "value": 0.021780075846860807,
            "min": 0.011891682469286024,
            "max": 0.04817989971488714,
            "count": 141
        },
        "DroneAgent.Policy.GAILPolicyEstimate.sum": {
            "value": 0.021780075846860807,
            "min": 0.011891682469286024,
            "max": 0.0833568117270867,
            "count": 141
        },
        "DroneAgent.Policy.GAILExpertEstimate.mean": {
            "value": 0.9966495831807455,
            "min": 0.9917981485525768,
            "max": 0.997916700442632,
            "count": 141
        },
        "DroneAgent.Policy.GAILExpertEstimate.sum": {
            "value": 0.9966495831807455,
            "min": 0.9917981485525768,
            "max": 1.992078415552775,
            "count": 141
        },
        "DroneAgent.Losses.GAILLoss.mean": {
            "value": 0.027361094035829106,
            "min": 0.015490648228054245,
            "max": 0.0613215113679568,
            "count": 141
        },
        "DroneAgent.Losses.GAILLoss.sum": {
            "value": 0.027361094035829106,
            "min": 0.015490648228054245,
            "max": 0.10600846248368423,
            "count": 141
        },
        "DroneAgent.Policy.GAILGradMagLoss.mean": {
            "value": 0.04162687572340171,
            "min": 0.017181350694348414,
            "max": 0.27481345590204,
            "count": 141
        },
        "DroneAgent.Policy.GAILGradMagLoss.sum": {
            "value": 0.04162687572340171,
            "min": 0.017181350694348414,
            "max": 0.27481345590204,
            "count": 141
        },
        "DroneAgent.Losses.PretrainingLoss.mean": {
            "value": 0.0,
            "min": 0.0,
            "max": 0.7904651896995412,
            "count": 141
        },
        "DroneAgent.Losses.PretrainingLoss.sum": {
            "value": 0.0,
            "min": 0.0,
            "max": 1.5809303793990823,
            "count": 141
        }
    },
    "metadata": {
        "timer_format_version": "0.1.0",
        "start_time_seconds": "1696549909",
        "python_version": "3.9.13 (tags/v3.9.13:6de2ca5, May 17 2022, 16:36:42) [MSC v.1929 64 bit (AMD64)]",