{
    "name": "root",
    "gauges": {
        "DroneAgent.Policy.Entropy.mean": {
            "value": 1.4334977865219116,
            "min": 1.36951744556427,
            "max": 1.4367215633392334,
            "count": 384
        },
        "DroneAgent.Policy.Entropy.sum": {
            "value": 14432.4560546875,
            "min": 13467.4482421875,
            "max": 15256.4248046875,
            "count": 384
        },
        "DroneAgent.Step.mean": {
            "value": 3839996.0,
            "min": 9984.0,
            "max": 3839996.0,
            "count": 384
        },
        "DroneAgent.Step.sum": {
            "value": 3839996.0,
            "min": 9984.0,
            "max": 3839996.0,
            "count": 384
        },
        "DroneAgent.Policy.ExtrinsicValueEstimate.mean": {
            "value": -0.1234329342842102,
            "min": -0.2320239245891571,
            "max": 1.0995752811431885,
            "count": 384
        },
        "DroneAgent.Policy.ExtrinsicValueEstimate.sum": {
            "value": -20.11956787109375,
            "min": -37.81990051269531,
            "max": 171.53375244140625,
            "count": 384
        },
        "DroneAgent.Policy.GailValueEstimate.mean": {
            "value": 1.4853174686431885,
            "min": -0.10466419160366058,
            "max": 3.6128957271575928,
            "count": 384
        },
        "DroneAgent.Policy.GailValueEstimate.sum": {
            "value": 242.10675048828125,
            "min": -16.327613830566406,
            "max": 581.6762084960938,
            "count": 384
        },
        "DroneAgent.IsTraining.mean": {
            "value": 1.0,
            "min": 1.0,
            "max": 1.0,
            "count": 384
        },
        "DroneAgent.IsTraining.sum": {
            "value": 1.0,
            "min": 1.0,
            "max": 1.0,
            "count": 384
        },
        "DroneAgent.Losses.PolicyLoss.mean": {
            "value": 0.21351744992037613,
            "min": 0.03088388442993164,
            "max": 0.2388907841096322,
            "count": 383
        },
        "DroneAgent.Losses.PolicyLoss.sum": {
            "value": 0.21351744992037613,
            "min": 0.03088388442993164,
            "max": 0.2770358244112382,
            "count": 383
        },
        "DroneAgent.Losses.ValueLoss.mean": {
            "value": 0.00365555544073383,
            "min": 0.001454836178648596,
            "max": 0.21509001056353252,
            "count": 383
        },
        "DroneAgent.Losses.ValueLoss.sum": {
            "value": 0.00365555544073383,
            "min": 0.001454836178648596,
            "max": 0.21509001056353252,
            "count": 383
        },
        "DroneAgent.Policy.LearningRate.mean": {
            "value": 6.973273675577999e-05,
            "min": 6.973273675577999e-05,
            "max": 0.0002993548802150399,
            "count": 383
        },
        "DroneAgent.Policy.LearningRate.sum": {
            "value": 6.973273675577999e-05,
            "min": 6.973273675577999e-05,
            "max": 0.0005418027193990998,
            "count": 383
        },
        "DroneAgent.Policy.Epsilon.mean": {
            "value": 0.12324422000000004,
            "min": 0.12324422000000004,
            "max": 0.19978495999999996,
            "count": 383
        },
        "DroneAgent.Policy.Epsilon.sum": {
            "value": 0.12324422000000004,
            "min": 0.12324422000000004,
            "max": 0.3806009000000001,
            "count": 383
        },
        "DroneAgent.Policy.Beta.mean": {
            "value": 0.005000000000000001,
            "min": 0.005000000000000001,
            "max": 0.005000000000000001,
            "count": 383
        },
        "DroneAgent.Policy.Beta.sum": {
            "value": 0.005000000000000001,
            "min": 0.005000000000000001,
            "max": 0.010000000000000002,
            "count": 383
        },
        "DroneAgent.Policy.GAILPolicyEstimate.mean": {
            "value": 0.0991075400263071,
            "min": 0.08617993791898092,
            "max": 0.4791258414586385,
            "count": 383
        },
        "DroneAgent.Policy.GAILPolicyEstimate.sum": {
            "value": 0.0991075400263071,
            "min": 0.08617993791898092,
            "max": 0.4791258414586385,
            "count": 383
        },
        "DroneAgent.Policy.GAILExpertEstimate.mean": {
            "value": 0.9136674900849661,
            "min": 0.5471016426881155,
            "max": 0.9176787078380585,
            "count": 383
        },
        "DroneAgent.Policy.GAILExpertEstimate.sum": {
            "value": 0.9136674900849661,
            "min": 0.5471016426881155,
            "max": 1.8274027585983275,
            "count": 383
        },
        "DroneAgent.Losses.GAILLoss.mean": {
            "value": 0.22870736569166183,
            "min": 0.21543185114860536,
            "max": 1.2212107141812643,
            "count": 383
        },
        "DroneAgent.Losses.GAILLoss.sum": {
            "value": 0.22870736569166183,
            "min": 0.21543185114860536,
            "max": 1.2212107141812643,
            "count": 383
        },
        "DroneAgent.Policy.GAILGradMagLoss.mean": {
            "value": 0.06409806050360203,
            "min": 0.05737942469616731,
            "max": 9.762422180175781,
            "count": 383
        },
        "DroneAgent.Policy.GAILGradMagLoss.sum": {
            "value": 0.06409806050360203,
            "min": 0.05737942469616731,
            "max": 9.762422180175781,
            "count": 383
        },
        "DroneAgent.Losses.PretrainingLoss.mean": {
            "value": 0.0,
            "min": 0.0,
            "max": 1.2261566003163655,
            "count": 383
        },
        "DroneAgent.Losses.PretrainingLoss.sum": {
            "value": 0.0,
            "min": 0.0,
            "max": 1.2261566003163655,
            "count": 383
        },
        "DroneAgent.Environment.EpisodeLength.mean": {
            "value": 736.1176470588235,
            "min": 562.6,
            "max": 999.0,
            "count": 383
        },
        "DroneAgent.Environment.EpisodeLength.sum": {
            "value": 12514.0,
            "min": 5783.0,
            "max": 12850.0,
            "count": 383
        },
        "DroneAgent.Environment.CumulativeReward.mean": {
            "value": -0.726911760517396,
            "min": -1.2150307790904593,
            "max": 0.5298090812390331,
            "count": 383
        },
        "DroneAgent.Environment.CumulativeReward.sum": {
            "value": -12.357499928795733,
            "min": -19.550999943399802,
            "max": 9.408499838260468,
            "count": 383
        },
        "DroneAgent.Policy.ExtrinsicReward.mean": {
            "value": -0.726911760517396,
            "min": -1.2150307790904593,
            "max": 0.5298090812390331,
            "count": 383
        },
        "DroneAgent.Policy.ExtrinsicReward.sum": {
            "value": -12.357499928795733,
            "min": -19.550999943399802,
            "max": 9.408499838260468,
            "count": 383
        },
        "DroneAgent.Policy.GailReward.mean": {
            "value": 12.257245729988533,
            "min": 7.327400230726562,
            "max": 88.75003561606773,
            "count": 383
        },
        "DroneAgent.Policy.GailReward.sum": {
            "value": 208.37317740980507,
            "min": 92.60465529095381,
            "max": 1153.7504630088806,
            "count": 383
        }
    },
    "metadata": {
        "timer_format_version": "0.1.0",
        "start_time_seconds": "1696704987",
        "python_version": "3.9.13 (tags/v3.9.13:6de2ca5, May 17 2022, 16:36:42) [MSC v.1929 64 bit (AMD64)]",
        "command_line_arguments": "F:\\Unity projects\\Oblig2\\Drone_MLagents\\venv\\Scripts\\mlagents-learn config/DroneAgentNew.yaml --run-id=DroneAgentfrfr",
        "mlagents_version": "0.30.0",