{
    "name": "root",
    "gauges": {
        "DroneAgent.Policy.Entropy.mean": {
            "value": 8.670134544372559,
            "min": 8.043747901916504,
            "max": 8.670134544372559,
            "count": 500
        },
        "DroneAgent.Policy.Entropy.sum": {
            "value": 85210.0859375,
            "min": 75961.8984375,
            "max": 89391.84375,
            "count": 500
        },
        "DroneAgent.Step.mean": {
            "value": 4999989.0,
            "min": 9984.0,
            "max": 4999989.0,
            "count": 500
        },
        "DroneAgent.Step.sum": {
            "value": 4999989.0,
            "min": 9984.0,
            "max": 4999989.0,
            "count": 500
        },
        "DroneAgent.Policy.ExtrinsicValueEstimate.mean": {
            "value": 0.28580397367477417,
            "min": 0.20443201065063477,
            "max": 0.4215596616268158,
            "count": 500
        },
        "DroneAgent.Policy.ExtrinsicValueEstimate.sum": {
            "value": 44.87122344970703,
            "min": 32.0958251953125,
            "max": 65.7633056640625,
            "count": 500
        },
        "DroneAgent.Policy.GailValueEstimate.mean": {
            "value": 0.001586775528267026,
            "min": -0.002356788609176874,
            "max": 0.01795148476958275,
            "count": 500
        },
        "DroneAgent.Policy.GailValueEstimate.sum": {
            "value": 0.24912375211715698,
            "min": -0.37001579999923706,
            "max": 2.81838321685791,
            "count": 500
        },
        "DroneAgent.IsTraining.mean": {
            "value": 1.0,
            "min": 1.0,
            "max": 1.0,
            "count": 500
        },
        "DroneAgent.IsTraining.sum": {
            "value": 1.0,
            "min": 1.0,
            "max": 1.0,
            "count": 500
        },
        "DroneAgent.Losses.PolicyLoss.mean": {
            "value": 0.0759736858541146,
            "min": 0.06033650049212156,
            "max": 0.1153770418051863,
            "count": 245
        },
        "DroneAgent.Losses.PolicyLoss.sum": {
            "value": 0.0759736858541146,
            "min": 0.06033650049212156,
            "max": 0.1153770418051863,
            "count": 245
        },
        "DroneAgent.Losses.ValueLoss.mean": {
            "value": 0.002919829700840637,
            "min": 0.0016743384810979478,
            "max": 0.00510726127831731,
            "count": 245
        },
        "DroneAgent.Losses.ValueLoss.sum": {
            "value": 0.002919829700840637,
            "min": 0.0016743384810979478,
            "max": 0.00510726127831731,
            "count": 245
        },
        "DroneAgent.Policy.LearningRate.mean": {
            "value": 2.4762997523800394e-06,
            "min": 2.4762997523800394e-06,
            "max": 0.00099569920043008,
            "count": 245
        },
        "DroneAgent.Policy.LearningRate.sum": {
            "value": 2.4762997523800394e-06,
            "min": 2.4762997523800394e-06,
            "max": 0.00099569920043008,
            "count": 245
        },
        "DroneAgent.Policy.Epsilon.mean": {
            "value": 0.10024762000000001,
            "min": 0.10024762000000001,
            "max": 0.19956992,
            "count": 245
        },
        "DroneAgent.Policy.Epsilon.sum": {
            "value": 0.10024762000000001,
            "min": 0.10024762000000001,
            "max": 0.19956992,
            "count": 245
        },
        "DroneAgent.Policy.Beta.mean": {
            "value": 0.01,
            "min": 0.01,
            "max": 0.01,
            "count": 245
        },
        "DroneAgent.Policy.Beta.sum": {
            "value": 0.01,
            "min": 0.01,
            "max": 0.01,
            "count": 245
        },
        "DroneAgent.Policy.GAILPolicyEstimate.mean": {
            "value": 2.663500873182345e-05,
            "min": 1.5299535300072888e-05,
            "max": 0.0008942293355413966,
            "count": 245
        },
        "DroneAgent.Policy.GAILPolicyEstimate.sum": {
            "value": 2.663500873182345e-05,
            "min": 1.5299535300072888e-05,
            "max": 0.0008942293355413966,
            "count": 245
        },
        "DroneAgent.Policy.GAILExpertEstimate.mean": {
            "value": 1.0,
            "min": 0.9998785361647606,
            "max": 1.0,
            "count": 245
        },
        "DroneAgent.Policy.GAILExpertEstimate.sum": {
            "value": 1.0,
            "min": 0.9998785361647606,
            "max": 1.0,
            "count": 245
        },
        "DroneAgent.Losses.GAILLoss.mean": {
            "value": 2.7991168935237452e-05,
            "min": 1.5747263631560315e-05,
            "max": 0.001061832132951679,
            "count": 245
        },
        "DroneAgent.Losses.GAILLoss.sum": {
            "value": 2.7991168935237452e-05,
            "min": 1.5747263631560315e-05,
            "max": 0.001061832132951679,
            "count": 245
        },
        "DroneAgent.Policy.GAILGradMagLoss.mean": {
            "value": 0.00018487232105144358,
            "min": 6.950388233235571e-05,
            "max": 0.03023061704461725,
            "count": 245
        },
        "DroneAgent.Policy.GAILGradMagLoss.sum": {
            "value": 0.00018487232105144358,
            "min": 6.950388233235571e-05,
            "max": 0.03023061704461725,
            "count": 245
        },
        "DroneAgent.Losses.PretrainingLoss.mean": {
            "value": 0.0,
            "min": 0.0,
            "max": 281838939.73333335,
            "count": 245
        },
        "DroneAgent.Losses.PretrainingLoss.sum": {
            "value": 0.0,
            "min": 0.0,
            "max": 281838939.73333335,
            "count": 245
        },
        "DroneAgent.Environment.EpisodeLength.mean": {
            "value": 4499.0,
            "min": 434.0,
            "max": 4499.0,
            "count": 465
        },
        "DroneAgent.Environment.EpisodeLength.sum": {
            "value": 4499.0,
            "min": 434.0,
            "max": 65142.0,
            "count": 465
        },
        "DroneAgent.Environment.CumulativeReward.mean": {
            "value": 13.223082011099905,
            "min": 1.00960483122617,
            "max": 16.245381992310286,
            "count": 465
        },
        "DroneAgent.Environment.CumulativeReward.sum": {
            "value": 13.223082011099905,
            "min": 1.00960483122617,
            "max": 180.05375036108308,
            "count": 465
        },
        "DroneAgent.Policy.ExtrinsicReward.mean": {
            "value": 13.223082011099905,
            "min": 1.00960483122617,
            "max": 16.245381992310286,
            "count": 465
        },
        "DroneAgent.Policy.ExtrinsicReward.sum": {
            "value": 13.223082011099905,
            "min": 1.00960483122617,
            "max": 180.05375036108308,
            "count": 465
        },
        "DroneAgent.Policy.GailReward.mean": {
            "value": 0.004481352467591293,
            "min": 8.19903094484431e-06,
            "max": 1.8048314686770426,
            "count": 465
        },
        "DroneAgent.Policy.GailReward.sum": {
            "value": 0.004481352467591293,
            "min": 1.639806188968862e-05,
            "max": 7.21932587470817,
            "count": 465
        }
    },
    "metadata": {
        "timer_format_version": "0.1.0",
        "start_time_seconds": "1700206523",
        "python_version": "3.9.13 (tags/v3.9.13:6de2ca5, May 17 2022, 16:36:42) [MSC v.1929 64 bit (AMD64)]",
        "command_line_arguments": "C:\\Users\\thoma\\AppData\\Local\\Programs\\Python\\Python39\\Scripts\\mlagents-learn config\\DroneAgent.yaml --initialize-from=DroneAgentMG19 --run-id=DroneAgentMG20",
        "mlagents_version": "0.30.0",
        "mlagents_envs_version": "0.30.0",
        "communication_protocol_version": "1.5.0",
        "pytorch_version": "2.0.1+cu117",