{
    "name": "root",
    "gauges": {
        "DroneAgent.Policy.Entropy.mean": {
            "value": 1.223418951034546,
            "min": 1.223418951034546,
            "max": 1.3618371486663818,
            "count": 387
        },
        "DroneAgent.Policy.Entropy.sum": {
            "value": 12199.93359375,
            "min": 12058.240234375,
            "max": 14139.9736328125,
            "count": 387
        },
        "DroneAgent.Step.mean": {
            "value": 3869979.0,
            "min": 9964.0,
            "max": 3869979.0,
            "count": 387
        },
        "DroneAgent.Step.sum": {
            "value": 3869979.0,
            "min": 9964.0,
            "max": 3869979.0,
            "count": 387
        },
        "DroneAgent.Policy.ExtrinsicValueEstimate.mean": {
            "value": 0.3850775957107544,
            "min": -0.09833243489265442,
            "max": 0.6101847887039185,
            "count": 387
        },
        "DroneAgent.Policy.ExtrinsicValueEstimate.sum": {
            "value": 65.8482666015625,
            "min": -16.81484603881836,
            "max": 109.83326721191406,
            "count": 387
        },
        "DroneAgent.Policy.GailValueEstimate.mean": {
            "value": 1.123359203338623,
            "min": 0.7887701988220215,
            "max": 2.1782891750335693,
            "count": 387
        },
        "DroneAgent.Policy.GailValueEstimate.sum": {
            "value": 192.09442138671875,
            "min": 132.51339721679688,
            "max": 357.23944091796875,
            "count": 387
        },
        "DroneAgent.Environment.EpisodeLength.mean": {
            "value": 341.3103448275862,
            "min": 209.41666666666666,
            "max": 999.0,
            "count": 387
        },
        "DroneAgent.Environment.EpisodeLength.sum": {
            "value": 9898.0,
            "min": 4002.0,
            "max": 12399.0,
            "count": 387
        },
        "DroneAgent.Environment.CumulativeReward.mean": {
            "value": 1.7103416906862423,
            "min": -0.17462181272875407,
            "max": 2.153551448509097,
            "count": 387
        },
        "DroneAgent.Environment.CumulativeReward.sum": {
            "value": 49.59990902990103,
            "min": -5.937141632777639,
            "max": 71.46128179319203,
            "count": 387
        },
        "DroneAgent.Policy.ExtrinsicReward.mean": {
            "value": 1.7103416906862423,
            "min": -0.17462181272875407,
            "max": 2.153551448509097,
            "count": 387
        },
        "DroneAgent.Policy.ExtrinsicReward.sum": {
            "value": 49.59990902990103,
            "min": -5.937141632777639,
            "max": 71.46128179319203,
            "count": 387
        },
        "DroneAgent.Policy.GailReward.mean": {
            "value": 6.423084915117842,
            "min": 2.6827798998306713,
            "max": 20.009732634201647,
            "count": 387
        },
        "DroneAgent.Policy.GailReward.sum": {
            "value": 186.26946253841743,
            "min": 80.40132473781705,
            "max": 253.2545938741423,
            "count": 387
        },
        "DroneAgent.IsTraining.mean": {
            "value": 1.0,
            "min": 1.0,
            "max": 1.0,
            "count": 387
        },
        "DroneAgent.IsTraining.sum": {
            "value": 1.0,
            "min": 1.0,
            "max": 1.0,
            "count": 387
        },
        "DroneAgent.Losses.PolicyLoss.mean": {
            "value": 0.11218154805246741,
            "min": 0.07907755196793005,
            "max": 0.1459357210493181,
            "count": 204
        },
        "DroneAgent.Losses.PolicyLoss.sum": {
            "value": 0.11218154805246741,
            "min": 0.07907755196793005,
            "max": 0.1459357210493181,
            "count": 204
        },
        "DroneAgent.Losses.ValueLoss.mean": {
            "value": 0.01326866946183145,
            "min": 0.0034172618703451007,
            "max": 0.0545538792386651,
            "count": 204
        },
        "DroneAgent.Losses.ValueLoss.sum": {
            "value": 0.01326866946183145,
            "min": 0.0034172618703451007,
            "max": 0.0545538792386651,
            "count": 204
        },
        "DroneAgent.Policy.LearningRate.mean": {
            "value": 0.00022798967720104,
            "min": 0.00022798967720104,
            "max": 0.00099606560039344,
            "count": 204
        },
        "DroneAgent.Policy.LearningRate.sum": {
            "value": 0.00022798967720104,
            "min": 0.00022798967720104,
            "max": 0.00099606560039344,
            "count": 204
        },
        "DroneAgent.Policy.Epsilon.mean": {
            "value": 0.12279896000000001,
            "min": 0.12279896000000001,
            "max": 0.19960656000000002,
            "count": 204
        },
        "DroneAgent.Policy.Epsilon.sum": {
            "value": 0.12279896000000001,
            "min": 0.12279896000000001,
            "max": 0.19960656000000002,
            "count": 204
        },
        "DroneAgent.Policy.Beta.mean": {
            "value": 0.01,
            "min": 0.01,
            "max": 0.01,
            "count": 204
        },
        "DroneAgent.Policy.Beta.sum": {
            "value": 0.01,
            "min": 0.01,
            "max": 0.01,
            "count": 204
        },
        "DroneAgent.Policy.GAILPolicyEstimate.mean": {
            "value": 0.23045885935425758,
            "min": 0.15697582215070724,
            "max": 0.26070333905518056,
            "count": 204
        },
        "DroneAgent.Policy.GAILPolicyEstimate.sum": {
            "value": 0.23045885935425758,
            "min": 0.15697582215070724,
            "max": 0.26070333905518056,
            "count": 204
        },
        "DroneAgent.Policy.GAILExpertEstimate.mean": {
            "value": 0.7891317591071129,
            "min": 0.7699372559785843,
            "max": 0.8942285969853401,
            "count": 204
        },
        "DroneAgent.Policy.GAILExpertEstimate.sum": {
            "value": 0.7891317591071129,
            "min": 0.7699372559785843,
            "max": 0.8942285969853401,
            "count": 204
        },
        "DroneAgent.Losses.GAILLoss.mean": {
            "value": 0.5895611107349396,
            "min": 0.3310416616499424,
            "max": 0.6510454669594765,
            "count": 204
        },
        "DroneAgent.Losses.GAILLoss.sum": {
            "value": 0.5895611107349396,
            "min": 0.3310416616499424,
            "max": 0.6510454669594765,
            "count": 204
        },
        "DroneAgent.Policy.GAILGradMagLoss.mean": {
            "value": 0.059536371193826196,
            "min": 0.05148259894922376,
            "max": 0.14352002646774054,
            "count": 204
        },
        "DroneAgent.Policy.GAILGradMagLoss.sum": {
            "value": 0.059536371193826196,
            "min": 0.05148259894922376,
            "max": 0.14352002646774054,
            "count": 204
        },
        "DroneAgent.Losses.PretrainingLoss.mean": {
            "value": 0.0,
            "min": 0.0,
            "max": 1.4838212644844724,
            "count": 204
        },
        "DroneAgent.Losses.PretrainingLoss.sum": {
            "value": 0.0,
            "min": 0.0,
            "max": 1.4838212644844724,
            "count": 204
        }
    },
    "metadata": {
        "timer_format_version": "0.1.0",
        "start_time_seconds": "1696804172",
        "python_version": "3.9.13 (tags/v3.9.13:6de2ca5, May 17 2022, 16:36:42) [MSC v.1929 64 bit (AMD64)]",
        "command_line_arguments": "F:\\Unity projects\\Oblig2\\Drone_MLagents\\venv\\Scripts\\mlagents-learn config/DroneAgent.yaml --initialize-from=DroneAgent_New_More3 --run-id=DroneAgent_New_More_Brain",
        "mlagents_version": "0.30.0",
        "mlagents_envs_version": "0.30.0",