{
    "name": "root",
    "gauges": {
        "DroneAgent.Policy.Entropy.mean": {
            "value": 5.056906223297119,
            "min": 4.365189075469971,
            "max": 5.056906223297119,
            "count": 500
        },
        "DroneAgent.Policy.Entropy.sum": {
            "value": 50867.41796875,
            "min": 41255.65234375,
            "max": 52244.90625,
            "count": 500
        },
        "DroneAgent.Step.mean": {
            "value": 4999959.0,
            "min": 9990.0,
            "max": 4999959.0,
            "count": 500
        },
        "DroneAgent.Step.sum": {
            "value": 4999959.0,
            "min": 9990.0,
            "max": 4999959.0,
            "count": 500
        },
        "DroneAgent.Policy.ExtrinsicValueEstimate.mean": {
            "value": 0.2718430459499359,
            "min": 0.03364114835858345,
            "max": 0.2902432382106781,
            "count": 500
        },
        "DroneAgent.Policy.ExtrinsicValueEstimate.sum": {
            "value": 43.49488830566406,
            "min": 5.281660079956055,
            "max": 46.14867401123047,
            "count": 500
        },
        "DroneAgent.Policy.GailValueEstimate.mean": {
            "value": 0.002922539599239826,
            "min": -0.0055047571659088135,
            "max": 0.03141101822257042,
            "count": 500
        },
        "DroneAgent.Policy.GailValueEstimate.sum": {
            "value": 0.4676063358783722,
            "min": -0.8752564191818237,
            "max": 4.9629411697387695,
            "count": 500
        },
        "DroneAgent.Environment.EpisodeLength.mean": {
            "value": 1407.888888888889,
            "min": 368.0,
            "max": 2999.0,
            "count": 499
        },
        "DroneAgent.Environment.EpisodeLength.sum": {
            "value": 12671.0,
            "min": 736.0,
            "max": 31215.0,
            "count": 499
        },
        "DroneAgent.Environment.CumulativeReward.mean": {
            "value": 3.531962744109074,
            "min": -0.748127592401579,
            "max": 8.178425356706915,
            "count": 499
        },
        "DroneAgent.Environment.CumulativeReward.sum": {
            "value": 31.787664696981665,
            "min": -3.8898121673846617,
            "max": 65.25470569630852,
            "count": 499
        },
        "DroneAgent.Policy.ExtrinsicReward.mean": {
            "value": 3.531962744109074,
            "min": -0.748127592401579,
            "max": 8.178425356706915,
            "count": 499
        },
        "DroneAgent.Policy.ExtrinsicReward.sum": {
            "value": 31.787664696981665,
            "min": -3.8898121673846617,
            "max": 65.25470569630852,
            "count": 499
        },
        "DroneAgent.Policy.GailReward.mean": {
            "value": 0.05730619202550688,
            "min": 0.0021966713046205344,
            "max": 0.9532271720085281,
            "count": 499
        },
        "DroneAgent.Policy.GailReward.sum": {
            "value": 0.515755728229562,
            "min": 0.007939866115473038,
            "max": 8.164095036676246,
            "count": 499
        },
        "DroneAgent.IsTraining.mean": {
            "value": 1.0,
            "min": 1.0,
            "max": 1.0,
            "count": 500
        },
        "DroneAgent.IsTraining.sum": {
            "value": 1.0,
            "min": 1.0,
            "max": 1.0,
            "count": 500
        },
        "DroneAgent.Losses.PolicyLoss.mean": {
            "value": 0.05406726142391562,
            "min": 0.05406726142391562,
            "max": 0.11426314093114343,
            "count": 248
        },
        "DroneAgent.Losses.PolicyLoss.sum": {
            "value": 0.05406726142391562,
            "min": 0.05406726142391562,
            "max": 0.11426314093114343,
            "count": 248
        },
        "DroneAgent.Losses.ValueLoss.mean": {
            "value": 0.004564385223784484,
            "min": 0.0025943631640984676,
            "max": 0.00702667360601481,
            "count": 248
        },
        "DroneAgent.Losses.ValueLoss.sum": {
            "value": 0.004564385223784484,
            "min": 0.0025943631640984676,
            "max": 0.00702667360601481,
            "count": 248
        },
        "DroneAgent.Policy.LearningRate.mean": {
            "value": 5.140999486000144e-07,
            "min": 5.140999486000144e-07,
            "max": 0.00099595220040478,
            "count": 248
        },
        "DroneAgent.Policy.LearningRate.sum": {
            "value": 5.140999486000144e-07,
            "min": 5.140999486000144e-07,
            "max": 0.00099595220040478,
            "count": 248
        },
        "DroneAgent.Policy.Epsilon.mean": {
            "value": 0.10005140000000001,
            "min": 0.10005140000000001,
            "max": 0.19959522000000002,
            "count": 248
        },
        "DroneAgent.Policy.Epsilon.sum": {
            "value": 0.10005140000000001,
            "min": 0.10005140000000001,
            "max": 0.19959522000000002,
            "count": 248
        },
        "DroneAgent.Policy.Beta.mean": {
            "value": 0.01,
            "min": 0.01,
            "max": 0.01,
            "count": 248
        },
        "DroneAgent.Policy.Beta.sum": {
            "value": 0.01,
            "min": 0.01,
            "max": 0.01,
            "count": 248
        },
        "DroneAgent.Policy.GAILPolicyEstimate.mean": {
            "value": 0.00013511725626358384,
            "min": 8.314993259546099e-05,
            "max": 0.004148683956444188,
            "count": 248
        },
        "DroneAgent.Policy.GAILPolicyEstimate.sum": {
            "value": 0.00013511725626358384,
            "min": 8.314993259546099e-05,
            "max": 0.004148683956444188,
            "count": 248
        },
        "DroneAgent.Policy.GAILExpertEstimate.mean": {
            "value": 0.9999112993478775,
            "min": 0.9997428551316261,
            "max": 0.9999995678663254,
            "count": 248
        },
        "DroneAgent.Policy.GAILExpertEstimate.sum": {
            "value": 0.9999112993478775,
            "min": 0.9997428551316261,
            "max": 0.9999995678663254,
            "count": 248
        },
        "DroneAgent.Losses.GAILLoss.mean": {
            "value": 0.00023040917694743256,
            "min": 0.00011019142275472404,
            "max": 0.005489068871773384,
            "count": 248
        },
        "DroneAgent.Losses.GAILLoss.sum": {
            "value": 0.00023040917694743256,
            "min": 0.00011019142275472404,
            "max": 0.005489068871773384,
            "count": 248
        },
        "DroneAgent.Policy.GAILGradMagLoss.mean": {
            "value": 0.0005041520827944624,
            "min": 0.00035170540922990767,
            "max": 0.09266659018176142,
            "count": 248
        },
        "DroneAgent.Policy.GAILGradMagLoss.sum": {
            "value": 0.0005041520827944624,
            "min": 0.00035170540922990767,
            "max": 0.09266659018176142,
            "count": 248
        },
        "DroneAgent.Losses.PretrainingLoss.mean": {
            "value": 0.0,
            "min": 0.0,
            "max": 1119.8444037543402,
            "count": 248
        },
        "DroneAgent.Losses.PretrainingLoss.sum": {
            "value": 0.0,
            "min": 0.0,
            "max": 1119.8444037543402,
            "count": 248
        }
    },
    "metadata": {
        "timer_format_version": "0.1.0",
        "start_time_seconds": "1699803358",
        "python_version": "3.9.13 (tags/v3.9.13:6de2ca5, May 17 2022, 16:36:42) [MSC v.1929 64 bit (AMD64)]",
        "command_line_arguments": "C:\\Users\\thoma\\AppData\\Local\\Programs\\Python\\Python39\\Scripts\\mlagents-learn config\\DroneAgent.yaml --initialize-from=DroneAgentMGO1 --run-id=DroneAgentMGO2",
        "mlagents_version": "0.30.0",
        "mlagents_envs_version": "0.30.0",