{
    "name": "root",
    "gauges": {
        "DroneAgent.Policy.Entropy.mean": {
            "value": 1.79548978805542,
            "min": 1.4925652742385864,
            "max": 1.7954902648925781,
            "count": 500
        },
        "DroneAgent.Policy.Entropy.sum": {
            "value": 18136.2421875,
            "min": 14592.5791015625,
            "max": 18282.09375,
            "count": 500
        },
        "DroneAgent.Step.mean": {
            "value": 4999976.0,
            "min": 9984.0,
            "max": 4999976.0,
            "count": 500
        },
        "DroneAgent.Step.sum": {
            "value": 4999976.0,
            "min": 9984.0,
            "max": 4999976.0,
            "count": 500
        },
        "DroneAgent.Policy.ExtrinsicValueEstimate.mean": {
            "value": 0.19176314771175385,
            "min": -0.31982606649398804,
            "max": 0.2484322041273117,
            "count": 500
        },
        "DroneAgent.Policy.ExtrinsicValueEstimate.sum": {
            "value": 30.490341186523438,
            "min": -51.811824798583984,
            "max": 39.5007209777832,
            "count": 500
        },
        "DroneAgent.Policy.GailValueEstimate.mean": {
            "value": 0.049051400274038315,
            "min": 0.029531843960285187,
            "max": 0.4088360667228699,
            "count": 500
        },
        "DroneAgent.Policy.GailValueEstimate.sum": {
            "value": 7.799172401428223,
            "min": 4.695563316345215,
            "max": 65.41377258300781,
            "count": 500
        },
        "DroneAgent.IsTraining.mean": {
            "value": 1.0,
            "min": 1.0,
            "max": 1.0,
            "count": 500
        },
        "DroneAgent.IsTraining.sum": {
            "value": 1.0,
            "min": 1.0,
            "max": 1.0,
            "count": 500
        },
        "DroneAgent.Environment.EpisodeLength.mean": {
            "value": 1999.0,
            "min": 641.1538461538462,
            "max": 1999.0,
            "count": 499
        },
        "DroneAgent.Environment.EpisodeLength.sum": {
            "value": 5997.0,
            "min": 1999.0,
            "max": 23462.0,
            "count": 499
        },
        "DroneAgent.Environment.CumulativeReward.mean": {
            "value": 4.989603923012813,
            "min": -4.412625658791512,
            "max": 5.361005046094458,
            "count": 499
        },
        "DroneAgent.Environment.CumulativeReward.sum": {
            "value": 14.968811769038439,
            "min": -45.31955165718682,
            "max": 42.024104634532705,
            "count": 499
        },
        "DroneAgent.Policy.ExtrinsicReward.mean": {
            "value": 4.989603923012813,
            "min": -4.412625658791512,
            "max": 5.361005046094458,
            "count": 499
        },
        "DroneAgent.Policy.ExtrinsicReward.sum": {
            "value": 14.968811769038439,
            "min": -45.31955165718682,
            "max": 42.024104634532705,
            "count": 499
        },
        "DroneAgent.Policy.GailReward.mean": {
            "value": 0.4820247535787227,
            "min": 0.35595559216562833,
            "max": 14.386514393845573,
            "count": 499
        },
        "DroneAgent.Policy.GailReward.sum": {
            "value": 1.446074260736168,
            "min": 1.4238223686625133,
            "max": 72.15529078343911,
            "count": 499
        },
        "DroneAgent.Losses.PolicyLoss.mean": {
            "value": 0.07309834691695868,
            "min": 0.05241316294268472,
            "max": 0.12872525039711036,
            "count": 249
        },
        "DroneAgent.Losses.PolicyLoss.sum": {
            "value": 0.07309834691695868,
            "min": 0.05241316294268472,
            "max": 0.12872525039711036,
            "count": 249
        },
        "DroneAgent.Losses.ValueLoss.mean": {
            "value": 0.0005216681340243668,
            "min": 0.0004433970661921194,
            "max": 0.006843117298558354,
            "count": 249
        },
        "DroneAgent.Losses.ValueLoss.sum": {
            "value": 0.0005216681340243668,
            "min": 0.0004433970661921194,
            "max": 0.006843117298558354,
            "count": 249
        },
        "DroneAgent.Policy.LearningRate.mean": {
            "value": 1.9344998065600025e-06,
            "min": 1.9344998065600025e-06,
            "max": 0.00099592660040734,
            "count": 249
        },
        "DroneAgent.Policy.LearningRate.sum": {
            "value": 1.9344998065600025e-06,
            "min": 1.9344998065600025e-06,
            "max": 0.00099592660040734,
            "count": 249
        },
        "DroneAgent.Policy.Epsilon.mean": {
            "value": 0.10019344000000001,
            "min": 0.10019344000000001,
            "max": 0.19959266,
            "count": 249
        },
        "DroneAgent.Policy.Epsilon.sum": {
            "value": 0.10019344000000001,
            "min": 0.10019344000000001,
            "max": 0.19959266,
            "count": 249
        },
        "DroneAgent.Policy.Beta.mean": {
            "value": 0.01,
            "min": 0.01,
            "max": 0.01,
            "count": 249
        },
        "DroneAgent.Policy.Beta.sum": {
            "value": 0.01,
            "min": 0.01,
            "max": 0.01,
            "count": 249
        },
        "DroneAgent.Policy.GAILPolicyEstimate.mean": {
            "value": 0.003001135370868724,
            "min": 0.0023169702471932396,
            "max": 0.026557484362274408,
            "count": 249
        },
        "DroneAgent.Policy.GAILPolicyEstimate.sum": {
            "value": 0.003001135370868724,
            "min": 0.0023169702471932396,
            "max": 0.026557484362274408,
            "count": 249
        },
        "DroneAgent.Policy.GAILExpertEstimate.mean": {
            "value": 0.9972284317016602,
            "min": 0.9845293954014778,
            "max": 0.9975358262658119,
            "count": 249
        },
        "DroneAgent.Policy.GAILExpertEstimate.sum": {
            "value": 0.9972284317016602,
            "min": 0.9845293954014778,
            "max": 0.9975358262658119,
            "count": 249
        },
        "DroneAgent.Losses.GAILLoss.mean": {
            "value": 0.006032295944169164,
            "min": 0.005148079612990841,
            "max": 0.04432621328160167,
            "count": 249
        },
        "DroneAgent.Losses.GAILLoss.sum": {
            "value": 0.006032295944169164,
            "min": 0.005148079612990841,
            "max": 0.04432621328160167,
            "count": 249
        },
        "DroneAgent.Policy.GAILGradMagLoss.mean": {
            "value": 0.010086482344195246,
            "min": 0.008275303640402853,
            "max": 0.05869833794422448,
            "count": 249
        },
        "DroneAgent.Policy.GAILGradMagLoss.sum": {
            "value": 0.010086482344195246,
            "min": 0.008275303640402853,
            "max": 0.05869833794422448,
            "count": 249
        },
        "DroneAgent.Losses.PretrainingLoss.mean": {
            "value": 0.0,
            "min": 0.0,
            "max": 1.786399382132071,
            "count": 249
        },
        "DroneAgent.Losses.PretrainingLoss.sum": {
            "value": 0.0,
            "min": 0.0,
            "max": 1.786399382132071,
            "count": 249
        }
    },
    "metadata": {
        "timer_format_version": "0.1.0",
        "start_time_seconds": "1697563880",
        "python_version": "3.9.13 (tags/v3.9.13:6de2ca5, May 17 2022, 16:36:42) [MSC v.1929 64 bit (AMD64)]",
        "command_line_arguments": "F:\\Unity projects\\Oblig2\\Drone_MLagents\\venv\\Scripts\\mlagents-learn config/DroneAgent.yaml --initialize-from=DroneAgentTrackNew --run-id=DroneAgentTrackNew1",
        "mlagents_version": "0.30.0",
        "mlagents_envs_version": "0.30.0",