{"count":1,"self":33034.5742336,"total":47427.3009197,"children":{"InitializeActuators":{"count":177,"self":0.0010003,"total":0.0010003,"children":null},"InitializeSensors":{"count":177,"self":0.0010003,"total":0.0010003,"children":null},"AgentSendState":{"count":1340730,"self":595.719936,"total":891.49616199999991,"children":{"CollectObservations":{"count":13470429,"self":47.283788799999996,"total":47.2837884,"children":null},"WriteActionMask":{"count":13470429,"self":5.9647212,"total":5.9647212,"children":null},"RequestDecision":{"count":13470429,"self":28.855049599999997,"total":242.5097472,"children":{"RayPerceptionSensor.Perceive":{"count":33844,"self":0.0369793,"total":0.0369793,"children":null},"AgentInfo.ToProto":{"count":13324038,"self":20.1432272,"total":213.6177181,"children":{"GenerateSensorData":{"count":13324038,"self":145.69465599999998,"total":193.4744914,"children":{"RayPerceptionSensor.Perceive":{"count":53296152,"self":47.779833599999996,"total":47.7798349,"children":null}}}}}}},"RayPerceptionSensor.Perceive":{"count":26396,"self":0.0179798,"total":0.0179798,"children":null}}},"DecideAction":{"count":1340730,"self":12730.885734399999,"total":12731.686038799999,"children":{"RayPerceptionSensor.Perceive":{"count":551720,"self":0.8002746,"total":0.8002746,"children":null}}},"AgentAct":{"count":1340730,"self":769.3649408,"total":769.38692099999992,"children":{"AgentInfo.ToProto":{"count":703,"self":0.0019828,"total":0.0219859,"children":{"GenerateSensorData":{"count":703,"self":0.0160091,"total":0.0200031,"children":{"RayPerceptionSensor.Perceive":{"count":2812,"self":0.003994,"total":0.003994,"children":null}}}}}}},"RayPerceptionSensor.Perceive":{"count":88,"self":0,"total":0,"children":null},"AgentInfo.ToProto":{"count":6946,"self":0.0290096,"total":0.15683149999999998,"children":{"GenerateSensorData":{"count":6946,"self":0.0947745,"total":0.1278219,"children":{"RayPerceptionSensor.Perceive":{"count":27784,"self":0.0330474,"total":0.0330474,"children":null}}}}}},"gauges":{"DroneAgent.CumulativeReward":{"count":7681,"max":169.638,"min":-16.08567,"runningAverage":18.8048477,"value":35.5978966,"weightedAverage":47.557354}},"metadata":{"timer_format_version":"0.1.0","start_time_seconds":"1697245294","unity_version":"2022.3.7f1","command_line_arguments":"F:\\UnityHub\\2022.3.7f1\\Editor\\Unity.exe -projectpath F:\\Unity projects\\Oblig2\\Drone_MLagents -useHub -hubIPC -cloudEnvironment production -licensingIpc LicenseClient-thoma -hubSessionId 40cc0495-7063-493a-9b90-462d73f36ab3 -accessToken P9GOLobhqjQDEr4ReMOl_83wyiThbV_kkzLmJvX7LjM005f","communication_protocol_version":"1.5.0","com.unity.ml-agents_version":"2.0.1","scene_name":"Drone_Controller_DEV","end_time_seconds":"1697292721"}}