{"count":1,"self":9084.9501184,"total":34402.2596979,"children":{"InitializeActuators":{"count":221,"self":0.0019963999999999997,"total":0.0019963999999999997,"children":null},"InitializeSensors":{"count":221,"self":0.0041735,"total":0.0041735,"children":null},"AgentSendState":{"count":1957959,"self":1124.0669183999998,"total":1700.767556,"children":{"CollectObservations":{"count":25453467,"self":94.754495999999989,"total":94.7544959,"children":null},"WriteActionMask":{"count":25453467,"self":11.3680624,"total":11.368062199999999,"children":null},"RequestDecision":{"count":25453467,"self":55.4007936,"total":470.57811139999995,"children":{"AgentInfo.ToProto":{"count":25003186,"self":38.928521599999996,"total":415.1773158,"children":{"GenerateSensorData":{"count":25003186,"self":286.7269376,"total":376.2487933,"children":{"RayPerceptionSensor.Perceive":{"count":100012744,"self":89.521856,"total":89.52185639999999,"children":null}}}}}}}}},"DecideAction":{"count":1957959,"self":22140.1235456,"total":22142.6114443,"children":{"RayPerceptionSensor.Perceive":{"count":1801124,"self":2.4875552,"total":2.4875552,"children":null}}},"AgentAct":{"count":1957959,"self":1473.7573888,"total":1473.8344858,"children":{"AgentInfo.ToProto":{"count":3055,"self":0.0133964,"total":0.07708029999999999,"children":{"GenerateSensorData":{"count":3055,"self":0.0496352,"total":0.0636839,"children":{"RayPerceptionSensor.Perceive":{"count":12220,"self":0.014048699999999999,"total":0.014048699999999999,"children":null}}}}}}},"AgentInfo.ToProto":{"count":4072,"self":0.0140013,"total":0.0901023,"children":{"GenerateSensorData":{"count":4072,"self":0.061118399999999996,"total":0.076101,"children":{"RayPerceptionSensor.Perceive":{"count":16288,"self":0.014982599999999999,"total":0.014982599999999999,"children":null}}}}}},"gauges":{"DroneAgent.CumulativeReward":{"count":7196,"max":88.3749161,"min":-4.140721,"runningAverage":23.5797062,"value":41.4960976,"weightedAverage":41.4563332}},"metadata":{"timer_format_version":"0.1.0","start_time_seconds":"1697295454","unity_version":"2022.3.7f1","command_line_arguments":"F:\\UnityHub\\2022.3.7f1\\Editor\\Unity.exe -projectpath F:\\Unity projects\\Oblig2\\Drone_MLagents -useHub -hubIPC -cloudEnvironment production -licensingIpc LicenseClient-thoma -hubSessionId 40cc0495-7063-493a-9b90-462d73f36ab3 -accessToken P9GOLobhqjQDEr4ReMOl_83wyiThbV_kkzLmJvX7LjM005f","communication_protocol_version":"1.5.0","com.unity.ml-agents_version":"2.0.1","scene_name":"Drone_Controller_DEV","end_time_seconds":"1697329857"}}