{"count":1,"self":681.30447359999994,"total":5901.2685582999993,"children":{"InitializeActuators":{"count":39,"self":0.0019912,"total":0.0019912,"children":null},"InitializeSensors":{"count":39,"self":0,"total":0,"children":null},"AgentSendState":{"count":192677,"self":105.65950079999999,"total":1136.3863434999998,"children":{"CollectObservations":{"count":3391822,"self":960.94976,"total":960.949755,"children":null},"WriteActionMask":{"count":3391822,"self":2.3867974,"total":2.3867974,"children":null},"RequestDecision":{"count":3391822,"self":10.4148632,"total":67.38029,"children":{"RayPerceptionSensor.Perceive":{"count":13476,"self":0.0200035,"total":0.0200035,"children":null},"AgentInfo.ToProto":{"count":3387330,"self":7.4775959999999992,"total":56.945423399999996,"children":{"GenerateSensorData":{"count":3387330,"self":40.0236544,"total":49.4678276,"children":{"RayPerceptionSensor.Perceive":{"count":10161990,"self":9.444172,"total":9.4441723,"children":null}}}}}}},"RayPerceptionSensor.Perceive":{"count":13467,"self":0.0100026,"total":0.0100026,"children":null}}},"DecideAction":{"count":192677,"self":2878.2082047999997,"total":2878.2082453,"children":null},"AgentAct":{"count":192677,"self":1205.1412992,"total":1205.3147242,"children":{"AgentInfo.ToProto":{"count":5753,"self":0.043556199999999996,"total":0.1734518,"children":{"GenerateSensorData":{"count":5753,"self":0.1018964,"total":0.1298956,"children":{"RayPerceptionSensor.Perceive":{"count":17259,"self":0.0279992,"total":0.0279992,"children":null}}}}}}},"RayPerceptionSensor.Perceive":{"count":120,"self":0,"total":0,"children":null},"AgentInfo.ToProto":{"count":2279,"self":0.012873899999999999,"total":0.052773299999999995,"children":{"GenerateSensorData":{"count":2279,"self":0.0358893,"total":0.0398994,"children":{"RayPerceptionSensor.Perceive":{"count":6837,"self":0.0040101,"total":0.0040101,"children":null}}}}}},"gauges":{"DroneAgent.CumulativeReward":{"count":8052,"max":1.99519992,"min":-2.10488129,"runningAverage":0.222775951,"value":0.9808889,"weightedAverage":0.260826677}},"metadata":{"timer_format_version":"0.1.0","start_time_seconds":"1696619706","unity_version":"2022.3.7f1","command_line_arguments":"F:\\UnityHub\\2022.3.7f1\\Editor\\Unity.exe -projectpath F:\\Unity projects\\Oblig2\\Drone_MLagents -useHub -hubIPC -cloudEnvironment production -licensingIpc LicenseClient-thoma -hubSessionId 68b168f5-edee-480b-928e-8226b39964fd -accessToken 355D2DSMO0ZA0su4dP9vLXJyCKNWotLUO6R2K9-feX0005f","communication_protocol_version":"1.5.0","com.unity.ml-agents_version":"2.0.1","scene_name":"Drone_Controller_DEV","end_time_seconds":"1696625608"}}