{"count":1,"self":912.9240576,"total":13288.1477213,"children":{"InitializeActuators":{"count":42,"self":0.0019952999999999998,"total":0.0019952999999999998,"children":null},"InitializeSensors":{"count":42,"self":0.0010002,"total":0.0010002,"children":null},"AgentSendState":{"count":476268,"self":964.2758144,"total":1287.3602796999999,"children":{"CollectObservations":{"count":10001628,"self":47.7878592,"total":47.787859,"children":null},"WriteActionMask":{"count":10001628,"self":5.1637156,"total":5.1637154999999995,"children":null},"RequestDecision":{"count":10001628,"self":25.7209568,"total":270.1328947,"children":{"AgentInfo.ToProto":{"count":10001628,"self":16.9450096,"total":244.4119384,"children":{"GenerateSensorData":{"count":10001628,"self":161.03351039999998,"total":227.466929,"children":{"RayPerceptionSensor.Perceive":{"count":50008140,"self":66.4334144,"total":66.4334126,"children":null}}}}}}}}},"DecideAction":{"count":476268,"self":9876.8683007999989,"total":9876.868181,"children":null},"AgentAct":{"count":476268,"self":1210.7065344,"total":1210.8882564,"children":{"AgentInfo.ToProto":{"count":4961,"self":0.025994899999999998,"total":0.1816815,"children":{"GenerateSensorData":{"count":4961,"self":0.1135915,"total":0.15568659999999998,"children":{"RayPerceptionSensor.Perceive":{"count":24805,"self":0.042095099999999996,"total":0.042095099999999996,"children":null}}}}}}},"AgentInfo.ToProto":{"count":2683,"self":0.016012,"total":0.1039594,"children":{"GenerateSensorData":{"count":2683,"self":0.0669305,"total":0.0879474,"children":{"RayPerceptionSensor.Perceive":{"count":13415,"self":0.021016899999999998,"total":0.021016899999999998,"children":null}}}}}},"gauges":{"DroneAgent.CumulativeReward":{"count":7644,"max":10.3117895,"min":-9.116071,"runningAverage":0.5782396,"value":7.0183835,"weightedAverage":5.604216}},"metadata":{"timer_format_version":"0.1.0","start_time_seconds":"1699717810","unity_version":"2022.3.7f1","command_line_arguments":"F:\\UnityHub\\2022.3.7f1\\Editor\\Unity.exe -projectpath F:\\Unity_projects\\Oblig2\\Drone_MLagents -useHub -hubIPC -cloudEnvironment production -licensingIpc LicenseClient-thoma -hubSessionId 73f58732-3efb-47db-94d9-4855de74b1a2 -accessToken zTAa3wAhUZstdHqbuZ2GA8RArIbWl7wIr8EBwALJrQo005f","communication_protocol_version":"1.5.0","com.unity.ml-agents_version":"2.0.1","scene_name":"Drone_Controller_DEV","end_time_seconds":"1699731098"}}