{"count":1,"self":4228.0988671999994,"total":19010.797000799997,"children":{"InitializeActuators":{"count":130,"self":0.0009969,"total":0.0009969,"children":null},"InitializeSensors":{"count":130,"self":0.0021739999999999997,"total":0.0021739999999999997,"children":null},"AgentSendState":{"count":1172367,"self":652.46914559999993,"total":984.9367163,"children":{"CollectObservations":{"count":15240771,"self":53.755929599999995,"total":53.7559298,"children":null},"WriteActionMask":{"count":15240771,"self":6.4935408,"total":6.493541,"children":null},"RequestDecision":{"count":15240771,"self":31.6064896,"total":272.21812439999997,"children":{"AgentInfo.ToProto":{"count":15002052,"self":22.1231472,"total":240.6116338,"children":{"GenerateSensorData":{"count":15002052,"self":166.11893759999998,"total":218.4884873,"children":{"RayPerceptionSensor.Perceive":{"count":60008208,"self":52.369545599999995,"total":52.3695471,"children":null}}}}}}}}},"DecideAction":{"count":1172367,"self":12957.2601856,"total":12958.6057389,"children":{"RayPerceptionSensor.Perceive":{"count":954876,"self":1.3453796,"total":1.3453796,"children":null}}},"AgentAct":{"count":1172367,"self":839.0565888,"total":839.08266559999993,"children":{"AgentInfo.ToProto":{"count":1319,"self":0.0060063,"total":0.026053399999999997,"children":{"GenerateSensorData":{"count":1319,"self":0.015000699999999999,"total":0.020047099999999998,"children":{"RayPerceptionSensor.Perceive":{"count":5276,"self":0.0050463999999999995,"total":0.0050463999999999995,"children":null}}}}}}},"AgentInfo.ToProto":{"count":3207,"self":0.0110005,"total":0.069977299999999992,"children":{"GenerateSensorData":{"count":3207,"self":0.046995499999999996,"total":0.058976799999999996,"children":{"RayPerceptionSensor.Perceive":{"count":12828,"self":0.0119813,"total":0.0119813,"children":null}}}}}},"gauges":{"DroneAgent.CumulativeReward":{"count":4554,"max":88.3749161,"min":-4.140721,"runningAverage":18.7891788,"value":3.12179446,"weightedAverage":24.107029}},"metadata":{"timer_format_version":"0.1.0","start_time_seconds":"1697295454","unity_version":"2022.3.7f1","command_line_arguments":"F:\\UnityHub\\2022.3.7f1\\Editor\\Unity.exe -projectpath F:\\Unity projects\\Oblig2\\Drone_MLagents -useHub -hubIPC -cloudEnvironment production -licensingIpc LicenseClient-thoma -hubSessionId 40cc0495-7063-493a-9b90-462d73f36ab3 -accessToken P9GOLobhqjQDEr4ReMOl_83wyiThbV_kkzLmJvX7LjM005f","communication_protocol_version":"1.5.0","com.unity.ml-agents_version":"2.0.1","scene_name":"Drone_Controller_DEV","end_time_seconds":"1697314465"}}