{"count":1,"self":33408.5062656,"total":50532.1098581,"children":{"InitializeActuators":{"count":93,"self":0.0009995,"total":0.0009995,"children":null},"InitializeSensors":{"count":93,"self":0.0010008999999999999,"total":0.0010008999999999999,"children":null},"AgentSendState":{"count":770364,"self":1276.2990591999999,"total":1706.0906906999999,"children":{"CollectObservations":{"count":15222744,"self":63.0755008,"total":63.0754994,"children":null},"WriteActionMask":{"count":15222744,"self":6.2056232,"total":6.2056233999999995,"children":null},"RequestDecision":{"count":15222744,"self":32.1336,"total":360.51048199999997,"children":{"AgentInfo.ToProto":{"count":15002442,"self":20.971257599999998,"total":328.15929389999997,"children":{"GenerateSensorData":{"count":15002442,"self":213.15749119999998,"total":307.1880361,"children":{"RayPerceptionSensor.Perceive":{"count":75012210,"self":94.0305408,"total":94.030542,"children":null}}}}},"RayPerceptionSensor.Perceive":{"count":233640,"self":0.2175868,"total":0.2175868,"children":null}}}}},"DecideAction":{"count":770364,"self":13819.8581248,"total":13821.761619899999,"children":{"RayPerceptionSensor.Perceive":{"count":867870,"self":1.9033444,"total":1.9033444,"children":null}}},"AgentAct":{"count":770364,"self":1595.6358143999998,"total":1595.7073693999998,"children":{"AgentInfo.ToProto":{"count":1892,"self":0.0095015999999999989,"total":0.0715503,"children":{"GenerateSensorData":{"count":1892,"self":0.039038199999999995,"total":0.0620487,"children":{"RayPerceptionSensor.Perceive":{"count":9460,"self":0.0230105,"total":0.0230105,"children":null}}}}},"RayPerceptionSensor.Perceive":{"count":10,"self":0,"total":0,"children":null}}},"AgentInfo.ToProto":{"count":1901,"self":0.0040095,"total":0.0416995,"children":{"GenerateSensorData":{"count":1901,"self":0.029688,"total":0.03769,"children":{"RayPerceptionSensor.Perceive":{"count":9505,"self":0.008002,"total":0.008002,"children":null}}}}},"RayPerceptionSensor.Perceive":{"count":445,"self":0.0010008,"total":0.0010008,"children":null}},"gauges":{"DroneAgent.CumulativeReward":{"count":3914,"max":19.4204216,"min":-5.277052,"runningAverage":10.5901022,"value":-1.57698143,"weightedAverage":-1.90405989}},"metadata":{"timer_format_version":"0.1.0","start_time_seconds":"1700206536","unity_version":"2022.3.7f1","command_line_arguments":"F:\\UnityHub\\2022.3.7f1\\Editor\\Unity.exe -projectpath F:\\Unity_projects\\Oblig2\\Drone_MLagents -useHub -hubIPC -cloudEnvironment production -licensingIpc LicenseClient-thoma -hubSessionId fdab3e28-56ad-4cc4-bef2-ee0793f780b4 -accessToken vlQe3mLhh7qApZiyVWbvWspxjU6ii0hwoNE4ydc98IU005f","communication_protocol_version":"1.5.0","com.unity.ml-agents_version":"2.0.1","scene_name":"Drone_Controller_DEV","end_time_seconds":"1700257068"}}