{"count":1,"self":1029.4643712,"total":11499.4442733,"children":{"InitializeActuators":{"count":9,"self":0.0020009,"total":0.0020009,"children":null},"InitializeSensors":{"count":9,"self":0.0019993999999999997,"total":0.0019993999999999997,"children":null},"AgentSendState":{"count":541334,"self":143.4925056,"total":1564.9050278999998,"children":{"CollectObservations":{"count":4872006,"self":1318.2142463999999,"total":1318.2142568,"children":null},"WriteActionMask":{"count":4872006,"self":3.23529,"total":3.2352898999999997,"children":null},"RequestDecision":{"count":4872006,"self":15.2881424,"total":99.9629808,"children":{"AgentInfo.ToProto":{"count":4872006,"self":10.6357992,"total":84.6748386,"children":{"GenerateSensorData":{"count":4872006,"self":60.114624,"total":74.039039199999991,"children":{"RayPerceptionSensor.Perceive":{"count":14616018,"self":13.9244144,"total":13.924413999999999,"children":null}}}}}}}}},"DecideAction":{"count":541334,"self":7579.5668992,"total":7579.5669095999992,"children":null},"AgentAct":{"count":541334,"self":1325.3206016,"total":1325.460446,"children":{"AgentInfo.ToProto":{"count":4865,"self":0.035019999999999996,"total":0.13982719999999998,"children":{"GenerateSensorData":{"count":4865,"self":0.0888235,"total":0.10480719999999999,"children":{"RayPerceptionSensor.Perceive":{"count":14595,"self":0.0159837,"total":0.0159837,"children":null}}}}}}},"AgentInfo.ToProto":{"count":1996,"self":0.0090189,"total":0.043544799999999995,"children":{"GenerateSensorData":{"count":1996,"self":0.0260256,"total":0.0345259,"children":{"RayPerceptionSensor.Perceive":{"count":5988,"self":0.0085002999999999988,"total":0.0085002999999999988,"children":null}}}}}},"gauges":{"DroneAgent.CumulativeReward":{"count":6861,"max":1.73201954,"min":-1.19052732,"runningAverage":-0.369291127,"value":-0.999950349,"weightedAverage":-0.4624166}},"metadata":{"timer_format_version":"0.1.0","start_time_seconds":"1696456943","unity_version":"2022.3.7f1","command_line_arguments":"F:\\UnityHub\\2022.3.7f1\\Editor\\Unity.exe -projectpath F:\\Unity projects\\Oblig2\\Drone_MLagents -useHub -hubIPC -cloudEnvironment production -licensingIpc LicenseClient-thoma -hubSessionId a02aa05b-5fe1-45e8-b0f2-d3465eebc408","communication_protocol_version":"1.5.0","com.unity.ml-agents_version":"2.0.1","scene_name":"Drone_Controller_DEV","end_time_seconds":"1696468442"}}