{"count":1,"self":404.9895168,"total":5892.3530089999995,"children":{"InitializeActuators":{"count":105,"self":0.0010002,"total":0.0010002,"children":null},"InitializeSensors":{"count":105,"self":0.0040079999999999994,"total":0.0040079999999999994,"children":null},"AgentSendState":{"count":239444,"self":440.1897472,"total":585.69285949999994,"children":{"CollectObservations":{"count":5028324,"self":20.9833712,"total":20.9833714,"children":null},"WriteActionMask":{"count":5028324,"self":2.0727718,"total":2.0727718,"children":null},"RequestDecision":{"count":5028324,"self":11.213519999999999,"total":122.44697629999999,"children":{"AgentInfo.ToProto":{"count":5002578,"self":7.2437648,"total":111.2334564,"children":{"GenerateSensorData":{"count":5002578,"self":73.4273024,"total":103.98969149999999,"children":{"RayPerceptionSensor.Perceive":{"count":25012890,"self":30.5623936,"total":30.562392199999998,"children":null}}}}}}}}},"DecideAction":{"count":239444,"self":4349.1704832,"total":4349.4295225999995,"children":{"RayPerceptionSensor.Perceive":{"count":128730,"self":0.2590483,"total":0.2590483,"children":null}}},"AgentAct":{"count":239444,"self":552.1522688,"total":552.185254,"children":{"AgentInfo.ToProto":{"count":865,"self":0.0060019,"total":0.0329888,"children":{"GenerateSensorData":{"count":865,"self":0.0209853,"total":0.026986899999999998,"children":{"RayPerceptionSensor.Perceive":{"count":4325,"self":0.0060015999999999993,"total":0.0060015999999999993,"children":null}}}}}}},"AgentInfo.ToProto":{"count":1695,"self":0.0059941,"total":0.0508606,"children":{"GenerateSensorData":{"count":1695,"self":0.0335451,"total":0.0448665,"children":{"RayPerceptionSensor.Perceive":{"count":8475,"self":0.011321399999999999,"total":0.011321399999999999,"children":null}}}}}},"gauges":{"DroneAgent.CumulativeReward":{"count":2560,"max":9.845445,"min":-10.64846,"runningAverage":2.38034582,"value":5.12359238,"weightedAverage":4.93298054}},"metadata":{"timer_format_version":"0.1.0","start_time_seconds":"1699734596","unity_version":"2022.3.7f1","command_line_arguments":"F:\\UnityHub\\2022.3.7f1\\Editor\\Unity.exe -projectpath F:\\Unity_projects\\Oblig2\\Drone_MLagents -useHub -hubIPC -cloudEnvironment production -licensingIpc LicenseClient-thoma -hubSessionId 73f58732-3efb-47db-94d9-4855de74b1a2 -accessToken zTAa3wAhUZstdHqbuZ2GA8RArIbWl7wIr8EBwALJrQo005f","communication_protocol_version":"1.5.0","com.unity.ml-agents_version":"2.0.1","scene_name":"Drone_Controller_DEV","end_time_seconds":"1699740488"}}