{"count":1,"self":20688.006348799998,"total":24740.2946337,"children":{"InitializeActuators":{"count":16,"self":0.0020093,"total":0.0020093,"children":null},"InitializeSensors":{"count":16,"self":0.0020007,"total":0.0020007,"children":null},"AgentSendState":{"count":92367,"self":42.4081408,"total":393.25147219999997,"children":{"CollectObservations":{"count":1477872,"self":324.1788672,"total":324.1788595,"children":null},"WriteActionMask":{"count":1477872,"self":0.80814489999999994,"total":0.80814489999999994,"children":null},"RequestDecision":{"count":1477872,"self":3.8787184,"total":25.856325899999998,"children":{"AgentInfo.ToProto":{"count":1477872,"self":2.5235004,"total":21.9776073,"children":{"GenerateSensorData":{"count":1477872,"self":15.650633599999999,"total":19.4541069,"children":{"RayPerceptionSensor.Perceive":{"count":4433616,"self":3.8034736,"total":3.8034738,"children":null}}}}}}}}},"DecideAction":{"count":92367,"self":3368.4991999999997,"total":3368.4992683,"children":null},"AgentAct":{"count":92367,"self":290.5158656,"total":290.5318668,"children":{"AgentInfo.ToProto":{"count":954,"self":0.0030012999999999997,"total":0.0160026,"children":{"GenerateSensorData":{"count":954,"self":0.008999,"total":0.013001299999999999,"children":{"RayPerceptionSensor.Perceive":{"count":2862,"self":0.0040022999999999994,"total":0.0040022999999999994,"children":null}}}}}}},"AgentInfo.ToProto":{"count":45,"self":0,"total":0.0010002,"children":{"GenerateSensorData":{"count":45,"self":0.0010002,"total":0.0010002,"children":{"RayPerceptionSensor.Perceive":{"count":135,"self":0,"total":0,"children":null}}}}}},"gauges":{"DroneAgent.CumulativeReward":{"count":999,"max":1.57658255,"min":-1.19197667,"runningAverage":-1.0082835,"value":-1.09641778,"weightedAverage":-1.08375955}},"metadata":{"timer_format_version":"0.1.0","start_time_seconds":"1696397202","unity_version":"2022.3.7f1","command_line_arguments":"F:\\UnityHub\\2022.3.7f1\\Editor\\Unity.exe -projectpath F:\\Unity projects\\Oblig2\\Drone_MLagents -useHub -hubIPC -cloudEnvironment production -licensingIpc LicenseClient-thoma -hubSessionId 94a3ba41-3f04-4956-b2a1-93d197d36790","communication_protocol_version":"1.5.0","com.unity.ml-agents_version":"2.0.1","scene_name":"Drone_Controller_DEV","end_time_seconds":"1696421943"}}