{"count":1,"self":255.1816448,"total":8231.9185227999988,"children":{"InitializeActuators":{"count":11,"self":0.0010004999999999999,"total":0.0010004999999999999,"children":null},"InitializeSensors":{"count":11,"self":0.0020005,"total":0.0020005,"children":null},"AgentSendState":{"count":426017,"self":404.4657664,"total":2171.4819585,"children":{"CollectObservations":{"count":4686187,"self":1012.1909248,"total":1012.1909472,"children":null},"WriteActionMask":{"count":4686187,"self":2.7693353999999997,"total":2.7693353999999997,"children":null},"RequestDecision":{"count":4686187,"self":12.9628736,"total":738.6212121,"children":{"AgentInfo.ToProto":{"count":4686187,"self":10.712508,"total":725.6583383,"children":{"GenerateSensorData":{"count":4686187,"self":700.65996799999994,"total":714.94583019999993,"children":{"RayPerceptionSensor.Perceive":{"count":14058561,"self":14.285843199999999,"total":14.285843,"children":null}}}}}}},"RayPerceptionSensor.Perceive":{"count":14058000,"self":13.434686399999999,"total":13.434686099999999,"children":null}}},"DecideAction":{"count":426017,"self":5791.7923328,"total":5791.7922942999994,"children":null},"AgentAct":{"count":426017,"self":12.6844608,"total":13.459627699999999,"children":{"AgentInfo.ToProto":{"count":4686,"self":0.0160038,"total":0.76016489999999992,"children":{"GenerateSensorData":{"count":4686,"self":0.726159,"total":0.7441611,"children":{"RayPerceptionSensor.Perceive":{"count":14058,"self":0.0180021,"total":0.0180021,"children":null}}}}},"RayPerceptionSensor.Perceive":{"count":14058,"self":0.015002199999999999,"total":0.015002199999999999,"children":null}}}},"gauges":{"DroneAgent.CumulativeReward":{"count":4686,"max":0.9999907,"min":0.0290000029,"runningAverage":0.404667437,"value":0.351999,"weightedAverage":0.3508433}},"metadata":{"timer_format_version":"0.1.0","start_time_seconds":"1696267561","unity_version":"2022.3.7f1","command_line_arguments":"F:\\UnityHub\\2022.3.7f1\\Editor\\Unity.exe -projectPath F:\\Unity projects\\Oblig2\\Drone_MLagents","communication_protocol_version":"1.5.0","com.unity.ml-agents_version":"2.0.1","scene_name":"Drone_Controller_DEV","end_time_seconds":"1696275793"}}