{"count":1,"self":19489.3774848,"total":24961.237594799997,"children":{"InitializeActuators":{"count":36,"self":0.0019998,"total":0.0019998,"children":null},"InitializeSensors":{"count":36,"self":0.0020009,"total":0.0020009,"children":null},"AgentSendState":{"count":418457,"self":106.49587199999999,"total":305.74882729999996,"children":{"CollectObservations":{"count":5021484,"self":118.1659904,"total":118.1659945,"children":null},"WriteActionMask":{"count":5021484,"self":2.3165856,"total":2.3165856,"children":null},"RequestDecision":{"count":5021484,"self":10.626011199999999,"total":78.7703733,"children":{"AgentInfo.ToProto":{"count":5000412,"self":7.1540224,"total":68.14436169999999,"children":{"GenerateSensorData":{"count":5000412,"self":48.871184,"total":60.990339399999996,"children":{"RayPerceptionSensor.Perceive":{"count":15001236,"self":12.1191544,"total":12.1191544,"children":null}}}}}}}}},"DecideAction":{"count":418457,"self":4427.782144,"total":4427.8591422,"children":{"RayPerceptionSensor.Perceive":{"count":63216,"self":0.077026299999999992,"total":0.077026299999999992,"children":null}}},"AgentAct":{"count":418457,"self":737.9812352,"total":738.0012733,"children":{"AgentInfo.ToProto":{"count":1358,"self":0.0040018,"total":0.0200216,"children":{"GenerateSensorData":{"count":1358,"self":0.013018799999999999,"total":0.0160198,"children":{"RayPerceptionSensor.Perceive":{"count":4074,"self":0.0030009999999999998,"total":0.0030009999999999998,"children":null}}}}}}},"AgentInfo.ToProto":{"count":12505,"self":0.046988999999999996,"total":0.247128,"children":{"GenerateSensorData":{"count":12505,"self":0.1581321,"total":0.20013899999999998,"children":{"RayPerceptionSensor.Perceive":{"count":37515,"self":0.0420069,"total":0.0420069,"children":null}}}}}},"gauges":{"DroneAgent.CumulativeReward":{"count":13952,"max":5.29945469,"min":-1.85650289,"runningAverage":1.90516162,"value":1.73134685,"weightedAverage":1.89043558}},"metadata":{"timer_format_version":"0.1.0","start_time_seconds":"1696813860","unity_version":"2022.3.7f1","command_line_arguments":"F:\\UnityHub\\2022.3.7f1\\Editor\\Unity.exe -projectpath F:\\Unity projects\\Oblig2\\Drone_MLagents -useHub -hubIPC -cloudEnvironment production -licensingIpc LicenseClient-thoma -hubSessionId 0fb5652f-b531-4238-8ea0-05112dbeb175 -accessToken sf0uiuUaAfSWomJZZE58u0zFGPyHhCkIv4OOfZVKy7E005f","communication_protocol_version":"1.5.0","com.unity.ml-agents_version":"2.0.1","scene_name":"Drone_Controller_DEV","end_time_seconds":"1696838822"}}