{"count":1,"self":13146.402816,"total":38489.0595575,"children":{"InitializeActuators":{"count":247,"self":0.0019963999999999997,"total":0.0019963999999999997,"children":null},"InitializeSensors":{"count":247,"self":0.0051791,"total":0.0051791,"children":null},"AgentSendState":{"count":1962548,"self":1127.0243328,"total":1704.1010471,"children":{"CollectObservations":{"count":25513124,"self":94.9918848,"total":94.991884599999992,"children":null},"WriteActionMask":{"count":25513124,"self":11.41028,"total":11.4102803,"children":null},"RequestDecision":{"count":25513124,"self":55.4971904,"total":470.67450909999997,"children":{"AgentInfo.ToProto":{"count":25003186,"self":38.928521599999996,"total":415.1773158,"children":{"GenerateSensorData":{"count":25003186,"self":286.7269376,"total":376.2487933,"children":{"RayPerceptionSensor.Perceive":{"count":100012744,"self":89.521856,"total":89.52185639999999,"children":null}}}}}}}}},"DecideAction":{"count":1962548,"self":22158.2983168,"total":22161.1001323,"children":{"RayPerceptionSensor.Perceive":{"count":2039752,"self":2.8025059999999997,"total":2.8025059999999997,"children":null}}},"AgentAct":{"count":1962548,"self":1477.2814848,"total":1477.3585705,"children":{"AgentInfo.ToProto":{"count":3055,"self":0.0133964,"total":0.07708029999999999,"children":{"GenerateSensorData":{"count":3055,"self":0.0496352,"total":0.0636839,"children":{"RayPerceptionSensor.Perceive":{"count":12220,"self":0.014048699999999999,"total":0.014048699999999999,"children":null}}}}}}},"AgentInfo.ToProto":{"count":4072,"self":0.0140013,"total":0.0901023,"children":{"GenerateSensorData":{"count":4072,"self":0.061118399999999996,"total":0.076101,"children":{"RayPerceptionSensor.Perceive":{"count":16288,"self":0.014982599999999999,"total":0.014982599999999999,"children":null}}}}}},"gauges":{"DroneAgent.CumulativeReward":{"count":7209,"max":88.3749161,"min":-4.140721,"runningAverage":23.5849724,"value":42.51536,"weightedAverage":37.8553}},"metadata":{"timer_format_version":"0.1.0","start_time_seconds":"1697295454","unity_version":"2022.3.7f1","command_line_arguments":"F:\\UnityHub\\2022.3.7f1\\Editor\\Unity.exe -projectpath F:\\Unity projects\\Oblig2\\Drone_MLagents -useHub -hubIPC -cloudEnvironment production -licensingIpc LicenseClient-thoma -hubSessionId 40cc0495-7063-493a-9b90-462d73f36ab3 -accessToken P9GOLobhqjQDEr4ReMOl_83wyiThbV_kkzLmJvX7LjM005f","communication_protocol_version":"1.5.0","com.unity.ml-agents_version":"2.0.1","scene_name":"Drone_Controller_DEV","end_time_seconds":"1697333943"}}