{"count":1,"self":2645.605376,"total":7909.5335023,"children":{"InitializeActuators":{"count":21,"self":0.001,"total":0.001,"children":null},"InitializeSensors":{"count":21,"self":0.0020011,"total":0.0020011,"children":null},"AgentSendState":{"count":250034,"self":325.7337088,"total":454.1276296,"children":{"CollectObservations":{"count":5250714,"self":19.2670144,"total":19.2670146,"children":null},"WriteActionMask":{"count":5250714,"self":2.26771,"total":2.26771,"children":null},"RequestDecision":{"count":5250714,"self":11.5908456,"total":106.85920619999999,"children":{"AgentInfo.ToProto":{"count":5000680,"self":7.406536,"total":95.268360399999992,"children":{"GenerateSensorData":{"count":5000680,"self":66.51008,"total":87.8618247,"children":{"RayPerceptionSensor.Perceive":{"count":25003400,"self":21.3517424,"total":21.351742899999998,"children":null}}}}}}}}},"DecideAction":{"count":250034,"self":4385.0432512,"total":4387.9969937999995,"children":{"RayPerceptionSensor.Perceive":{"count":1250170,"self":2.9535532,"total":2.9535532,"children":null}}},"AgentAct":{"count":250034,"self":421.725312,"total":421.7625486,"children":{"AgentInfo.ToProto":{"count":1666,"self":0.0050219999999999996,"total":0.037244599999999996,"children":{"GenerateSensorData":{"count":1666,"self":0.0264797,"total":0.0322226,"children":{"RayPerceptionSensor.Perceive":{"count":8330,"self":0.0057429,"total":0.0057429,"children":null}}}}}}},"AgentInfo.ToProto":{"count":1381,"self":0.0080026,"total":0.038009799999999996,"children":{"GenerateSensorData":{"count":1381,"self":0.0230046,"total":0.030007199999999998,"children":{"RayPerceptionSensor.Perceive":{"count":6905,"self":0.0070025999999999994,"total":0.0070025999999999994,"children":null}}}}}},"gauges":{"DroneAgent.CumulativeReward":{"count":3137,"max":14.8016825,"min":-2.57452822,"runningAverage":2.50625443,"value":5.69895,"weightedAverage":2.74446917}},"metadata":{"timer_format_version":"0.1.0","start_time_seconds":"1699424474","unity_version":"2022.3.7f1","command_line_arguments":"F:\\UnityHub\\2022.3.7f1\\Editor\\Unity.exe -projectpath F:\\Unity_projects\\Oblig2\\Drone_MLagents -useHub -hubIPC -cloudEnvironment production -licensingIpc LicenseClient-thoma -hubSessionId 89ff2e96-7dbf-4acf-a41a-626bfca7c9b8 -accessToken AB9pPdVAtSAI6_NqoLVL8UCAyqp_jjvzQXvS0-iKEBU005f","communication_protocol_version":"1.5.0","com.unity.ml-agents_version":"2.0.1","scene_name":"Drone_Controller_DEV","end_time_seconds":"1699432384"}}