{"count":1,"self":30366.3939584,"total":54642.6076785,"children":{"InitializeActuators":{"count":168,"self":0.0030020999999999997,"total":0.0030020999999999997,"children":null},"InitializeSensors":{"count":168,"self":0.0035188999999999997,"total":0.0035188999999999997,"children":null},"AgentSendState":{"count":979452,"self":1804.1991168,"total":2438.2026391,"children":{"CollectObservations":{"count":20568492,"self":92.284032,"total":92.2840301,"children":null},"WriteActionMask":{"count":20568492,"self":9.7454736,"total":9.745474,"children":null},"RequestDecision":{"count":20568492,"self":48.431376,"total":531.9740869,"children":{"AgentInfo.ToProto":{"count":20424327,"self":32.6039712,"total":483.5427097,"children":{"GenerateSensorData":{"count":20424327,"self":322.770304,"total":450.9387385,"children":{"RayPerceptionSensor.Perceive":{"count":102121635,"self":128.1684352,"total":128.16843169999999,"children":null}}}}}}}}},"DecideAction":{"count":979452,"self":19552.8769536,"total":19554.526696499997,"children":{"RayPerceptionSensor.Perceive":{"count":720825,"self":1.6491399,"total":1.6491399,"children":null}}},"AgentAct":{"count":979452,"self":2283.2115712,"total":2283.4139319,"children":{"AgentInfo.ToProto":{"count":6110,"self":0.0374039,"total":0.2023381,"children":{"GenerateSensorData":{"count":6110,"self":0.11861709999999999,"total":0.1649342,"children":{"RayPerceptionSensor.Perceive":{"count":30550,"self":0.0463171,"total":0.0463171,"children":null}}}}}}},"AgentInfo.ToProto":{"count":2062,"self":0.0075656,"total":0.064203799999999991,"children":{"GenerateSensorData":{"count":2062,"self":0.0407845,"total":0.0566382,"children":{"RayPerceptionSensor.Perceive":{"count":10310,"self":0.0158537,"total":0.0158537,"children":null}}}}}},"gauges":{"DroneAgent.CumulativeReward":{"count":8217,"max":16.8576717,"min":-4.202302,"runningAverage":7.95438242,"value":4.24313927,"weightedAverage":8.732173}},"metadata":{"timer_format_version":"0.1.0","start_time_seconds":"1700125208","unity_version":"2022.3.7f1","command_line_arguments":"F:\\UnityHub\\2022.3.7f1\\Editor\\Unity.exe -projectpath F:\\Unity_projects\\Oblig2\\Drone_MLagents -useHub -hubIPC -cloudEnvironment production -licensingIpc LicenseClient-thoma -hubSessionId 73f58732-3efb-47db-94d9-4855de74b1a2 -accessToken zTAa3wAhUZstdHqbuZ2GA8RArIbWl7wIr8EBwALJrQo005f","communication_protocol_version":"1.5.0","com.unity.ml-agents_version":"2.0.1","scene_name":"Drone_Controller_DEV","end_time_seconds":"1700179850"}}