{"count":1,"self":4672.9322495999995,"total":5812.0023989,"children":{"InitializeActuators":{"count":39,"self":0.0020009,"total":0.0020009,"children":null},"InitializeSensors":{"count":39,"self":0.0030012999999999997,"total":0.0030012999999999997,"children":null},"AgentSendState":{"count":55808,"self":16.9264928,"total":30.9198937,"children":{"CollectObservations":{"count":704418,"self":2.0483964,"total":2.0483963,"children":null},"WriteActionMask":{"count":704418,"self":0.3914175,"total":0.3914175,"children":null},"RequestDecision":{"count":704418,"self":1.7678524,"total":11.553587,"children":{"RayPerceptionSensor.Perceive":{"count":20565,"self":0.020000499999999997,"total":0.020000499999999997,"children":null},"AgentInfo.ToProto":{"count":697563,"self":1.1718492999999999,"total":9.7657341,"children":{"GenerateSensorData":{"count":697563,"self":6.8163247999999994,"total":8.5938848,"children":{"RayPerceptionSensor.Perceive":{"count":2092689,"self":1.7775603999999998,"total":1.7775603999999998,"children":null}}}}}}}}},"DecideAction":{"count":55808,"self":668.0663552,"total":668.06634509999992,"children":null},"AgentAct":{"count":55808,"self":440.0501248,"total":440.0768202,"children":{"AgentInfo.ToProto":{"count":815,"self":0.0060022,"total":0.0266722,"children":{"GenerateSensorData":{"count":815,"self":0.014988699999999999,"total":0.020669999999999997,"children":{"RayPerceptionSensor.Perceive":{"count":2445,"self":0.0056812999999999994,"total":0.0056812999999999994,"children":null}}}}}}},"RayPerceptionSensor.Perceive":{"count":45,"self":0,"total":0,"children":null},"AgentInfo.ToProto":{"count":191,"self":0,"total":0.0020001999999999997,"children":{"GenerateSensorData":{"count":191,"self":0.0020001999999999997,"total":0.0020001999999999997,"children":{"RayPerceptionSensor.Perceive":{"count":573,"self":0,"total":0,"children":null}}}}}},"gauges":{"DroneAgent.CumulativeReward":{"count":1021,"max":3.081335,"min":-0.605655,"runningAverage":1.5296433,"value":1.41561937,"weightedAverage":1.47643769}},"metadata":{"timer_format_version":"0.1.0","start_time_seconds":"1696727231","unity_version":"2022.3.7f1","command_line_arguments":"F:\\UnityHub\\2022.3.7f1\\Editor\\Unity.exe -projectpath F:\\Unity projects\\Oblig2\\Drone_MLagents -useHub -hubIPC -cloudEnvironment production -licensingIpc LicenseClient-thoma -hubSessionId f14b72fc-134a-4076-a940-6a67de6f93f1 -accessToken MCXRkXnzXVBOar1xhA8ZJm_0OnpEaC3Gq6zCceZG_5Q005f","communication_protocol_version":"1.5.0","com.unity.ml-agents_version":"2.0.1","scene_name":"Drone_Controller_DEV","end_time_seconds":"1696733043"}}