{"count":1,"self":8997.6258559999987,"total":13622.3852711,"children":{"InitializeActuators":{"count":12,"self":0.0010004,"total":0.0010004,"children":null},"InitializeSensors":{"count":12,"self":0,"total":0,"children":null},"AgentSendState":{"count":416701,"self":106.27727999999999,"total":192.8252762,"children":{"CollectObservations":{"count":5000412,"self":11.270053599999999,"total":11.2700535,"children":null},"WriteActionMask":{"count":5000412,"self":2.118651,"total":2.118651,"children":null},"RequestDecision":{"count":5000412,"self":10.126187999999999,"total":73.1592932,"children":{"AgentInfo.ToProto":{"count":5000412,"self":7.252768,"total":63.033105299999995,"children":{"GenerateSensorData":{"count":5000412,"self":43.943513599999996,"total":55.7803373,"children":{"RayPerceptionSensor.Perceive":{"count":15001236,"self":11.836824,"total":11.8368243,"children":null}}}}}}}}},"DecideAction":{"count":416701,"self":4272.4765695999995,"total":4272.4766433999994,"children":null},"AgentAct":{"count":416701,"self":159.1143936,"total":159.1243963,"children":{"AgentInfo.ToProto":{"count":792,"self":0,"total":0.0100064,"children":{"GenerateSensorData":{"count":792,"self":0.0080053,"total":0.0100064,"children":{"RayPerceptionSensor.Perceive":{"count":2376,"self":0.0020011,"total":0.0020011,"children":null}}}}}}},"AgentInfo.ToProto":{"count":19843,"self":0.055040599999999995,"total":0.33211389999999996,"children":{"GenerateSensorData":{"count":19843,"self":0.21531309999999998,"total":0.27707329999999997,"children":{"RayPerceptionSensor.Perceive":{"count":59529,"self":0.061760199999999994,"total":0.061760199999999994,"children":null}}}}}},"gauges":{"DroneAgent.CumulativeReward":{"count":20635,"max":3.73136449,"min":-2.011006,"runningAverage":1.64310694,"value":2.76117349,"weightedAverage":2.4466157}},"metadata":{"timer_format_version":"0.1.0","start_time_seconds":"1696776626","unity_version":"2022.3.7f1","command_line_arguments":"F:\\UnityHub\\2022.3.7f1\\Editor\\Unity.exe -projectpath F:\\Unity projects\\Oblig2\\Drone_MLagents -useHub -hubIPC -cloudEnvironment production -licensingIpc LicenseClient-thoma -hubSessionId 0fb5652f-b531-4238-8ea0-05112dbeb175 -accessToken YxRpiYVIkTPhLjBXS88KeTnpRaFD3C8xuilMVgZkMOs005f","communication_protocol_version":"1.5.0","com.unity.ml-agents_version":"2.0.1","scene_name":"Drone_Controller_DEV","end_time_seconds":"1696790248"}}