{"count":1,"self":479.79791359999996,"total":54225.823901899996,"children":{"InitializeActuators":{"count":63,"self":0.0020004,"total":0.0020004,"children":null},"InitializeSensors":{"count":63,"self":0.0049327,"total":0.0049327,"children":null},"AgentSendState":{"count":442253,"self":1599.7707263999998,"total":2778.9151466,"children":{"CollectObservations":{"count":9287313,"self":133.7063296,"total":133.70632369999998,"children":null},"WriteActionMask":{"count":9287313,"self":23.282574399999998,"total":23.2825751,"children":null},"RequestDecision":{"count":9287313,"self":124.73049599999999,"total":1022.1555363,"children":{"AgentInfo.ToProto":{"count":9287313,"self":66.0546368,"total":897.4250445,"children":{"GenerateSensorData":{"count":9287313,"self":559.7478912,"total":831.3704098,"children":{"RayPerceptionSensor.Perceive":{"count":65011191,"self":271.622528,"total":271.62253039999996,"children":null}}}}}}}}},"DecideAction":{"count":442253,"self":49074.6150912,"total":49074.6143845,"children":null},"AgentAct":{"count":442253,"self":1891.3957888,"total":1891.5316876,"children":{"AgentInfo.ToProto":{"count":1178,"self":0.011994399999999999,"total":0.1359649,"children":{"GenerateSensorData":{"count":1178,"self":0.0839514,"total":0.1239705,"children":{"RayPerceptionSensor.Perceive":{"count":8246,"self":0.040019099999999995,"total":0.040019099999999995,"children":null}}}}}}},"AgentInfo.ToProto":{"count":9602,"self":0.0980586,"total":0.95783029999999991,"children":{"GenerateSensorData":{"count":9602,"self":0.5949492,"total":0.85977169999999992,"children":{"RayPerceptionSensor.Perceive":{"count":67214,"self":0.26482249999999996,"total":0.26482249999999996,"children":null}}}}}},"gauges":{"DroneAgent.CumulativeReward":{"count":10780,"max":7.204042,"min":-8.573293,"runningAverage":0.290957719,"value":0.481510371,"weightedAverage":0.721841156}},"metadata":{"timer_format_version":"0.1.0","start_time_seconds":"1700591368","unity_version":"2022.3.7f1","command_line_arguments":"F:\\UnityHub\\2022.3.7f1\\Editor\\Unity.exe -projectpath F:\\Unity_projects\\Oblig2\\Drone_MLagents -useHub -hubIPC -cloudEnvironment production -licensingIpc LicenseClient-thoma -hubSessionId fdab3e28-56ad-4cc4-bef2-ee0793f780b4 -accessToken vlQe3mLhh7qApZiyVWbvWspxjU6ii0hwoNE4ydc98IU005f","communication_protocol_version":"1.5.0","com.unity.ml-agents_version":"2.0.1","scene_name":"Drone_Controller_DEV","end_time_seconds":"1700645593"}}