{"count":1,"self":638.09868799999992,"total":7114.5021538,"children":{"InitializeActuators":{"count":13,"self":0.0010012999999999999,"total":0.0010012999999999999,"children":null},"InitializeSensors":{"count":13,"self":0.0020009,"total":0.0020009,"children":null},"AgentSendState":{"count":425924,"self":105.5388224,"total":193.1968382,"children":{"CollectObservations":{"count":5009635,"self":11.531032,"total":11.531032,"children":null},"WriteActionMask":{"count":5009635,"self":2.1830092,"total":2.1830092999999997,"children":null},"RequestDecision":{"count":5009635,"self":10.208295999999999,"total":73.92595,"children":{"RayPerceptionSensor.Perceive":{"count":27669,"self":0.014718,"total":0.014718,"children":null},"AgentInfo.ToProto":{"count":5000412,"self":7.0733872,"total":63.7029357,"children":{"GenerateSensorData":{"count":5000412,"self":44.696656,"total":56.6295487,"children":{"RayPerceptionSensor.Perceive":{"count":15001236,"self":11.9328936,"total":11.9328937,"children":null}}}}}}},"RayPerceptionSensor.Perceive":{"count":27666,"self":0.018021799999999998,"total":0.018021799999999998,"children":null}}},"DecideAction":{"count":425924,"self":4366.8205567999994,"total":4366.8205524999994,"children":null},"AgentAct":{"count":425924,"self":1916.2370048,"total":1916.3300689,"children":{"AgentInfo.ToProto":{"count":5307,"self":0.011983299999999999,"total":0.0930331,"children":{"GenerateSensorData":{"count":5307,"self":0.0650477,"total":0.081049799999999991,"children":{"RayPerceptionSensor.Perceive":{"count":15921,"self":0.0160021,"total":0.0160021,"children":null}}}}}}},"RayPerceptionSensor.Perceive":{"count":258,"self":0,"total":0,"children":null},"AgentInfo.ToProto":{"count":2663,"self":0.009999,"total":0.0530265,"children":{"GenerateSensorData":{"count":2663,"self":0.031026099999999997,"total":0.043027499999999996,"children":{"RayPerceptionSensor.Perceive":{"count":7989,"self":0.012001399999999999,"total":0.012001399999999999,"children":null}}}}}},"gauges":{"DroneAgent.CumulativeReward":{"count":8013,"max":4.866726,"min":-1.65548873,"runningAverage":1.80045187,"value":0.307273924,"weightedAverage":1.39297831}},"metadata":{"timer_format_version":"0.1.0","start_time_seconds":"1696735176","unity_version":"2022.3.7f1","command_line_arguments":"F:\\UnityHub\\2022.3.7f1\\Editor\\Unity.exe -projectpath F:\\Unity projects\\Oblig2\\Drone_MLagents -useHub -hubIPC -cloudEnvironment production -licensingIpc LicenseClient-thoma -hubSessionId 0fb5652f-b531-4238-8ea0-05112dbeb175 -accessToken J21ZQ3rUZlwoV3DCUZi25YMYfTEiNFw46LBUsDCCj-s005f","communication_protocol_version":"1.5.0","com.unity.ml-agents_version":"2.0.1","scene_name":"Drone_Controller_DEV","end_time_seconds":"1696742291"}}