{"count":1,"self":14217.568255999999,"total":20033.8752652,"children":{"InitializeActuators":{"count":252,"self":0.0039991,"total":0.0039991,"children":null},"InitializeSensors":{"count":230,"self":0.0020003,"total":0.0020003,"children":null},"AgentSendState":{"count":245870,"self":505.59472639999996,"total":654.5073871,"children":{"CollectObservations":{"count":5161539,"self":22.4160784,"total":22.416078,"children":null},"WriteActionMask":{"count":5161539,"self":2.0582838,"total":2.0582838,"children":null},"RequestDecision":{"count":5161539,"self":11.2402,"total":124.43828509999999,"children":{"RayPerceptionSensor.Perceive":{"count":88890,"self":0.0902491,"total":0.0902491,"children":null},"AgentInfo.ToProto":{"count":5044242,"self":7.2746743999999994,"total":113.1078361,"children":{"GenerateSensorData":{"count":5044242,"self":75.6838272,"total":105.8331616,"children":{"RayPerceptionSensor.Perceive":{"count":25221210,"self":30.149334399999997,"total":30.149334699999997,"children":null}}}}}}}}},"DecideAction":{"count":245870,"self":4538.4851456,"total":4539.3912607,"children":{"RayPerceptionSensor.Perceive":{"count":497595,"self":0.90625,"total":0.90625,"children":null}}},"AgentAct":{"count":245870,"self":622.33390079999992,"total":622.35554059999993,"children":{"AgentInfo.ToProto":{"count":773,"self":0.0015036,"total":0.021642099999999997,"children":{"GenerateSensorData":{"count":773,"self":0.0160499,"total":0.0201385,"children":{"RayPerceptionSensor.Perceive":{"count":3865,"self":0.0040885999999999995,"total":0.0040885999999999995,"children":null}}}}}}},"AgentInfo.ToProto":{"count":1873,"self":0.0099991,"total":0.0469107,"children":{"GenerateSensorData":{"count":1873,"self":0.0264322,"total":0.036911599999999996,"children":{"RayPerceptionSensor.Perceive":{"count":9365,"self":0.0104794,"total":0.0104794,"children":null}}}}}},"gauges":{"DroneAgent.CumulativeReward":{"count":2806,"max":16.8140488,"min":-11.9248905,"runningAverage":1.4476558,"value":-0.0998539254,"weightedAverage":2.74323249}},"metadata":{"timer_format_version":"0.1.0","start_time_seconds":"1699570124","unity_version":"2022.3.7f1","command_line_arguments":"F:\\UnityHub\\2022.3.7f1\\Editor\\Unity.exe -projectpath F:\\Unity_projects\\Oblig2\\Drone_MLagents -useHub -hubIPC -cloudEnvironment production -licensingIpc LicenseClient-thoma -hubSessionId 89ff2e96-7dbf-4acf-a41a-626bfca7c9b8 -accessToken 9rblF_kIsoJRXV5SNZ42RFv_E6i-QY6unpl-45fYLjA005f","communication_protocol_version":"1.5.0","com.unity.ml-agents_version":"2.0.1","scene_name":"Drone_Controller_DEV","end_time_seconds":"1699590158"}}