{"count":1,"self":744.40447999999992,"total":6401.7732763999993,"children":{"InitializeActuators":{"count":64,"self":0.0020009999999999997,"total":0.0020009999999999997,"children":null},"InitializeSensors":{"count":64,"self":0,"total":0,"children":null},"AgentSendState":{"count":243684,"self":500.41436159999995,"total":647.95200119999993,"children":{"CollectObservations":{"count":5008164,"self":22.329707199999998,"total":22.3297067,"children":null},"WriteActionMask":{"count":5008164,"self":2.0665328,"total":2.0665329,"children":null},"RequestDecision":{"count":5008164,"self":11.245041599999999,"total":123.11437369999999,"children":{"RayPerceptionSensor.Perceive":{"count":36750,"self":0.0330421,"total":0.0330421,"children":null},"AgentInfo.ToProto":{"count":5000814,"self":7.192384,"total":111.8362903,"children":{"GenerateSensorData":{"count":5000814,"self":74.2526336,"total":104.6439065,"children":{"RayPerceptionSensor.Perceive":{"count":25004070,"self":30.3912704,"total":30.3912704,"children":null}}}}}}},"RayPerceptionSensor.Perceive":{"count":27295,"self":0.027010199999999998,"total":0.027010199999999998,"children":null}}},"DecideAction":{"count":243684,"self":4391.2572928,"total":4391.2574542,"children":null},"AgentAct":{"count":243684,"self":617.95328,"total":618.118311,"children":{"RayPerceptionSensor.Perceive":{"count":90,"self":0,"total":0,"children":null},"AgentInfo.ToProto":{"count":5711,"self":0.015009399999999999,"total":0.1650149,"children":{"GenerateSensorData":{"count":5711,"self":0.0949931,"total":0.15000549999999999,"children":{"RayPerceptionSensor.Perceive":{"count":28555,"self":0.055012399999999996,"total":0.055012399999999996,"children":null}}}}}}},"RayPerceptionSensor.Perceive":{"count":10,"self":0,"total":0,"children":null},"AgentInfo.ToProto":{"count":1427,"self":0.0030017,"total":0.0390097,"children":{"GenerateSensorData":{"count":1427,"self":0.0260087,"total":0.036008,"children":{"RayPerceptionSensor.Perceive":{"count":7135,"self":0.0099993,"total":0.0099993,"children":null}}}}}},"gauges":{"DroneAgent.CumulativeReward":{"count":7148,"max":17.9178181,"min":-11.911128,"runningAverage":4.53932238,"value":11.2041378,"weightedAverage":7.86799765}},"metadata":{"timer_format_version":"0.1.0","start_time_seconds":"1699562702","unity_version":"2022.3.7f1","command_line_arguments":"F:\\UnityHub\\2022.3.7f1\\Editor\\Unity.exe -projectpath F:\\Unity_projects\\Oblig2\\Drone_MLagents -useHub -hubIPC -cloudEnvironment production -licensingIpc LicenseClient-thoma -hubSessionId 89ff2e96-7dbf-4acf-a41a-626bfca7c9b8 -accessToken 9rblF_kIsoJRXV5SNZ42RFv_E6i-QY6unpl-45fYLjA005f","communication_protocol_version":"1.5.0","com.unity.ml-agents_version":"2.0.1","scene_name":"Drone_Controller_DEV","end_time_seconds":"1699569104"}}