{"count":1,"self":2083.1002624,"total":10989.5212754,"children":{"InitializeActuators":{"count":42,"self":0.0010004999999999999,"total":0.0010004999999999999,"children":null},"InitializeSensors":{"count":42,"self":0.0050009999999999994,"total":0.0050009999999999994,"children":null},"AgentSendState":{"count":226285,"self":852.3058688,"total":1456.1028787,"children":{"CollectObservations":{"count":4751985,"self":68.8139648,"total":68.8139625,"children":null},"WriteActionMask":{"count":4751985,"self":11.750584799999999,"total":11.750585,"children":null},"RequestDecision":{"count":4751985,"self":63.9189632,"total":523.2324772,"children":{"AgentInfo.ToProto":{"count":4751985,"self":33.2567264,"total":459.31351209999997,"children":{"GenerateSensorData":{"count":4751985,"self":285.8894848,"total":426.05678689999996,"children":{"RayPerceptionSensor.Perceive":{"count":33263895,"self":140.167296,"total":140.1672897,"children":null}}}}}}}}},"DecideAction":{"count":226285,"self":6440.6097919999993,"total":6440.6099245,"children":null},"AgentAct":{"count":226285,"self":1008.2741248,"total":1009.120721,"children":{"AgentInfo.ToProto":{"count":7855,"self":0.078581,"total":0.8466269,"children":{"GenerateSensorData":{"count":7855,"self":0.48756459999999996,"total":0.7680459,"children":{"RayPerceptionSensor.Perceive":{"count":54985,"self":0.2804813,"total":0.2804813,"children":null}}}}}}},"AgentInfo.ToProto":{"count":5424,"self":0.0696065,"total":0.58145479999999994,"children":{"GenerateSensorData":{"count":5424,"self":0.34976599999999997,"total":0.51184829999999992,"children":{"RayPerceptionSensor.Perceive":{"count":37968,"self":0.16208229999999998,"total":0.16208229999999998,"children":null}}}}}},"gauges":{"DroneAgent.CumulativeReward":{"count":13279,"max":7.96995068,"min":-6.251886,"runningAverage":-0.343648374,"value":0.233667657,"weightedAverage":-0.772601545}},"metadata":{"timer_format_version":"0.1.0","start_time_seconds":"1700490766","unity_version":"2022.3.7f1","command_line_arguments":"F:\\UnityHub\\2022.3.7f1\\Editor\\Unity.exe -projectpath F:\\Unity_projects\\Oblig2\\Drone_MLagents -useHub -hubIPC -cloudEnvironment production -licensingIpc LicenseClient-thoma -hubSessionId fdab3e28-56ad-4cc4-bef2-ee0793f780b4 -accessToken vlQe3mLhh7qApZiyVWbvWspxjU6ii0hwoNE4ydc98IU005f","communication_protocol_version":"1.5.0","com.unity.ml-agents_version":"2.0.1","scene_name":"Drone_Controller_DEV","end_time_seconds":"1700501755"}}