{"count":1,"self":683.9947264,"total":7103.5722407999992,"children":{"InitializeActuators":{"count":9,"self":0.0010004999999999999,"total":0.0010004999999999999,"children":null},"InitializeSensors":{"count":9,"self":0.0019998,"total":0.0019998,"children":null},"AgentSendState":{"count":292001,"self":76.475891199999992,"total":835.1549814,"children":{"CollectObservations":{"count":2628009,"self":705.9363328,"total":705.9363308,"children":null},"WriteActionMask":{"count":2628009,"self":1.601991,"total":1.601991,"children":null},"RequestDecision":{"count":2628009,"self":7.8608639999999994,"total":51.140768699999995,"children":{"AgentInfo.ToProto":{"count":2628009,"self":5.1386584,"total":43.2799045,"children":{"GenerateSensorData":{"count":2628009,"self":30.764556799999998,"total":38.1412463,"children":{"RayPerceptionSensor.Perceive":{"count":7884027,"self":7.376688,"total":7.3766881,"children":null}}}}}}}}},"DecideAction":{"count":292001,"self":4852.523008,"total":4852.5230504,"children":null},"AgentAct":{"count":292001,"self":731.82484479999994,"total":731.8944773,"children":{"AgentInfo.ToProto":{"count":3455,"self":0.0160189,"total":0.0696352,"children":{"GenerateSensorData":{"count":3455,"self":0.0428218,"total":0.0536163,"children":{"RayPerceptionSensor.Perceive":{"count":10365,"self":0.0107945,"total":0.0107945,"children":null}}}}}}},"AgentInfo.ToProto":{"count":85,"self":3.6999999999999997E-06,"total":0.0020036,"children":{"GenerateSensorData":{"count":85,"self":0.0010003,"total":0.0019998999999999998,"children":{"RayPerceptionSensor.Perceive":{"count":255,"self":0.0009996,"total":0.0009996,"children":null}}}}}},"gauges":{"DroneAgent.CumulativeReward":{"count":3540,"max":1.66026092,"min":-1.1831367,"runningAverage":-0.9612148,"value":-1.0000155,"weightedAverage":-1.00253594}},"metadata":{"timer_format_version":"0.1.0","start_time_seconds":"1696445634","unity_version":"2022.3.7f1","command_line_arguments":"F:\\UnityHub\\2022.3.7f1\\Editor\\Unity.exe -projectpath F:\\Unity projects\\Oblig2\\Drone_MLagents -useHub -hubIPC -cloudEnvironment production -licensingIpc LicenseClient-thoma -hubSessionId 94a3ba41-3f04-4956-b2a1-93d197d36790","communication_protocol_version":"1.5.0","com.unity.ml-agents_version":"2.0.1","scene_name":"Drone_Controller_DEV","end_time_seconds":"1696452738"}}