{"count":1,"self":35846.409420799995,"total":46242.982401099995,"children":{"InitializeActuators":{"count":296,"self":0.0020007,"total":0.0020007,"children":null},"InitializeSensors":{"count":296,"self":0.0010006,"total":0.0010006,"children":null},"AgentSendState":{"count":487566,"self":871.3817088,"total":1158.4270471,"children":{"CollectObservations":{"count":10207286,"self":41.798192,"total":41.7981924,"children":null},"WriteActionMask":{"count":10207286,"self":4.1044279999999995,"total":4.1044282,"children":null},"RequestDecision":{"count":10207286,"self":22.4557024,"total":241.1376743,"children":{"AgentInfo.ToProto":{"count":10004106,"self":14.235456,"total":218.6819722,"children":{"GenerateSensorData":{"count":10004106,"self":143.6913408,"total":204.44651689999998,"children":{"RayPerceptionSensor.Perceive":{"count":50020530,"self":60.755174399999994,"total":60.755176999999996,"children":null}}}}}}},"RayPerceptionSensor.Perceive":{"count":7890,"self":0.0050209999999999994,"total":0.0050209999999999994,"children":null}}},"DecideAction":{"count":487566,"self":8146.9980671999992,"total":8149.0837376,"children":{"RayPerceptionSensor.Perceive":{"count":1015900,"self":2.086042,"total":2.0860419,"children":null}}},"AgentAct":{"count":487566,"self":1088.6325248,"total":1089.0420718,"children":{"AgentInfo.ToProto":{"count":14248,"self":0.042758899999999996,"total":0.4095489,"children":{"GenerateSensorData":{"count":14248,"self":0.254833,"total":0.36679,"children":{"RayPerceptionSensor.Perceive":{"count":71240,"self":0.111957,"total":0.111957,"children":null}}}}},"RayPerceptionSensor.Perceive":{"count":5,"self":0,"total":0,"children":null}}},"AgentInfo.ToProto":{"count":381,"self":0.0010002,"total":0.0155006,"children":{"GenerateSensorData":{"count":381,"self":0.0109968,"total":0.0145004,"children":{"RayPerceptionSensor.Perceive":{"count":1905,"self":0.0035036,"total":0.0035036,"children":null}}}}}},"gauges":{"DroneAgent.CumulativeReward":{"count":14882,"max":5.93358469,"min":-10.8643541,"runningAverage":-4.0504365,"value":-3.412631,"weightedAverage":-3.017026}},"metadata":{"timer_format_version":"0.1.0","start_time_seconds":"1700022746","unity_version":"2022.3.7f1","command_line_arguments":"F:\\UnityHub\\2022.3.7f1\\Editor\\Unity.exe -projectpath F:\\Unity_projects\\Oblig2\\Drone_MLagents -useHub -hubIPC -cloudEnvironment production -licensingIpc LicenseClient-thoma -hubSessionId 73f58732-3efb-47db-94d9-4855de74b1a2 -accessToken zTAa3wAhUZstdHqbuZ2GA8RArIbWl7wIr8EBwALJrQo005f","communication_protocol_version":"1.5.0","com.unity.ml-agents_version":"2.0.1","scene_name":"Drone_Controller_DEV","end_time_seconds":"1700068989"}}