{"count":1,"self":371.912192,"total":8151.3330504,"children":{"InitializeActuators":{"count":9,"self":0.001,"total":0.001,"children":null},"InitializeSensors":{"count":9,"self":0.0020007,"total":0.0020007,"children":null},"AgentSendState":{"count":502151,"self":135.6742912,"total":1462.0310545,"children":{"CollectObservations":{"count":4519359,"self":1230.4647168,"total":1230.4646796,"children":null},"WriteActionMask":{"count":4519359,"self":3.0813509999999997,"total":3.0813509999999997,"children":null},"RequestDecision":{"count":4519359,"self":14.7601632,"total":92.810729099999989,"children":{"AgentInfo.ToProto":{"count":4519359,"self":9.913356,"total":78.05056669999999,"children":{"GenerateSensorData":{"count":4519359,"self":55.2824896,"total":68.1372105,"children":{"RayPerceptionSensor.Perceive":{"count":13558077,"self":12.8547216,"total":12.854721399999999,"children":null}}}}}}}}},"DecideAction":{"count":502151,"self":4941.2972543999995,"total":4941.2972192,"children":null},"AgentAct":{"count":502151,"self":1375.619584,"total":1375.6265663,"children":{"AgentInfo.ToProto":{"count":253,"self":0.0010003,"total":0.0070019999999999995,"children":{"GenerateSensorData":{"count":253,"self":0.0050016,"total":0.0060017,"children":{"RayPerceptionSensor.Perceive":{"count":759,"self":0.0010000999999999999,"total":0.0010000999999999999,"children":null}}}}}}},"AgentInfo.ToProto":{"count":17858,"self":0.10307619999999999,"total":0.4630049,"children":{"GenerateSensorData":{"count":17858,"self":0.2923868,"total":0.3599287,"children":{"RayPerceptionSensor.Perceive":{"count":53574,"self":0.0675419,"total":0.0675419,"children":null}}}}}},"gauges":{"DroneAgent.CumulativeReward":{"count":18111,"max":2.01632619,"min":-2.26701832,"runningAverage":-0.5498967,"value":-1.0248,"weightedAverage":-1.21167183}},"metadata":{"timer_format_version":"0.1.0","start_time_seconds":"1696531671","unity_version":"2022.3.7f1","command_line_arguments":"F:\\UnityHub\\2022.3.7f1\\Editor\\Unity.exe -projectpath F:\\Unity projects\\Oblig2\\Drone_MLagents -useHub -hubIPC -cloudEnvironment production -licensingIpc LicenseClient-thoma -hubSessionId 6663423a-e7b8-43c4-8ed7-b84b6ee5575d -accessToken JhE0sLbLVO1EoStKMb8AmISC3ppUinCqKm-RJZRa1kM005f","communication_protocol_version":"1.5.0","com.unity.ml-agents_version":"2.0.1","scene_name":"Drone_Controller_DEV","end_time_seconds":"1696539822"}}