{"count":1,"self":4582.6408448,"total":24564.8932698,"children":{"InitializeActuators":{"count":169,"self":0.0019963999999999997,"total":0.0019963999999999997,"children":null},"InitializeSensors":{"count":169,"self":0.0021739999999999997,"total":0.0021739999999999997,"children":null},"AgentSendState":{"count":1562470,"self":885.08672,"total":1336.4316062,"children":{"CollectObservations":{"count":20312110,"self":73.8040512,"total":73.8040496,"children":null},"WriteActionMask":{"count":20312110,"self":8.8514672,"total":8.8514673,"children":null},"RequestDecision":{"count":20312110,"self":43.320185599999995,"total":368.68934809999996,"children":{"AgentInfo.ToProto":{"count":20002723,"self":30.356752,"total":325.36916329999997,"children":{"GenerateSensorData":{"count":20002723,"self":224.3127552,"total":295.0124112,"children":{"RayPerceptionSensor.Perceive":{"count":80010892,"self":70.6996544,"total":70.6996563,"children":null}}}}}}}}},"DecideAction":{"count":1562470,"self":17491.663257599997,"total":17493.3576252,"children":{"RayPerceptionSensor.Perceive":{"count":1237548,"self":1.6945172,"total":1.6945172,"children":null}}},"AgentAct":{"count":1562470,"self":1152.3283967999998,"total":1152.374869,"children":{"AgentInfo.ToProto":{"count":2152,"self":0.0093881,"total":0.0464336,"children":{"GenerateSensorData":{"count":2152,"self":0.0259993,"total":0.037045499999999995,"children":{"RayPerceptionSensor.Perceive":{"count":8608,"self":0.011046199999999999,"total":0.011046199999999999,"children":null}}}}}}},"AgentInfo.ToProto":{"count":3685,"self":0.0110005,"total":0.083978699999999989,"children":{"GenerateSensorData":{"count":3685,"self":0.057995599999999994,"total":0.0729782,"children":{"RayPerceptionSensor.Perceive":{"count":14740,"self":0.014982599999999999,"total":0.014982599999999999,"children":null}}}}}},"gauges":{"DroneAgent.CumulativeReward":{"count":5879,"max":88.3749161,"min":-4.140721,"runningAverage":21.7782555,"value":12.4439735,"weightedAverage":28.2171478}},"metadata":{"timer_format_version":"0.1.0","start_time_seconds":"1697295454","unity_version":"2022.3.7f1","command_line_arguments":"F:\\UnityHub\\2022.3.7f1\\Editor\\Unity.exe -projectpath F:\\Unity projects\\Oblig2\\Drone_MLagents -useHub -hubIPC -cloudEnvironment production -licensingIpc LicenseClient-thoma -hubSessionId 40cc0495-7063-493a-9b90-462d73f36ab3 -accessToken P9GOLobhqjQDEr4ReMOl_83wyiThbV_kkzLmJvX7LjM005f","communication_protocol_version":"1.5.0","com.unity.ml-agents_version":"2.0.1","scene_name":"Drone_Controller_DEV","end_time_seconds":"1697320019"}}