{"count":1,"self":947.70135039999991,"total":5460.6157224,"children":{"InitializeActuators":{"count":12,"self":0.0010003,"total":0.0010003,"children":null},"InitializeSensors":{"count":12,"self":0,"total":0,"children":null},"AgentSendState":{"count":321934,"self":89.351807999999991,"total":251.4736269,"children":{"CollectObservations":{"count":3863208,"self":95.36528,"total":95.36527869999999,"children":null},"WriteActionMask":{"count":3863208,"self":1.8619995999999999,"total":1.8619994999999998,"children":null},"RequestDecision":{"count":3863208,"self":8.880030399999999,"total":64.894539,"children":{"AgentInfo.ToProto":{"count":3863208,"self":6.0268251999999993,"total":56.0145087,"children":{"GenerateSensorData":{"count":3863208,"self":40.5010048,"total":49.987683499999996,"children":{"RayPerceptionSensor.Perceive":{"count":11589624,"self":9.4866783999999988,"total":9.4866783999999988,"children":null}}}}}}}}},"DecideAction":{"count":321934,"self":3571.3224704,"total":3571.3224268999998,"children":null},"AgentAct":{"count":321934,"self":689.8694144,"total":689.8804027,"children":{"AgentInfo.ToProto":{"count":423,"self":0.0020014,"total":0.0109946,"children":{"GenerateSensorData":{"count":423,"self":0.0069929,"total":0.0089932,"children":{"RayPerceptionSensor.Perceive":{"count":1269,"self":0.0020003,"total":0.0020003,"children":null}}}}}}},"AgentInfo.ToProto":{"count":10110,"self":0.046016,"total":0.2359426,"children":{"GenerateSensorData":{"count":10110,"self":0.1551642,"total":0.1899266,"children":{"RayPerceptionSensor.Perceive":{"count":30330,"self":0.0347624,"total":0.0347624,"children":null}}}}}},"gauges":{"DroneAgent.CumulativeReward":{"count":10533,"max":4.72832346,"min":-1.90069878,"runningAverage":0.9505297,"value":0.0224375352,"weightedAverage":1.54554284}},"metadata":{"timer_format_version":"0.1.0","start_time_seconds":"1696804255","unity_version":"2022.3.7f1","command_line_arguments":"F:\\UnityHub\\2022.3.7f1\\Editor\\Unity.exe -projectpath F:\\Unity projects\\Oblig2\\Drone_MLagents -useHub -hubIPC -cloudEnvironment production -licensingIpc LicenseClient-thoma -hubSessionId 0fb5652f-b531-4238-8ea0-05112dbeb175 -accessToken YxRpiYVIkTPhLjBXS88KeTnpRaFD3C8xuilMVgZkMOs005f","communication_protocol_version":"1.5.0","com.unity.ml-agents_version":"2.0.1","scene_name":"Drone_Controller_DEV","end_time_seconds":"1696809716"}}