{"count":1,"self":32091.635712,"total":49213.533782,"children":{"InitializeActuators":{"count":91,"self":0.0009995,"total":0.0009995,"children":null},"InitializeSensors":{"count":91,"self":0.0010008999999999999,"total":0.0010008999999999999,"children":null},"AgentSendState":{"count":764061,"self":1275.6077567999998,"total":1705.2411252,"children":{"CollectObservations":{"count":15216441,"self":63.0136,"total":63.0135984,"children":null},"WriteActionMask":{"count":15216441,"self":6.1963648,"total":6.1963646999999993,"children":null},"RequestDecision":{"count":15216441,"self":32.083574399999996,"total":360.4234394,"children":{"AgentInfo.ToProto":{"count":15002442,"self":20.971257599999998,"total":328.15929389999997,"children":{"GenerateSensorData":{"count":15002442,"self":213.15749119999998,"total":307.1880361,"children":{"RayPerceptionSensor.Perceive":{"count":75012210,"self":94.0305408,"total":94.030542,"children":null}}}}},"RayPerceptionSensor.Perceive":{"count":202125,"self":0.1805715,"total":0.1805715,"children":null}}}}},"DecideAction":{"count":764061,"self":13819.8335488,"total":13821.7364569,"children":{"RayPerceptionSensor.Perceive":{"count":867870,"self":1.9033444,"total":1.9033444,"children":null}}},"AgentAct":{"count":764061,"self":1594.8047359999998,"total":1594.8762809,"children":{"AgentInfo.ToProto":{"count":1892,"self":0.0095015999999999989,"total":0.0715503,"children":{"GenerateSensorData":{"count":1892,"self":0.039038199999999995,"total":0.0620487,"children":{"RayPerceptionSensor.Perceive":{"count":9460,"self":0.0230105,"total":0.0230105,"children":null}}}}}}},"AgentInfo.ToProto":{"count":1901,"self":0.0040095,"total":0.0416995,"children":{"GenerateSensorData":{"count":1901,"self":0.029688,"total":0.03769,"children":{"RayPerceptionSensor.Perceive":{"count":9505,"self":0.008002,"total":0.008002,"children":null}}}}},"RayPerceptionSensor.Perceive":{"count":380,"self":0.0010008,"total":0.0010008,"children":null}},"gauges":{"DroneAgent.CumulativeReward":{"count":3899,"max":19.4204216,"min":-4.77655745,"runningAverage":10.6386318,"value":-2.12037134,"weightedAverage":-2.00727057}},"metadata":{"timer_format_version":"0.1.0","start_time_seconds":"1700206536","unity_version":"2022.3.7f1","command_line_arguments":"F:\\UnityHub\\2022.3.7f1\\Editor\\Unity.exe -projectpath F:\\Unity_projects\\Oblig2\\Drone_MLagents -useHub -hubIPC -cloudEnvironment production -licensingIpc LicenseClient-thoma -hubSessionId fdab3e28-56ad-4cc4-bef2-ee0793f780b4 -accessToken vlQe3mLhh7qApZiyVWbvWspxjU6ii0hwoNE4ydc98IU005f","communication_protocol_version":"1.5.0","com.unity.ml-agents_version":"2.0.1","scene_name":"Drone_Controller_DEV","end_time_seconds":"1700255750"}}