{"count":1,"self":10386.9825024,"total":11822.672996199999,"children":{"InitializeActuators":{"count":6,"self":0.0019917,"total":0.0019917,"children":null},"InitializeSensors":{"count":6,"self":0.0019978,"total":0.0019978,"children":null},"AgentSendState":{"count":91751,"self":22.007887999999998,"total":226.80708189999999,"children":{"CollectObservations":{"count":550506,"self":123.41450239999999,"total":123.414508,"children":null},"WriteActionMask":{"count":550506,"self":0.337574,"total":0.337574,"children":null},"RequestDecision":{"count":550506,"self":1.5085239,"total":81.0471116,"children":{"AgentInfo.ToProto":{"count":550506,"self":1.2492058,"total":79.5385877,"children":{"GenerateSensorData":{"count":550506,"self":76.8826112,"total":78.2893819,"children":{"RayPerceptionSensor.Perceive":{"count":1651518,"self":1.4067695999999998,"total":1.4067695999999998,"children":null}}}}}}}}},"DecideAction":{"count":91751,"self":1013.6635392,"total":1013.6635193999999,"children":null},"AgentAct":{"count":91751,"self":194.0534016,"total":194.053407,"children":null},"AgentInfo.ToProto":{"count":7458,"self":0.028647799999999998,"total":1.1613031999999999,"children":{"GenerateSensorData":{"count":7458,"self":1.1131468,"total":1.1326554,"children":{"RayPerceptionSensor.Perceive":{"count":22374,"self":0.019508599999999997,"total":0.019508599999999997,"children":null}}}}}},"gauges":{"DroneAgent.CumulativeReward":{"count":7458,"max":2.03121758,"min":-1.98994827,"runningAverage":-0.9500202,"value":-0.9740998,"weightedAverage":-1.00012028}},"metadata":{"timer_format_version":"0.1.0","start_time_seconds":"1696355273","unity_version":"2022.3.7f1","command_line_arguments":"F:\\UnityHub\\2022.3.7f1\\Editor\\Unity.exe -projectpath F:\\Unity projects\\Oblig2\\Drone_MLagents -useHub -hubIPC -cloudEnvironment production -licensingIpc LicenseClient-thoma -hubSessionId 94a3ba41-3f04-4956-b2a1-93d197d36790","communication_protocol_version":"1.5.0","com.unity.ml-agents_version":"2.0.1","scene_name":"Drone_Controller_DEV","end_time_seconds":"1696367095"}}