{"count":1,"self":700.3712512,"total":7318.2697359999993,"children":{"InitializeActuators":{"count":86,"self":0.00099969999999999985,"total":0.00099969999999999985,"children":null},"InitializeSensors":{"count":86,"self":0,"total":0,"children":null},"AgentSendState":{"count":354079,"self":309.4149376,"total":470.1886288,"children":{"CollectObservations":{"count":7339139,"self":25.8389216,"total":25.838922099999998,"children":null},"WriteActionMask":{"count":7339139,"self":3.1910437999999997,"total":3.1910437999999997,"children":null},"RequestDecision":{"count":7339139,"self":15.4581184,"total":131.7277257,"children":{"AgentInfo.ToProto":{"count":7335347,"self":10.5473792,"total":116.2516035,"children":{"GenerateSensorData":{"count":7335347,"self":79.8827264,"total":105.70422389999999,"children":{"RayPerceptionSensor.Perceive":{"count":29341388,"self":25.821496,"total":25.821496399999997,"children":null}}}}},"RayPerceptionSensor.Perceive":{"count":15168,"self":0.018003099999999998,"total":0.018003099999999998,"children":null}}},"RayPerceptionSensor.Perceive":{"count":15164,"self":0.016002799999999998,"total":0.016002799999999998,"children":null}}},"DecideAction":{"count":354079,"self":5743.187968,"total":5743.1880873,"children":null},"AgentAct":{"count":354079,"self":404.3968256,"total":404.44777189999996,"children":{"AgentInfo.ToProto":{"count":2671,"self":0.0045055,"total":0.0509477,"children":{"GenerateSensorData":{"count":2671,"self":0.0369417,"total":0.046442199999999996,"children":{"RayPerceptionSensor.Perceive":{"count":10684,"self":0.0095005,"total":0.0095005,"children":null}}}}},"RayPerceptionSensor.Perceive":{"count":8,"self":0,"total":0,"children":null}}},"AgentInfo.ToProto":{"count":3143,"self":0.0099931,"total":0.0729944,"children":{"GenerateSensorData":{"count":3143,"self":0.050001399999999994,"total":0.0630013,"children":{"RayPerceptionSensor.Perceive":{"count":12572,"self":0.0129999,"total":0.0129999,"children":null}}}}},"RayPerceptionSensor.Perceive":{"count":24,"self":0,"total":0,"children":null}},"gauges":{"DroneAgent.CumulativeReward":{"count":5818,"max":5.494313,"min":-6.147044,"runningAverage":-1.58424067,"value":-2.45816016,"weightedAverage":-2.66947436}},"metadata":{"timer_format_version":"0.1.0","start_time_seconds":"1697548302","unity_version":"2022.3.7f1","command_line_arguments":"F:\\UnityHub\\2022.3.7f1\\Editor\\Unity.exe -projectpath F:\\Unity projects\\Oblig2\\Drone_MLagents -useHub -hubIPC -cloudEnvironment production -licensingIpc LicenseClient-thoma -hubSessionId 824a185a-dfc5-4db0-8cd2-2d3fd662dab7 -accessToken pAlVOK1eUjhNXwfMmVuSknVTeX6DS-TbvckFs-ccBqg005f","communication_protocol_version":"1.5.0","com.unity.ml-agents_version":"2.0.1","scene_name":"Drone_Controller_DEV","end_time_seconds":"1697555620"}}