{"count":1,"self":3924.6778368,"total":25028.047612899998,"children":{"InitializeActuators":{"count":84,"self":0.0010000999999999999,"total":0.0010000999999999999,"children":null},"InitializeSensors":{"count":84,"self":0.0010002,"total":0.0010002,"children":null},"AgentSendState":{"count":910119,"self":1261.3072895999999,"total":1790.6757433999999,"children":{"CollectObservations":{"count":19112499,"self":80.961990399999991,"total":80.9619913,"children":null},"WriteActionMask":{"count":19112499,"self":8.953408,"total":8.9534082,"children":null},"RequestDecision":{"count":19112499,"self":46.293408,"total":439.45310509999996,"children":{"AgentInfo.ToProto":{"count":19112499,"self":30.816806399999997,"total":393.1596965,"children":{"GenerateSensorData":{"count":19112499,"self":273.8780928,"total":362.34288979999997,"children":{"RayPerceptionSensor.Perceive":{"count":95562495,"self":88.4648064,"total":88.4648072,"children":null}}}}}}}}},"DecideAction":{"count":910119,"self":17695.2508416,"total":17695.250117,"children":null},"AgentAct":{"count":910119,"self":1616.8052736,"total":1617.1860032,"children":{"AgentInfo.ToProto":{"count":11525,"self":0.0455458,"total":0.380687,"children":{"GenerateSensorData":{"count":11525,"self":0.2388527,"total":0.3351412,"children":{"RayPerceptionSensor.Perceive":{"count":57625,"self":0.0962885,"total":0.0962885,"children":null}}}}}}},"AgentInfo.ToProto":{"count":6890,"self":0.0245049,"total":0.25605659999999997,"children":{"GenerateSensorData":{"count":6890,"self":0.1773216,"total":0.2315517,"children":{"RayPerceptionSensor.Perceive":{"count":34450,"self":0.054230099999999996,"total":0.054230099999999996,"children":null}}}}}},"gauges":{"DroneAgent.CumulativeReward":{"count":18415,"max":13.3142776,"min":-3.25958753,"runningAverage":2.16471338,"value":-1.04642725,"weightedAverage":0.14182581}},"metadata":{"timer_format_version":"0.1.0","start_time_seconds":"1699478377","unity_version":"2022.3.7f1","command_line_arguments":"F:\\UnityHub\\2022.3.7f1\\Editor\\Unity.exe -projectpath F:\\Unity_projects\\Oblig2\\Drone_MLagents -useHub -hubIPC -cloudEnvironment production -licensingIpc LicenseClient-thoma -hubSessionId 89ff2e96-7dbf-4acf-a41a-626bfca7c9b8 -accessToken mDaU2HRIxx98zhAPk7X9cuFjPlpsBgUOruFLVqlQTFg005f","communication_protocol_version":"1.5.0","com.unity.ml-agents_version":"2.0.1","scene_name":"Drone_Controller_DEV","end_time_seconds":"1699503405"}}