{"count":1,"self":56353.1218944,"total":79833.5278416,"children":{"InitializeActuators":{"count":147,"self":0.0010015,"total":0.0010015,"children":null},"InitializeSensors":{"count":147,"self":0.0010000999999999999,"total":0.0010000999999999999,"children":null},"AgentSendState":{"count":1135163,"self":1274.4528896,"total":1869.2664369,"children":{"CollectObservations":{"count":23838423,"self":86.889657599999992,"total":86.88965739999999,"children":null},"WriteActionMask":{"count":23838423,"self":9.8511759999999988,"total":9.8511759,"children":null},"RequestDecision":{"count":23838423,"self":51.8349184,"total":498.07270589999996,"children":{"AgentInfo.ToProto":{"count":23809863,"self":33.8205376,"total":446.2377879,"children":{"GenerateSensorData":{"count":23809863,"self":308.4610048,"total":412.41725069999995,"children":{"RayPerceptionSensor.Perceive":{"count":119049315,"self":103.9562368,"total":103.95623379999999,"children":null}}}}}}}}},"DecideAction":{"count":1135163,"self":19969.6924672,"total":19969.8970461,"children":{"RayPerceptionSensor.Perceive":{"count":142800,"self":0.2050984,"total":0.2050984,"children":null}}},"AgentAct":{"count":1135163,"self":1641.0512383999999,"total":1641.1222415999998,"children":{"AgentInfo.ToProto":{"count":2967,"self":0.0075029,"total":0.0709967,"children":{"GenerateSensorData":{"count":2967,"self":0.0508802,"total":0.0634938,"children":{"RayPerceptionSensor.Perceive":{"count":14835,"self":0.012613599999999999,"total":0.012613599999999999,"children":null}}}}}}},"AgentInfo.ToProto":{"count":4801,"self":0.010012799999999999,"total":0.11497149999999999,"children":{"GenerateSensorData":{"count":4801,"self":0.0749587,"total":0.1049587,"children":{"RayPerceptionSensor.Perceive":{"count":24005,"self":0.03,"total":0.03,"children":null}}}}}},"gauges":{"DroneAgent.CumulativeReward":{"count":7771,"max":24.2703075,"min":-5.888331,"runningAverage":6.3626523,"value":5.139631,"weightedAverage":10.199934}},"metadata":{"timer_format_version":"0.1.0","start_time_seconds":"1697577313","unity_version":"2022.3.7f1","command_line_arguments":"F:\\UnityHub\\2022.3.7f1\\Editor\\Unity.exe -projectpath F:\\Unity projects\\Oblig2\\Drone_MLagents -useHub -hubIPC -cloudEnvironment production -licensingIpc LicenseClient-thoma -hubSessionId 824a185a-dfc5-4db0-8cd2-2d3fd662dab7 -accessToken pAlVOK1eUjhNXwfMmVuSknVTeX6DS-TbvckFs-ccBqg005f","communication_protocol_version":"1.5.0","com.unity.ml-agents_version":"2.0.1","scene_name":"Drone_Controller_DEV","end_time_seconds":"1697657146"}}