{"count":1,"self":5625.2379136,"total":35833.1017111,"children":{"InitializeActuators":{"count":147,"self":0.0020009,"total":0.0020009,"children":null},"InitializeSensors":{"count":147,"self":0.0040009,"total":0.0040009,"children":null},"AgentSendState":{"count":1134732,"self":2258.9376512,"total":3025.9090235,"children":{"CollectObservations":{"count":23829372,"self":111.0887168,"total":111.088713,"children":null},"WriteActionMask":{"count":23829372,"self":11.3281104,"total":11.328110599999999,"children":null},"RequestDecision":{"count":23829372,"self":58.9862208,"total":644.55453089999992,"children":{"AgentInfo.ToProto":{"count":23780127,"self":40.1337632,"total":585.5683093,"children":{"GenerateSensorData":{"count":23780127,"self":390.4329216,"total":545.4345463,"children":{"RayPerceptionSensor.Perceive":{"count":118900635,"self":155.00162559999998,"total":155.00163129999999,"children":null}}}}}}}}},"DecideAction":{"count":1134732,"self":24372.420608,"total":24372.9310878,"children":{"RayPerceptionSensor.Perceive":{"count":246225,"self":0.5100264,"total":0.5100264,"children":null}}},"AgentAct":{"count":1134732,"self":2807.6875775999997,"total":2809.0050748999997,"children":{"AgentInfo.ToProto":{"count":37586,"self":0.1763438,"total":1.3175845,"children":{"GenerateSensorData":{"count":37586,"self":0.8314592,"total":1.1412407,"children":{"RayPerceptionSensor.Perceive":{"count":187930,"self":0.3097815,"total":0.3097815,"children":null}}}}}}},"AgentInfo.ToProto":{"count":441,"self":0.001764,"total":0.012766699999999999,"children":{"GenerateSensorData":{"count":441,"self":0.0060017,"total":0.011002699999999999,"children":{"RayPerceptionSensor.Perceive":{"count":2205,"self":0.0050009999999999994,"total":0.0050009999999999994,"children":null}}}}}},"gauges":{"DroneAgent.CumulativeReward":{"count":38090,"max":9.42008,"min":-6.99898338,"runningAverage":6.08666658,"value":3.78556252,"weightedAverage":6.70534325}},"metadata":{"timer_format_version":"0.1.0","start_time_seconds":"1700077867","unity_version":"2022.3.7f1","command_line_arguments":"F:\\UnityHub\\2022.3.7f1\\Editor\\Unity.exe -projectpath F:\\Unity_projects\\Oblig2\\Drone_MLagents -useHub -hubIPC -cloudEnvironment production -licensingIpc LicenseClient-thoma -hubSessionId 73f58732-3efb-47db-94d9-4855de74b1a2 -accessToken zTAa3wAhUZstdHqbuZ2GA8RArIbWl7wIr8EBwALJrQo005f","communication_protocol_version":"1.5.0","com.unity.ml-agents_version":"2.0.1","scene_name":"Drone_Controller_DEV","end_time_seconds":"1700113700"}}