{"count":1,"self":41891.253452799996,"total":66236.0938418,"children":{"InitializeActuators":{"count":231,"self":0.0039995,"total":0.0039995,"children":null},"InitializeSensors":{"count":231,"self":0.0020001999999999997,"total":0.0020001999999999997,"children":null},"AgentSendState":{"count":1111360,"self":2158.1746175999997,"total":2782.451142,"children":{"CollectObservations":{"count":23338560,"self":101.0540352,"total":101.05403249999999,"children":null},"WriteActionMask":{"count":23338560,"self":10.4608824,"total":10.4608825,"children":null},"RequestDecision":{"count":23338560,"self":49.9879648,"total":512.7616337,"children":{"AgentInfo.ToProto":{"count":19681641,"self":29.7226048,"total":462.77367039999996,"children":{"GenerateSensorData":{"count":19681641,"self":309.9165184,"total":433.0510667,"children":{"RayPerceptionSensor.Perceive":{"count":98408205,"self":123.13455359999999,"total":123.1345561,"children":null}}}}}}}}},"DecideAction":{"count":1111360,"self":18823.2466432,"total":18865.8898381,"children":{"RayPerceptionSensor.Perceive":{"count":18284595,"self":42.6424448,"total":42.642444399999995,"children":null}}},"AgentAct":{"count":1111360,"self":2695.9218688,"total":2696.1694503999997,"children":{"AgentInfo.ToProto":{"count":7900,"self":0.035601,"total":0.2475519,"children":{"GenerateSensorData":{"count":7900,"self":0.15293089999999998,"total":0.2119509,"children":{"RayPerceptionSensor.Perceive":{"count":39500,"self":0.059019999999999996,"total":0.059019999999999996,"children":null}}}}}}},"AgentInfo.ToProto":{"count":10573,"self":0.0375449,"total":0.3231494,"children":{"GenerateSensorData":{"count":10573,"self":0.21047939999999998,"total":0.2856045,"children":{"RayPerceptionSensor.Perceive":{"count":52865,"self":0.0751251,"total":0.0751251,"children":null}}}}}},"gauges":{"DroneAgent.CumulativeReward":{"count":20063,"max":9.070566,"min":-13.5637836,"runningAverage":-0.171219811,"value":-1.55242872,"weightedAverage":-1.035883}},"metadata":{"timer_format_version":"0.1.0","start_time_seconds":"1699837410","unity_version":"2022.3.7f1","command_line_arguments":"F:\\UnityHub\\2022.3.7f1\\Editor\\Unity.exe -projectpath F:\\Unity_projects\\Oblig2\\Drone_MLagents -useHub -hubIPC -cloudEnvironment production -licensingIpc LicenseClient-thoma -hubSessionId 73f58732-3efb-47db-94d9-4855de74b1a2 -accessToken zTAa3wAhUZstdHqbuZ2GA8RArIbWl7wIr8EBwALJrQo005f","communication_protocol_version":"1.5.0","com.unity.ml-agents_version":"2.0.1","scene_name":"Drone_Controller_DEV","end_time_seconds":"1699903646"}}