{"count":1,"self":8.707079199999999,"total":9.4856786,"children":{"InitializeActuators":{"count":10,"self":0.0020009999999999997,"total":0.0020009999999999997,"children":null},"InitializeSensors":{"count":10,"self":0.0010000999999999999,"total":0.0010000999999999999,"children":null},"AgentSendState":{"count":196,"self":0.14317259999999998,"total":0.76807819999999993,"children":{"CollectObservations":{"count":1960,"self":0.3827839,"total":0.3827839,"children":null},"WriteActionMask":{"count":1960,"self":0.0020012999999999997,"total":0.0020012999999999997,"children":null},"RequestDecision":{"count":1960,"self":0.23511839999999998,"total":0.24012039999999998,"children":{"RayPerceptionSensor.Perceive":{"count":5880,"self":0.0050019999999999995,"total":0.0050019999999999995,"children":null}}}}},"DecideAction":{"count":196,"self":0.0040095999999999994,"total":0.0040095999999999994,"children":null},"AgentAct":{"count":196,"self":0.0035107999999999997,"total":0.0035107999999999997,"children":null}},"gauges":{},"metadata":{"timer_format_version":"0.1.0","start_time_seconds":"1696299148","unity_version":"2022.3.7f1","command_line_arguments":"F:\\UnityHub\\2022.3.7f1\\Editor\\Unity.exe -projectpath F:\\Unity projects\\Oblig2\\Drone_MLagents -useHub -hubIPC -cloudEnvironment production -licensingIpc LicenseClient-thoma -hubSessionId 94a3ba41-3f04-4956-b2a1-93d197d36790","communication_protocol_version":"1.5.0","com.unity.ml-agents_version":"2.0.1","scene_name":"Drone_Controller_DEV","end_time_seconds":"1696299157"}}