{"count":1,"self":387.0270208,"total":4545.8160952,"children":{"InitializeActuators":{"count":63,"self":0.0010000999999999999,"total":0.0010000999999999999,"children":null},"InitializeSensors":{"count":63,"self":0,"total":0,"children":null},"AgentSendState":{"count":200802,"self":246.36666879999999,"total":353.1940527,"children":{"CollectObservations":{"count":4216842,"self":15.144673599999999,"total":15.1446729,"children":null},"WriteActionMask":{"count":4216842,"self":1.7354188,"total":1.7354188,"children":null},"RequestDecision":{"count":4216842,"self":9.2111968,"total":89.947304,"children":{"AgentInfo.ToProto":{"count":4216842,"self":6.0672543999999995,"total":80.7361071,"children":{"GenerateSensorData":{"count":4216842,"self":56.214041599999995,"total":74.6688526,"children":{"RayPerceptionSensor.Perceive":{"count":21084210,"self":18.454808,"total":18.454808,"children":null}}}}}}}}},"DecideAction":{"count":200802,"self":3494.1554687999997,"total":3494.1554327999997,"children":null},"AgentAct":{"count":200802,"self":311.39135999999996,"total":311.42707889999997,"children":{"AgentInfo.ToProto":{"count":1547,"self":0.0029996999999999997,"total":0.0357265,"children":{"GenerateSensorData":{"count":1547,"self":0.023722,"total":0.0327268,"children":{"RayPerceptionSensor.Perceive":{"count":7735,"self":0.0090048,"total":0.0090048,"children":null}}}}}}},"AgentInfo.ToProto":{"count":565,"self":0.002008,"total":0.011518599999999999,"children":{"GenerateSensorData":{"count":565,"self":0.0060078,"total":0.0095106,"children":{"RayPerceptionSensor.Perceive":{"count":2825,"self":0.0035028,"total":0.0035028,"children":null}}}}}},"gauges":{"DroneAgent.CumulativeReward":{"count":2112,"max":10.3397274,"min":-5.4575367,"runningAverage":4.329305,"value":0.4802455,"weightedAverage":5.3849206}},"metadata":{"timer_format_version":"0.1.0","start_time_seconds":"1697571779","unity_version":"2022.3.7f1","command_line_arguments":"F:\\UnityHub\\2022.3.7f1\\Editor\\Unity.exe -projectpath F:\\Unity projects\\Oblig2\\Drone_MLagents -useHub -hubIPC -cloudEnvironment production -licensingIpc LicenseClient-thoma -hubSessionId 824a185a-dfc5-4db0-8cd2-2d3fd662dab7 -accessToken pAlVOK1eUjhNXwfMmVuSknVTeX6DS-TbvckFs-ccBqg005f","communication_protocol_version":"1.5.0","com.unity.ml-agents_version":"2.0.1","scene_name":"Drone_Controller_DEV","end_time_seconds":"1697576325"}}