{"count":1,"self":628.12098559999993,"total":8229.1791066,"children":{"InitializeActuators":{"count":18,"self":0,"total":0,"children":null},"InitializeSensors":{"count":18,"self":0.0010004,"total":0.0010004,"children":null},"AgentSendState":{"count":555652,"self":127.7335296,"total":1302.9665863999999,"children":{"CollectObservations":{"count":5000868,"self":1083.8719488,"total":1083.8719526999998,"children":null},"WriteActionMask":{"count":5000868,"self":2.714438,"total":2.714438,"children":null},"RequestDecision":{"count":5000868,"self":13.004075199999999,"total":88.64666609999999,"children":{"AgentInfo.ToProto":{"count":5000868,"self":9.0155967999999991,"total":75.64259109999999,"children":{"GenerateSensorData":{"count":5000868,"self":53.5983808,"total":66.6269946,"children":{"RayPerceptionSensor.Perceive":{"count":15002604,"self":13.0286128,"total":13.0286127,"children":null}}}}}}}}},"DecideAction":{"count":555652,"self":4878.4236544,"total":4878.4238085,"children":null},"AgentAct":{"count":555652,"self":1419.3611776,"total":1419.527233,"children":{"AgentInfo.ToProto":{"count":8461,"self":0.024924099999999998,"total":0.16604049999999998,"children":{"GenerateSensorData":{"count":8461,"self":0.1171,"total":0.1411164,"children":{"RayPerceptionSensor.Perceive":{"count":25383,"self":0.0240164,"total":0.0240164,"children":null}}}}}}},"AgentInfo.ToProto":{"count":6831,"self":0.0240112,"total":0.1395023,"children":{"GenerateSensorData":{"count":6831,"self":0.085859499999999991,"total":0.1154911,"children":{"RayPerceptionSensor.Perceive":{"count":20493,"self":0.029631599999999998,"total":0.029631599999999998,"children":null}}}}}},"gauges":{"DroneAgent.CumulativeReward":{"count":15292,"max":2.02274823,"min":-2.29947829,"runningAverage":0.06117659,"value":-0.173748657,"weightedAverage":0.283293217}},"metadata":{"timer_format_version":"0.1.0","start_time_seconds":"1696587429","unity_version":"2022.3.7f1","command_line_arguments":"F:\\UnityHub\\2022.3.7f1\\Editor\\Unity.exe -projectpath F:\\Unity projects\\Oblig2\\Drone_MLagents -useHub -hubIPC -cloudEnvironment production -licensingIpc LicenseClient-thoma -hubSessionId 6663423a-e7b8-43c4-8ed7-b84b6ee5575d -accessToken Itlx-cjx5HoW-i7X9l_4LbarKPUODFx-94zhJAok5I0005f","communication_protocol_version":"1.5.0","com.unity.ml-agents_version":"2.0.1","scene_name":"Drone_Controller_DEV","end_time_seconds":"1696595658"}}