{"count":1,"self":2341.6944639999997,"total":20603.154477,"children":{"InitializeActuators":{"count":84,"self":0.0010004999999999999,"total":0.0010004999999999999,"children":null},"InitializeSensors":{"count":84,"self":0.0069872,"total":0.0069872,"children":null},"AgentSendState":{"count":465153,"self":1695.7169663999998,"total":2923.9090047,"children":{"CollectObservations":{"count":9768213,"self":139.5048448,"total":139.5048448,"children":null},"WriteActionMask":{"count":9768213,"self":23.9348992,"total":23.934898699999998,"children":null},"RequestDecision":{"count":9768213,"self":129.4952448,"total":1064.752291,"children":{"AgentInfo.ToProto":{"count":9768213,"self":67.7337024,"total":935.2570425,"children":{"GenerateSensorData":{"count":9768213,"self":582.2279168,"total":867.523339,"children":{"RayPerceptionSensor.Perceive":{"count":68377491,"self":285.2954112,"total":285.2954128,"children":null}}}}}}}}},"DecideAction":{"count":465153,"self":13311.1496704,"total":13311.1497306,"children":null},"AgentAct":{"count":465153,"self":2024.0224256,"total":2025.0990668,"children":{"AgentInfo.ToProto":{"count":10149,"self":0.091593899999999992,"total":1.0767368,"children":{"GenerateSensorData":{"count":10149,"self":0.6306767,"total":0.98514289999999993,"children":{"RayPerceptionSensor.Perceive":{"count":71043,"self":0.3544662,"total":0.3544662,"children":null}}}}}}},"AgentInfo.ToProto":{"count":13155,"self":0.1284381,"total":1.2942109,"children":{"GenerateSensorData":{"count":13155,"self":0.7823196,"total":1.1657728,"children":{"RayPerceptionSensor.Perceive":{"count":92085,"self":0.3834532,"total":0.3834532,"children":null}}}}}},"gauges":{"DroneAgent.CumulativeReward":{"count":23304,"max":7.96995068,"min":-7.31191,"runningAverage":-0.7473535,"value":-0.5143781,"weightedAverage":-1.185008}},"metadata":{"timer_format_version":"0.1.0","start_time_seconds":"1700490766","unity_version":"2022.3.7f1","command_line_arguments":"F:\\UnityHub\\2022.3.7f1\\Editor\\Unity.exe -projectpath F:\\Unity_projects\\Oblig2\\Drone_MLagents -useHub -hubIPC -cloudEnvironment production -licensingIpc LicenseClient-thoma -hubSessionId fdab3e28-56ad-4cc4-bef2-ee0793f780b4 -accessToken vlQe3mLhh7qApZiyVWbvWspxjU6ii0hwoNE4ydc98IU005f","communication_protocol_version":"1.5.0","com.unity.ml-agents_version":"2.0.1","scene_name":"Drone_Controller_DEV","end_time_seconds":"1700511369"}}