{"count":1,"self":77.59354239999999,"total":3297.7998003,"children":{"InitializeActuators":{"count":20,"self":0.0020001999999999997,"total":0.0020001999999999997,"children":null},"InitializeSensors":{"count":20,"self":0.0020007,"total":0.0020007,"children":null},"AgentSendState":{"count":74951,"self":51.9611168,"total":418.7068485,"children":{"CollectObservations":{"count":1499020,"self":339.36936959999997,"total":339.3693763,"children":null},"WriteActionMask":{"count":1499020,"self":0.8614862,"total":0.8614862,"children":null},"RequestDecision":{"count":1499020,"self":3.9820856,"total":26.5148704,"children":{"AgentInfo.ToProto":{"count":1499020,"self":2.6092864,"total":22.532785,"children":{"GenerateSensorData":{"count":1499020,"self":16.098,"total":19.9234986,"children":{"RayPerceptionSensor.Perceive":{"count":4497060,"self":3.8254987999999996,"total":3.8254987,"children":null}}}}}}}}},"DecideAction":{"count":74951,"self":2068.0564736,"total":2068.0564749,"children":null},"AgentAct":{"count":74951,"self":733.2576256,"total":733.26720779999994,"children":{"AgentInfo.ToProto":{"count":526,"self":0.0015107,"total":0.0095778,"children":{"GenerateSensorData":{"count":526,"self":0.0080606999999999988,"total":0.0080670999999999989,"children":{"RayPerceptionSensor.Perceive":{"count":1578,"self":6.4E-06,"total":6.4E-06,"children":null}}}}}}},"AgentInfo.ToProto":{"count":8266,"self":0.037766799999999996,"total":0.1707233,"children":{"GenerateSensorData":{"count":8266,"self":0.1071013,"total":0.1329565,"children":{"RayPerceptionSensor.Perceive":{"count":24798,"self":0.0258552,"total":0.0258552,"children":null}}}}}},"gauges":{"DroneAgent.CumulativeReward":{"count":8792,"max":-0.900037,"min":-2.9761622,"runningAverage":-1.58637607,"value":-0.900037,"weightedAverage":-1.43929362}},"metadata":{"timer_format_version":"0.1.0","start_time_seconds":"1696390044","unity_version":"2022.3.7f1","command_line_arguments":"F:\\UnityHub\\2022.3.7f1\\Editor\\Unity.exe -projectpath F:\\Unity projects\\Oblig2\\Drone_MLagents -useHub -hubIPC -cloudEnvironment production -licensingIpc LicenseClient-thoma -hubSessionId 94a3ba41-3f04-4956-b2a1-93d197d36790","communication_protocol_version":"1.5.0","com.unity.ml-agents_version":"2.0.1","scene_name":"Drone_Controller_DEV","end_time_seconds":"1696393341"}}