{"count":1,"self":7081.1418624,"total":32367.875307399998,"children":{"InitializeActuators":{"count":208,"self":0.0019963999999999997,"total":0.0019963999999999997,"children":null},"InitializeSensors":{"count":208,"self":0.0041735,"total":0.0041735,"children":null},"AgentSendState":{"count":1952474,"self":1120.5251071999999,"total":1696.8088735,"children":{"CollectObservations":{"count":25382162,"self":94.45376,"total":94.4537603,"children":null},"WriteActionMask":{"count":25382162,"self":11.3329272,"total":11.3329271,"children":null},"RequestDecision":{"count":25382162,"self":55.3197696,"total":470.4970881,"children":{"AgentInfo.ToProto":{"count":25003186,"self":38.928521599999996,"total":415.1773158,"children":{"GenerateSensorData":{"count":25003186,"self":286.7269376,"total":376.2487933,"children":{"RayPerceptionSensor.Perceive":{"count":100012744,"self":89.521856,"total":89.52185639999999,"children":null}}}}}}}}},"DecideAction":{"count":1952474,"self":22118.1902848,"total":22120.2508237,"children":{"RayPerceptionSensor.Perceive":{"count":1515904,"self":2.0604012,"total":2.0604012,"children":null}}},"AgentAct":{"count":1952474,"self":1469.5005184,"total":1469.5776417,"children":{"AgentInfo.ToProto":{"count":3055,"self":0.0133964,"total":0.07708029999999999,"children":{"GenerateSensorData":{"count":3055,"self":0.0496352,"total":0.0636839,"children":{"RayPerceptionSensor.Perceive":{"count":12220,"self":0.014048699999999999,"total":0.014048699999999999,"children":null}}}}}}},"AgentInfo.ToProto":{"count":4072,"self":0.0140013,"total":0.0901023,"children":{"GenerateSensorData":{"count":4072,"self":0.061118399999999996,"total":0.076101,"children":{"RayPerceptionSensor.Perceive":{"count":16288,"self":0.014982599999999999,"total":0.014982599999999999,"children":null}}}}}},"gauges":{"DroneAgent.CumulativeReward":{"count":7183,"max":88.3749161,"min":-4.140721,"runningAverage":23.5517769,"value":39.43716,"weightedAverage":39.0618248}},"metadata":{"timer_format_version":"0.1.0","start_time_seconds":"1697295454","unity_version":"2022.3.7f1","command_line_arguments":"F:\\UnityHub\\2022.3.7f1\\Editor\\Unity.exe -projectpath F:\\Unity projects\\Oblig2\\Drone_MLagents -useHub -hubIPC -cloudEnvironment production -licensingIpc LicenseClient-thoma -hubSessionId 40cc0495-7063-493a-9b90-462d73f36ab3 -accessToken P9GOLobhqjQDEr4ReMOl_83wyiThbV_kkzLmJvX7LjM005f","communication_protocol_version":"1.5.0","com.unity.ml-agents_version":"2.0.1","scene_name":"Drone_Controller_DEV","end_time_seconds":"1697327822"}}