{"count":1,"self":341.2562432,"total":4996.7069823,"children":{"InitializeActuators":{"count":84,"self":0.0010002,"total":0.0010002,"children":null},"InitializeSensors":{"count":84,"self":0.0030003,"total":0.0030003,"children":null},"AgentSendState":{"count":239902,"self":286.637696,"total":413.78336229999996,"children":{"CollectObservations":{"count":5037942,"self":19.006424,"total":19.006423599999998,"children":null},"WriteActionMask":{"count":5037942,"self":2.187664,"total":2.1876639,"children":null},"RequestDecision":{"count":5037942,"self":11.4368024,"total":105.95157859999999,"children":{"AgentInfo.ToProto":{"count":5002599,"self":7.4193704,"total":94.514775899999989,"children":{"GenerateSensorData":{"count":5002599,"self":65.1717568,"total":87.095405599999992,"children":{"RayPerceptionSensor.Perceive":{"count":25012995,"self":21.923648,"total":21.923648099999998,"children":null}}}}}}}}},"DecideAction":{"count":239902,"self":3870.4467968,"total":3870.6943197,"children":{"RayPerceptionSensor.Perceive":{"count":176715,"self":0.2476435,"total":0.2476435,"children":null}}},"AgentAct":{"count":239902,"self":370.90905599999996,"total":370.9210589,"children":{"AgentInfo.ToProto":{"count":148,"self":0.0010004999999999999,"total":0.0120038,"children":{"GenerateSensorData":{"count":148,"self":0.0060015999999999993,"total":0.011003299999999999,"children":{"RayPerceptionSensor.Perceive":{"count":740,"self":0.0050016999999999995,"total":0.0050016999999999995,"children":null}}}}}}},"AgentInfo.ToProto":{"count":2181,"self":0.0090028,"total":0.0479867,"children":{"GenerateSensorData":{"count":2181,"self":0.0289792,"total":0.038983899999999995,"children":{"RayPerceptionSensor.Perceive":{"count":10905,"self":0.0100047,"total":0.0100047,"children":null}}}}}},"gauges":{"DroneAgent.CumulativeReward":{"count":2342,"max":19.0020733,"min":-2.04871845,"runningAverage":4.203831,"value":1.71422958,"weightedAverage":1.25351536}},"metadata":{"timer_format_version":"0.1.0","start_time_seconds":"1699317943","unity_version":"2022.3.7f1","command_line_arguments":"F:\\UnityHub\\2022.3.7f1\\Editor\\Unity.exe -projectpath F:\\Unity_projects\\Oblig2\\Drone_MLagents -useHub -hubIPC -cloudEnvironment production -licensingIpc LicenseClient-thoma -hubSessionId 89ff2e96-7dbf-4acf-a41a-626bfca7c9b8 -accessToken Ot6-JhW-1QpeYKDmoM9jYypuWDQcJHJDI_d9Xq9pQKo005f","communication_protocol_version":"1.5.0","com.unity.ml-agents_version":"2.0.1","scene_name":"Drone_Controller_DEV","end_time_seconds":"1699322940"}}