{"count":1,"self":45907.427328,"total":80651.9448912,"children":{"InitializeActuators":{"count":315,"self":0.0049995,"total":0.0049995,"children":null},"InitializeSensors":{"count":315,"self":0.0030004,"total":0.0030004,"children":null},"AgentSendState":{"count":1556572,"self":3000.3533823999996,"total":3901.7481596999996,"children":{"CollectObservations":{"count":32688012,"self":139.1915264,"total":139.191529,"children":null},"WriteActionMask":{"count":32688012,"self":14.2436768,"total":14.2436771,"children":null},"RequestDecision":{"count":32688012,"self":70.6325504,"total":747.9596224,"children":{"AgentInfo.ToProto":{"count":29004633,"self":43.3844448,"total":677.3270747,"children":{"GenerateSensorData":{"count":29004633,"self":453.13326079999996,"total":633.9426294,"children":{"RayPerceptionSensor.Perceive":{"count":145023165,"self":180.8093824,"total":180.8093825,"children":null}}}}}}}}},"DecideAction":{"count":1556572,"self":27051.855052799998,"total":27094.761258299997,"children":{"RayPerceptionSensor.Perceive":{"count":18416895,"self":42.906512,"total":42.9065107,"children":null}}},"AgentAct":{"count":1556572,"self":3746.9724671999998,"total":3747.4703259999997,"children":{"AgentInfo.ToProto":{"count":16533,"self":0.0706402,"total":0.49777469999999996,"children":{"GenerateSensorData":{"count":16533,"self":0.3111558,"total":0.4271345,"children":{"RayPerceptionSensor.Perceive":{"count":82665,"self":0.11597869999999999,"total":0.11597869999999999,"children":null}}}}}}},"AgentInfo.ToProto":{"count":17319,"self":0.0590645,"total":0.5287291,"children":{"GenerateSensorData":{"count":17319,"self":0.34926809999999997,"total":0.4696646,"children":{"RayPerceptionSensor.Perceive":{"count":86595,"self":0.12039649999999999,"total":0.12039649999999999,"children":null}}}}}},"gauges":{"DroneAgent.CumulativeReward":{"count":35487,"max":9.070566,"min":-13.5637836,"runningAverage":-0.345103651,"value":0.9700209,"weightedAverage":-0.3448149}},"metadata":{"timer_format_version":"0.1.0","start_time_seconds":"1699837410","unity_version":"2022.3.7f1","command_line_arguments":"F:\\UnityHub\\2022.3.7f1\\Editor\\Unity.exe -projectpath F:\\Unity_projects\\Oblig2\\Drone_MLagents -useHub -hubIPC -cloudEnvironment production -licensingIpc LicenseClient-thoma -hubSessionId 73f58732-3efb-47db-94d9-4855de74b1a2 -accessToken zTAa3wAhUZstdHqbuZ2GA8RArIbWl7wIr8EBwALJrQo005f","communication_protocol_version":"1.5.0","com.unity.ml-agents_version":"2.0.1","scene_name":"Drone_Controller_DEV","end_time_seconds":"1699918062"}}