{"count":1,"self":1527.3121792,"total":1713.4935753,"children":{"InitializeActuators":{"count":102,"self":0.0030015999999999997,"total":0.0030015999999999997,"children":null},"InitializeSensors":{"count":102,"self":0.010003399999999999,"total":0.010003399999999999,"children":null},"AgentSendState":{"count":15945,"self":13.667326399999999,"total":15.194928299999999,"children":{"CollectObservations":{"count":78485,"self":0.6697732,"total":0.6697732,"children":null},"WriteActionMask":{"count":78485,"self":0.19947769999999998,"total":0.19947769999999998,"children":null},"RequestDecision":{"count":78485,"self":0.6583506,"total":0.6583506,"children":null}}},"DecideAction":{"count":15945,"self":162.0722944,"total":169.92057599999998,"children":{"RayPerceptionSensor.Perceive":{"count":549395,"self":7.8482775999999994,"total":7.8482774,"children":null}}},"AgentAct":{"count":15945,"self":1.0528696,"total":1.0528696,"children":null}},"gauges":{"DroneAgent.CumulativeReward":{"count":18,"max":34.13713,"min":9.406414,"runningAverage":27.84816,"value":34.05799,"weightedAverage":29.6762161}},"metadata":{"timer_format_version":"0.1.0","start_time_seconds":"1702340183","unity_version":"2022.3.7f1","command_line_arguments":"F:\\UnityHub\\2022.3.7f1\\Editor\\Unity.exe -projectpath F:\\Unity_projects\\Oblig2\\Drone_MLagents -useHub -hubIPC -cloudEnvironment production -licensingIpc LicenseClient-thoma -hubSessionId 24294f5b-0ac0-4563-8bdc-09908f60a027 -accessToken OXaABLVnXbFj_kcipKh3K5vvMjMHm17GLqW_ZJW-cDQ005f","communication_protocol_version":"1.5.0","com.unity.ml-agents_version":"2.0.1","scene_name":"FinalTrack","end_time_seconds":"1702341896"}}