{"count":1,"self":4.5811199999999994,"total":12.9166987,"children":{"InitializeActuators":{"count":21,"self":0.0030001,"total":0.0030001,"children":null},"InitializeSensors":{"count":21,"self":0.0030004999999999997,"total":0.0030004999999999997,"children":null},"AgentSendState":{"count":163,"self":0.63723679999999994,"total":0.7440197,"children":{"CollectObservations":{"count":3423,"self":0.0279545,"total":0.0279545,"children":null},"WriteActionMask":{"count":3423,"self":0.0067938999999999994,"total":0.0067938999999999994,"children":null},"RequestDecision":{"count":3423,"self":0.0720345,"total":0.0720345,"children":null}}},"DecideAction":{"count":163,"self":7.3078416,"total":7.5540385,"children":{"RayPerceptionSensor.Perceive":{"count":23961,"self":0.24619719999999998,"total":0.24619719999999998,"children":null}}},"AgentAct":{"count":163,"self":0.030520199999999997,"total":0.030520199999999997,"children":null}},"gauges":{},"metadata":{"timer_format_version":"0.1.0","start_time_seconds":"1702344359","unity_version":"2022.3.7f1","command_line_arguments":"F:\\UnityHub\\2022.3.7f1\\Editor\\Unity.exe -projectpath F:\\Unity_projects\\Oblig2\\Drone_MLagents -useHub -hubIPC -cloudEnvironment production -licensingIpc LicenseClient-thoma -hubSessionId 24294f5b-0ac0-4563-8bdc-09908f60a027 -accessToken OXaABLVnXbFj_kcipKh3K5vvMjMHm17GLqW_ZJW-cDQ005f","communication_protocol_version":"1.5.0","com.unity.ml-agents_version":"2.0.1","scene_name":"FinalTrackWithoutWalls","end_time_seconds":"1702344372"}}