{"count":1,"self":35405.3947392,"total":47588.748159899995,"children":{"InitializeActuators":{"count":66,"self":0.0030027,"total":0.0030027,"children":null},"InitializeSensors":{"count":66,"self":0,"total":0,"children":null},"AgentSendState":{"count":566687,"self":1075.0102528,"total":1414.8874549,"children":{"CollectObservations":{"count":11646727,"self":47.6282752,"total":47.6282749,"children":null},"WriteActionMask":{"count":11646727,"self":4.8346095999999994,"total":4.8346095,"children":null},"RequestDecision":{"count":11646727,"self":25.3747808,"total":287.3442212,"children":{"AgentInfo.ToProto":{"count":11634042,"self":16.812451199999998,"total":261.9009903,"children":{"GenerateSensorData":{"count":11634042,"self":170.32372479999998,"total":245.08853879999998,"children":{"RayPerceptionSensor.Perceive":{"count":58170210,"self":74.764819199999991,"total":74.7648203,"children":null}}}}},"RayPerceptionSensor.Perceive":{"count":63425,"self":0.068450299999999992,"total":0.068450299999999992,"children":null}}},"RayPerceptionSensor.Perceive":{"count":63410,"self":0.0700507,"total":0.0700507,"children":null}}},"DecideAction":{"count":566687,"self":9431.3807872,"total":9431.3808245,"children":null},"AgentAct":{"count":566687,"self":1336.6518784,"total":1336.9773879,"children":{"AgentInfo.ToProto":{"count":11750,"self":0.036023599999999996,"total":0.32548499999999997,"children":{"GenerateSensorData":{"count":11750,"self":0.20004719999999998,"total":0.2894614,"children":{"RayPerceptionSensor.Perceive":{"count":58750,"self":0.0894142,"total":0.0894142,"children":null}}}}},"RayPerceptionSensor.Perceive":{"count":140,"self":0,"total":0,"children":null}}},"AgentInfo.ToProto":{"count":4000,"self":0.013004799999999999,"total":0.10578689999999999,"children":{"GenerateSensorData":{"count":4000,"self":0.0626143,"total":0.092782099999999992,"children":{"RayPerceptionSensor.Perceive":{"count":20000,"self":0.030167799999999998,"total":0.030167799999999998,"children":null}}}}}},"gauges":{"DroneAgent.CumulativeReward":{"count":15764,"max":5.093696,"min":-10.5957174,"runningAverage":-0.212856308,"value":3.017068,"weightedAverage":2.368777}},"metadata":{"timer_format_version":"0.1.0","start_time_seconds":"1699656180","unity_version":"2022.3.7f1","command_line_arguments":"F:\\UnityHub\\2022.3.7f1\\Editor\\Unity.exe -projectpath F:\\Unity_projects\\Oblig2\\Drone_MLagents -useHub -hubIPC -cloudEnvironment production -licensingIpc LicenseClient-thoma -hubSessionId 73f58732-3efb-47db-94d9-4855de74b1a2 -accessToken YujjqaJbdotUgpMDiw19grA1U2mH9rqbt0nOgTBfSPk005f","communication_protocol_version":"1.5.0","com.unity.ml-agents_version":"2.0.1","scene_name":"Scene","end_time_seconds":"1699703769"}}