{"count":1,"self":4873.6079872,"total":23691.372805,"children":{"InitializeActuators":{"count":145,"self":0.0050024,"total":0.0050024,"children":null},"InitializeSensors":{"count":145,"self":0.0120028,"total":0.0120028,"children":null},"AgentSendState":{"count":716855,"self":2161.7897472,"total":3932.4260354999997,"children":{"CollectObservations":{"count":14406625,"self":107.45062399999999,"total":107.45062659999999,"children":null},"WriteActionMask":{"count":14406625,"self":36.167215999999996,"total":36.1672174,"children":null},"RequestDecision":{"count":14406625,"self":197.9401216,"total":1627.0185188,"children":{"AgentInfo.ToProto":{"count":14406625,"self":103.86721279999999,"total":1429.0783916999999,"children":{"GenerateSensorData":{"count":14406625,"self":881.92655359999992,"total":1325.2111803999999,"children":{"RayPerceptionSensor.Perceive":{"count":100846375,"self":443.2846848,"total":443.2846593,"children":null}}}}}}}}},"DecideAction":{"count":716855,"self":12217.4046208,"total":12217.404741,"children":null},"AgentAct":{"count":716855,"self":2665.2397567999997,"total":2666.7882809,"children":{"AgentInfo.ToProto":{"count":13662,"self":0.18792009999999998,"total":1.5484460999999998,"children":{"GenerateSensorData":{"count":13662,"self":0.92150999999999994,"total":1.360526,"children":{"RayPerceptionSensor.Perceive":{"count":95634,"self":0.43901599999999996,"total":0.43901599999999996,"children":null}}}}}}},"AgentInfo.ToProto":{"count":9324,"self":0.1197579,"total":1.1277808999999999,"children":{"GenerateSensorData":{"count":9324,"self":0.6938634,"total":1.008023,"children":{"RayPerceptionSensor.Perceive":{"count":65268,"self":0.3141596,"total":0.3141596,"children":null}}}}}},"gauges":{"DroneAgent.CumulativeReward":{"count":22986,"max":9.709586,"min":-6.560023,"runningAverage":2.30572367,"value":-2.89457655,"weightedAverage":-3.03464675}},"metadata":{"timer_format_version":"0.1.0","start_time_seconds":"1701085489","unity_version":"2022.3.7f1","command_line_arguments":"F:\\UnityHub\\2022.3.7f1\\Editor\\Unity.exe -projectpath F:\\Unity_projects\\Oblig2\\Drone_MLagents -useHub -hubIPC -cloudEnvironment production -licensingIpc LicenseClient-thoma -hubSessionId e7d870d1-fae6-4961-b4c6-c63f0764e077 -accessToken o1U3Kq7-q8b5nMAM3YwNQjkd8Rn9jE9llitNCL_L3o4005f","communication_protocol_version":"1.5.0","com.unity.ml-agents_version":"2.0.1","scene_name":"SingleDrone","end_time_seconds":"1701109180"}}