{"count":1,"self":19772.506112,"total":52784.6369912,"children":{"InitializeActuators":{"count":81,"self":0.0030011,"total":0.0030011,"children":null},"InitializeSensors":{"count":81,"self":0.0029973,"total":0.0029973,"children":null},"AgentSendState":{"count":927147,"self":2243.2561152,"total":4019.8075145999996,"children":{"CollectObservations":{"count":14550957,"self":118.11581439999999,"total":118.1158134,"children":null},"WriteActionMask":{"count":14550957,"self":36.558928,"total":36.5589272,"children":null},"RequestDecision":{"count":14550957,"self":195.6739456,"total":1621.186205,"children":{"RayPerceptionSensor.Perceive":{"count":150108,"self":0.62042009999999992,"total":0.62042009999999992,"children":null},"AgentInfo.ToProto":{"count":14529513,"self":102.4163648,"total":1424.8918436,"children":{"GenerateSensorData":{"count":14529513,"self":886.7941376,"total":1322.4754794,"children":{"RayPerceptionSensor.Perceive":{"count":101706591,"self":435.6813312,"total":435.6813537,"children":null}}}}}}},"RayPerceptionSensor.Perceive":{"count":150094,"self":0.6904644,"total":0.6904644,"children":null}}},"DecideAction":{"count":927147,"self":28844.8610304,"total":28844.8624589,"children":null},"AgentAct":{"count":927147,"self":143.552256,"total":144.8995655,"children":{"RayPerceptionSensor.Perceive":{"count":28,"self":0.0010002,"total":0.0010002,"children":null},"AgentInfo.ToProto":{"count":12342,"self":0.12493939999999999,"total":1.3463059,"children":{"GenerateSensorData":{"count":12342,"self":0.858325,"total":1.2213665,"children":{"RayPerceptionSensor.Perceive":{"count":86394,"self":0.36304149999999996,"total":0.36304149999999996,"children":null}}}}}}},"RayPerceptionSensor.Perceive":{"count":1428,"self":0.0035114,"total":0.0035114,"children":null},"AgentInfo.ToProto":{"count":25151,"self":0.2610362,"total":2.5523328,"children":{"GenerateSensorData":{"count":25151,"self":1.5249453,"total":2.2912966,"children":{"RayPerceptionSensor.Perceive":{"count":176057,"self":0.7663513,"total":0.7663513,"children":null}}}}}},"gauges":{"DroneAgent.CumulativeReward":{"count":37597,"max":8.798279,"min":-3.06320882,"runningAverage":1.17330468,"value":0.511596859,"weightedAverage":0.943286}},"metadata":{"timer_format_version":"0.1.0","start_time_seconds":"1701475405","unity_version":"2022.3.7f1","command_line_arguments":"F:\\UnityHub\\2022.3.7f1\\Editor\\Unity.exe -projectpath F:\\Unity_projects\\Oblig2\\Drone_MLagents -useHub -hubIPC -cloudEnvironment production -licensingIpc LicenseClient-thoma -hubSessionId 7f1bd745-6ec3-40a1-a30e-e372a1a23c8f -accessToken kc_nnMjPWXku2TRbU6gkqCsjT89mk3NipD6aeKjcHBU005f","communication_protocol_version":"1.5.0","com.unity.ml-agents_version":"2.0.1","scene_name":"SingleDrone","end_time_seconds":"1701528190"}}