{"count":1,"self":34641.362944,"total":54869.7867978,"children":{"InitializeActuators":{"count":126,"self":0.0030011,"total":0.0030011,"children":null},"InitializeSensors":{"count":126,"self":0.0105008,"total":0.0105008,"children":null},"AgentSendState":{"count":464004,"self":1362.0187136,"total":2477.3287436,"children":{"CollectObservations":{"count":9087851,"self":74.6483648,"total":74.6483641,"children":null},"WriteActionMask":{"count":9087851,"self":23.098612799999998,"total":23.0986124,"children":null},"RequestDecision":{"count":9087851,"self":121.3122944,"total":1017.0207779,"children":{"AgentInfo.ToProto":{"count":9039926,"self":64.282393599999992,"total":895.1874974,"children":{"GenerateSensorData":{"count":9039926,"self":557.646848,"total":830.90510109999991,"children":{"RayPerceptionSensor.Perceive":{"count":63279482,"self":273.25824,"total":273.258235,"children":null}}}}},"RayPerceptionSensor.Perceive":{"count":140175,"self":0.5209898,"total":0.5209898,"children":null}}},"RayPerceptionSensor.Perceive":{"count":141981,"self":0.542287,"total":0.542287,"children":null}}},"DecideAction":{"count":464004,"self":17645.3091328,"total":17647.3380516,"children":{"RayPerceptionSensor.Perceive":{"count":195300,"self":2.0284766,"total":2.0284766,"children":null}}},"AgentAct":{"count":464004,"self":102.5293056,"total":103.15913909999999,"children":{"AgentInfo.ToProto":{"count":6156,"self":0.0619611,"total":0.6288302,"children":{"GenerateSensorData":{"count":6156,"self":0.3859591,"total":0.5668691,"children":{"RayPerceptionSensor.Perceive":{"count":43092,"self":0.18091,"total":0.18091,"children":null}}}}},"RayPerceptionSensor.Perceive":{"count":182,"self":0.0010003,"total":0.0010003,"children":null}}},"AgentInfo.ToProto":{"count":5156,"self":0.0585165,"total":0.5834758,"children":{"GenerateSensorData":{"count":5156,"self":0.3610478,"total":0.5249593,"children":{"RayPerceptionSensor.Perceive":{"count":36092,"self":0.1639115,"total":0.1639115,"children":null}}}}},"RayPerceptionSensor.Perceive":{"count":112,"self":0.00099969999999999985,"total":0.00099969999999999985,"children":null}},"gauges":{"DroneAgent.CumulativeReward":{"count":11356,"max":13.1682234,"min":-5.3709116,"runningAverage":0.45354116,"value":0.08111435,"weightedAverage":-0.109229371}},"metadata":{"timer_format_version":"0.1.0","start_time_seconds":"1701561655","unity_version":"2022.3.7f1","command_line_arguments":"F:\\UnityHub\\2022.3.7f1\\Editor\\Unity.exe -projectpath F:\\Unity_projects\\Oblig2\\Drone_MLagents -useHub -hubIPC -cloudEnvironment production -licensingIpc LicenseClient-thoma -hubSessionId 7f1bd745-6ec3-40a1-a30e-e372a1a23c8f -accessToken kc_nnMjPWXku2TRbU6gkqCsjT89mk3NipD6aeKjcHBU005f","communication_protocol_version":"1.5.0","com.unity.ml-agents_version":"2.0.1","scene_name":"SingleDrone","end_time_seconds":"1701616525"}}