{"count":1,"self":1049.8339839999999,"total":16966.495440799998,"children":{"InitializeActuators":{"count":24,"self":0.0055089,"total":0.0055089,"children":null},"InitializeSensors":{"count":24,"self":0.0030007,"total":0.0030007,"children":null},"AgentSendState":{"count":798668,"self":1445.0618368,"total":2625.6229878999998,"children":{"CollectObservations":{"count":9584016,"self":72.009964799999992,"total":72.0099634,"children":null},"WriteActionMask":{"count":9584016,"self":25.4156336,"total":25.4156336,"children":null},"RequestDecision":{"count":9584016,"self":131.05804799999999,"total":1083.1355078,"children":{"AgentInfo.ToProto":{"count":9584016,"self":71.0386944,"total":952.07745489999991,"children":{"GenerateSensorData":{"count":9584016,"self":591.7439488,"total":881.0387607,"children":{"RayPerceptionSensor.Perceive":{"count":67088112,"self":289.2947968,"total":289.29479979999996,"children":null}}}}}}}}},"DecideAction":{"count":798668,"self":11470.6333696,"total":11470.633023499999,"children":null},"AgentAct":{"count":798668,"self":1817.1693056,"total":1818.4955364,"children":{"AgentInfo.ToProto":{"count":12115,"self":0.1526937,"total":1.3262139,"children":{"GenerateSensorData":{"count":12115,"self":0.80738159999999992,"total":1.1735202,"children":{"RayPerceptionSensor.Perceive":{"count":84805,"self":0.3661386,"total":0.3661386,"children":null}}}}}}},"AgentInfo.ToProto":{"count":16944,"self":0.19722289999999998,"total":1.9014324999999999,"children":{"GenerateSensorData":{"count":16944,"self":1.1757543,"total":1.7042096,"children":{"RayPerceptionSensor.Perceive":{"count":118608,"self":0.5284553,"total":0.5284553,"children":null}}}}}},"gauges":{"DroneAgent.CumulativeReward":{"count":29059,"max":6.81066847,"min":-4.168843,"runningAverage":0.698118031,"value":0.4229848,"weightedAverage":0.6143629}},"metadata":{"timer_format_version":"0.1.0","start_time_seconds":"1700753928","unity_version":"2022.3.7f1","command_line_arguments":"F:\\UnityHub\\2022.3.7f1\\Editor\\Unity.exe -projectpath F:\\Unity_projects\\Oblig2\\Drone_MLagents -useHub -hubIPC -cloudEnvironment production -licensingIpc LicenseClient-thoma -hubSessionId e7d870d1-fae6-4961-b4c6-c63f0764e077 -accessToken o1U3Kq7-q8b5nMAM3YwNQjkd8Rn9jE9llitNCL_L3o4005f","communication_protocol_version":"1.5.0","com.unity.ml-agents_version":"2.0.1","scene_name":"SingleDrone","end_time_seconds":"1700770895"}}