{"count":1,"self":16708.4572672,"total":63488.6547896,"children":{"InitializeActuators":{"count":156,"self":0.0030007,"total":0.0030007,"children":null},"InitializeSensors":{"count":156,"self":0.0059996999999999993,"total":0.0059996999999999993,"children":null},"AgentSendState":{"count":1358607,"self":3254.718464,"total":5727.487027,"children":{"CollectObservations":{"count":20205702,"self":167.67319039999998,"total":167.6731906,"children":null},"WriteActionMask":{"count":20205702,"self":51.0861344,"total":51.086134799999996,"children":null},"RequestDecision":{"count":20205702,"self":268.104576,"total":2254.0092067,"children":{"AgentInfo.ToProto":{"count":20205702,"self":143.2502656,"total":1985.9046334999998,"children":{"GenerateSensorData":{"count":20205702,"self":1247.84384,"total":1842.6543631999998,"children":{"RayPerceptionSensor.Perceive":{"count":141439914,"self":594.8105216,"total":594.8105044,"children":null}}}}}}}}},"DecideAction":{"count":1358607,"self":40837.093785599995,"total":40837.094945,"children":null},"AgentAct":{"count":1358607,"self":213.40647679999998,"total":214.68844009999998,"children":{"AgentInfo.ToProto":{"count":11915,"self":0.1237963,"total":1.281958,"children":{"GenerateSensorData":{"count":11915,"self":0.78279219999999994,"total":1.1581617,"children":{"RayPerceptionSensor.Perceive":{"count":83405,"self":0.37536949999999997,"total":0.37536949999999997,"children":null}}}}}}},"AgentInfo.ToProto":{"count":8799,"self":0.1039683,"total":0.918551,"children":{"GenerateSensorData":{"count":8799,"self":0.5457714,"total":0.8145827,"children":{"RayPerceptionSensor.Perceive":{"count":61593,"self":0.2688113,"total":0.2688113,"children":null}}}}}},"gauges":{"DroneAgent.CumulativeReward":{"count":20714,"max":23.2880459,"min":-10.7612391,"runningAverage":0.9876673,"value":12.8673525,"weightedAverage":4.047659}},"metadata":{"timer_format_version":"0.1.0","start_time_seconds":"1701732689","unity_version":"2022.3.7f1","command_line_arguments":"F:\\UnityHub\\2022.3.7f1\\Editor\\Unity.exe -projectpath F:\\Unity_projects\\Oblig2\\Drone_MLagents -useHub -hubIPC -cloudEnvironment production -licensingIpc LicenseClient-thoma -hubSessionId 7f1bd745-6ec3-40a1-a30e-e372a1a23c8f -accessToken 7KH8ibH8-KnPyxs3nvMK5-6Kicx0klHVpUI33X0mvtY005f","communication_protocol_version":"1.5.0","com.unity.ml-agents_version":"2.0.1","scene_name":"SingleDrone","end_time_seconds":"1701796178"}}