{"count":1,"self":3019.5544064,"total":6850.9797063999995,"children":{"InitializeActuators":{"count":49,"self":0.0009996,"total":0.0009996,"children":null},"InitializeSensors":{"count":49,"self":0.0031393999999999997,"total":0.0031393999999999997,"children":null},"AgentSendState":{"count":41723,"self":221.09012479999998,"total":400.7910407,"children":{"CollectObservations":{"count":1331214,"self":12.875791999999999,"total":12.875791999999999,"children":null},"WriteActionMask":{"count":1331214,"self":3.7542296,"total":3.7542297999999996,"children":null},"RequestDecision":{"count":1331214,"self":19.999862399999998,"total":162.8138507,"children":{"RayPerceptionSensor.Perceive":{"count":71904,"self":0.31736729999999996,"total":0.31736729999999996,"children":null},"AgentInfo.ToProto":{"count":1320942,"self":10.4143104,"total":142.496621,"children":{"GenerateSensorData":{"count":1320942,"self":89.8908032,"total":132.0823102,"children":{"RayPerceptionSensor.Perceive":{"count":9246594,"self":42.191503999999995,"total":42.191505,"children":null}}}}}}},"RayPerceptionSensor.Perceive":{"count":62909,"self":0.257034,"total":0.257034,"children":null}}},"DecideAction":{"count":41723,"self":3203.5149824,"total":3203.5148942,"children":null},"AgentAct":{"count":41723,"self":226.677888,"total":226.8529107,"children":{"RayPerceptionSensor.Perceive":{"count":245,"self":0.0010000999999999999,"total":0.0010000999999999999,"children":null},"AgentInfo.ToProto":{"count":1248,"self":0.0170051,"total":0.1740274,"children":{"GenerateSensorData":{"count":1248,"self":0.1180147,"total":0.1570223,"children":{"RayPerceptionSensor.Perceive":{"count":8736,"self":0.039007599999999996,"total":0.039007599999999996,"children":null}}}}}}},"RayPerceptionSensor.Perceive":{"count":14,"self":0,"total":0,"children":null},"AgentInfo.ToProto":{"count":1983,"self":0.0338542,"total":0.2624112,"children":{"GenerateSensorData":{"count":1983,"self":0.15665759999999998,"total":0.22855699999999998,"children":{"RayPerceptionSensor.Perceive":{"count":13881,"self":0.0718994,"total":0.0718994,"children":null}}}}}},"gauges":{"DroneAgent.CumulativeReward":{"count":3250,"max":12.206666,"min":-2.32500935,"runningAverage":-0.9054427,"value":-1.98463583,"weightedAverage":-1.9221518}},"metadata":{"timer_format_version":"0.1.0","start_time_seconds":"1701192644","unity_version":"2022.3.7f1","command_line_arguments":"F:\\UnityHub\\2022.3.7f1\\Editor\\Unity.exe -projectpath F:\\Unity_projects\\Oblig2\\Drone_MLagents -useHub -hubIPC -cloudEnvironment production -licensingIpc LicenseClient-thoma -hubSessionId d9cfe5fa-005d-4dd0-b52c-04ef35fea5cd -accessToken UuuQ-a5H-sLEFr_KNIubL9uxcr-KgE8yFEYrNr7sYyc005f","communication_protocol_version":"1.5.0","com.unity.ml-agents_version":"2.0.1","scene_name":"SingleDrone","end_time_seconds":"1701199495"}}