{"count":1,"self":8496.6924288,"total":23448.6476987,"children":{"InitializeActuators":{"count":75,"self":0.0030009,"total":0.0030009,"children":null},"InitializeSensors":{"count":75,"self":0.0030001999999999997,"total":0.0030001999999999997,"children":null},"AgentSendState":{"count":241117,"self":818.4241664,"total":1469.97856,"children":{"CollectObservations":{"count":5073440,"self":45.8654496,"total":45.8654498,"children":null},"WriteActionMask":{"count":5073440,"self":13.6010976,"total":13.6010973,"children":null},"RequestDecision":{"count":5073440,"self":73.154783999999992,"total":591.2312615,"children":{"AgentInfo.ToProto":{"count":5041248,"self":38.548051199999996,"total":517.2379487,"children":{"GenerateSensorData":{"count":5041248,"self":325.3065472,"total":478.6898986,"children":{"RayPerceptionSensor.Perceive":{"count":35288736,"self":153.38335999999998,"total":153.3833537,"children":null}}}}},"RayPerceptionSensor.Perceive":{"count":217112,"self":0.8385285,"total":0.8385285,"children":null}}},"RayPerceptionSensor.Perceive":{"count":216979,"self":0.8565893,"total":0.8565893,"children":null}}},"DecideAction":{"count":241117,"self":13404.93824,"total":13405.0276622,"children":{"RayPerceptionSensor.Perceive":{"count":8232,"self":0.0890335,"total":0.0890335,"children":null}}},"AgentAct":{"count":241117,"self":76.18647039999999,"total":76.385479199999992,"children":{"AgentInfo.ToProto":{"count":1703,"self":0.024963799999999998,"total":0.1963072,"children":{"GenerateSensorData":{"count":1703,"self":0.1293367,"total":0.17134339999999998,"children":{"RayPerceptionSensor.Perceive":{"count":11921,"self":0.0420067,"total":0.0420067,"children":null}}}}},"RayPerceptionSensor.Perceive":{"count":574,"self":0.0027033,"total":0.0027033,"children":null}}},"AgentInfo.ToProto":{"count":4046,"self":0.0775773,"total":0.5576603,"children":{"GenerateSensorData":{"count":4046,"self":0.33727969999999996,"total":0.480083,"children":{"RayPerceptionSensor.Perceive":{"count":28322,"self":0.1428033,"total":0.1428033,"children":null}}}}}},"gauges":{"DroneAgent.CumulativeReward":{"count":5790,"max":13.8964,"min":-4.478103,"runningAverage":0.814332843,"value":-0.01447531,"weightedAverage":1.00435328}},"metadata":{"timer_format_version":"0.1.0","start_time_seconds":"1701364065","unity_version":"2022.3.7f1","command_line_arguments":"F:\\UnityHub\\2022.3.7f1\\Editor\\Unity.exe -projectpath F:\\Unity_projects\\Oblig2\\Drone_MLagents -useHub -hubIPC -cloudEnvironment production -licensingIpc LicenseClient-thoma -hubSessionId d9cfe5fa-005d-4dd0-b52c-04ef35fea5cd -accessToken -qTq6KLmv8I9GBYODoycgN18lSzx6fIpupLVVI58_co005f","communication_protocol_version":"1.5.0","com.unity.ml-agents_version":"2.0.1","scene_name":"SingleDrone","end_time_seconds":"1701387514"}}