{"count":1,"self":1152.2337791999998,"total":10863.830838599999,"children":{"InitializeActuators":{"count":168,"self":0.0030012,"total":0.0030012,"children":null},"InitializeSensors":{"count":168,"self":0.0090026999999999989,"total":0.0090026999999999989,"children":null},"AgentSendState":{"count":307157,"self":1123.8668288,"total":2039.2486933,"children":{"CollectObservations":{"count":7371768,"self":55.370751999999996,"total":55.370751,"children":null},"WriteActionMask":{"count":7371768,"self":18.9485936,"total":18.948593,"children":null},"RequestDecision":{"count":7371768,"self":99.3405952,"total":841.06252009999992,"children":{"AgentInfo.ToProto":{"count":7371720,"self":52.7663872,"total":741.72192409999991,"children":{"GenerateSensorData":{"count":7371720,"self":451.10794239999996,"total":688.95553699999994,"children":{"RayPerceptionSensor.Perceive":{"count":51602040,"self":237.8475776,"total":237.8475715,"children":null}}}}}}}}},"DecideAction":{"count":307157,"self":6289.8618368,"total":6289.8667574,"children":{"RayPerceptionSensor.Perceive":{"count":336,"self":0.0050009999999999994,"total":0.0050009999999999994,"children":null}}},"AgentAct":{"count":307157,"self":1376.5797888,"total":1376.6148259,"children":{"AgentInfo.ToProto":{"count":349,"self":0.0020007,"total":0.034997799999999996,"children":{"GenerateSensorData":{"count":349,"self":0.022002,"total":0.0329971,"children":{"RayPerceptionSensor.Perceive":{"count":2443,"self":0.010995099999999999,"total":0.010995099999999999,"children":null}}}}}}},"AgentInfo.ToProto":{"count":50816,"self":0.61074489999999992,"total":5.8547486,"children":{"GenerateSensorData":{"count":50816,"self":3.5097932,"total":5.2440036999999995,"children":{"RayPerceptionSensor.Perceive":{"count":355712,"self":1.7342103999999998,"total":1.7342104999999999,"children":null}}}}}},"gauges":{"DroneAgent.CumulativeReward":{"count":51165,"max":5.44499969,"min":-4.90394068,"runningAverage":-1.92524457,"value":-0.8193519,"weightedAverage":-1.80493808}},"metadata":{"timer_format_version":"0.1.0","start_time_seconds":"1701019628","unity_version":"2022.3.7f1","command_line_arguments":"F:\\UnityHub\\2022.3.7f1\\Editor\\Unity.exe -projectpath F:\\Unity_projects\\Oblig2\\Drone_MLagents -useHub -hubIPC -cloudEnvironment production -licensingIpc LicenseClient-thoma -hubSessionId e7d870d1-fae6-4961-b4c6-c63f0764e077 -accessToken o1U3Kq7-q8b5nMAM3YwNQjkd8Rn9jE9llitNCL_L3o4005f","communication_protocol_version":"1.5.0","com.unity.ml-agents_version":"2.0.1","scene_name":"SingleDrone","end_time_seconds":"1701030492"}}