{"count":1,"self":654.4902144,"total":12818.689081299999,"children":{"InitializeActuators":{"count":120,"self":0.0030004,"total":0.0030004,"children":null},"InitializeSensors":{"count":120,"self":0.0095062999999999988,"total":0.0095062999999999988,"children":null},"AgentSendState":{"count":405403,"self":1504.415744,"total":2695.3980238,"children":{"CollectObservations":{"count":9729672,"self":70.0799232,"total":70.079921,"children":null},"WriteActionMask":{"count":9729672,"self":24.356752,"total":24.3567522,"children":null},"RequestDecision":{"count":9729672,"self":130.2026112,"total":1096.5456152,"children":{"AgentInfo.ToProto":{"count":9729672,"self":69.273484799999991,"total":966.3430102,"children":{"GenerateSensorData":{"count":9729672,"self":589.20478719999994,"total":897.0695234,"children":{"RayPerceptionSensor.Perceive":{"count":68107704,"self":307.86470399999996,"total":307.86471259999996,"children":null}}}}}}}}},"DecideAction":{"count":405403,"self":7605.5748607999994,"total":7605.5751771,"children":null},"AgentAct":{"count":405403,"self":1860.6712831999998,"total":1862.1738771,"children":{"AgentInfo.ToProto":{"count":13172,"self":0.1694838,"total":1.5026344,"children":{"GenerateSensorData":{"count":13172,"self":0.8891827,"total":1.3331506,"children":{"RayPerceptionSensor.Perceive":{"count":92204,"self":0.44396789999999997,"total":0.44396789999999997,"children":null}}}}}}},"AgentInfo.ToProto":{"count":8921,"self":0.1094526,"total":1.0392995,"children":{"GenerateSensorData":{"count":8921,"self":0.6209373,"total":0.92984689999999992,"children":{"RayPerceptionSensor.Perceive":{"count":62447,"self":0.3089096,"total":0.3089096,"children":null}}}}}},"gauges":{"DroneAgent.CumulativeReward":{"count":22093,"max":8.7111,"min":-3.85885549,"runningAverage":2.27764463,"value":4.33060265,"weightedAverage":3.006567}},"metadata":{"timer_format_version":"0.1.0","start_time_seconds":"1700995045","unity_version":"2022.3.7f1","command_line_arguments":"F:\\UnityHub\\2022.3.7f1\\Editor\\Unity.exe -projectpath F:\\Unity_projects\\Oblig2\\Drone_MLagents -useHub -hubIPC -cloudEnvironment production -licensingIpc LicenseClient-thoma -hubSessionId e7d870d1-fae6-4961-b4c6-c63f0764e077 -accessToken o1U3Kq7-q8b5nMAM3YwNQjkd8Rn9jE9llitNCL_L3o4005f","communication_protocol_version":"1.5.0","com.unity.ml-agents_version":"2.0.1","scene_name":"SingleDrone","end_time_seconds":"1701007863"}}