{"count":1,"self":37602.0041728,"total":46617.499486199995,"children":{"InitializeActuators":{"count":197,"self":0.0029977999999999997,"total":0.0029977999999999997,"children":null},"InitializeSensors":{"count":197,"self":0.0129949,"total":0.0129949,"children":null},"AgentSendState":{"count":340871,"self":1098.913792,"total":1980.9181087,"children":{"CollectObservations":{"count":7442673,"self":52.6646496,"total":52.664650699999996,"children":null},"WriteActionMask":{"count":7442673,"self":18.3126384,"total":18.312639,"children":null},"RequestDecision":{"count":7442673,"self":99.869152,"total":810.1381441,"children":{"AgentInfo.ToProto":{"count":7409304,"self":51.5299008,"total":709.2633754,"children":{"GenerateSensorData":{"count":7409304,"self":439.7709312,"total":657.7334738,"children":{"RayPerceptionSensor.Perceive":{"count":51865128,"self":217.9625216,"total":217.9625317,"children":null}}}}},"RayPerceptionSensor.Perceive":{"count":224679,"self":1.0056146,"total":1.0056146,"children":null}}},"RayPerceptionSensor.Perceive":{"count":224644,"self":0.888855,"total":0.888855,"children":null}}},"DecideAction":{"count":340871,"self":5683.6141056,"total":5683.7130541999995,"children":{"RayPerceptionSensor.Perceive":{"count":8904,"self":0.099088799999999991,"total":0.099088799999999991,"children":null}}},"AgentAct":{"count":340871,"self":1348.530176,"total":1349.3464926,"children":{"AgentInfo.ToProto":{"count":7952,"self":0.0825383,"total":0.8143037,"children":{"GenerateSensorData":{"count":7952,"self":0.5305136,"total":0.7317654,"children":{"RayPerceptionSensor.Perceive":{"count":55664,"self":0.20125179999999998,"total":0.20125179999999998,"children":null}}}}},"RayPerceptionSensor.Perceive":{"count":644,"self":0.0020008,"total":0.0020008,"children":null}}},"AgentInfo.ToProto":{"count":15570,"self":0.1214633,"total":1.4995986,"children":{"GenerateSensorData":{"count":15570,"self":0.93997579999999992,"total":1.3781352999999998,"children":{"RayPerceptionSensor.Perceive":{"count":108990,"self":0.4381595,"total":0.4381595,"children":null}}}}},"RayPerceptionSensor.Perceive":{"count":238,"self":0.0019993999999999997,"total":0.0019993999999999997,"children":null}},"gauges":{"DroneAgent.CumulativeReward":{"count":23585,"max":9.23415,"min":-4.512084,"runningAverage":2.36498141,"value":4.978786,"weightedAverage":3.72120476}},"metadata":{"timer_format_version":"0.1.0","start_time_seconds":"1700946427","unity_version":"2022.3.7f1","command_line_arguments":"F:\\UnityHub\\2022.3.7f1\\Editor\\Unity.exe -projectpath F:\\Unity_projects\\Oblig2\\Drone_MLagents -useHub -hubIPC -cloudEnvironment production -licensingIpc LicenseClient-thoma -hubSessionId e7d870d1-fae6-4961-b4c6-c63f0764e077 -accessToken o1U3Kq7-q8b5nMAM3YwNQjkd8Rn9jE9llitNCL_L3o4005f","communication_protocol_version":"1.5.0","com.unity.ml-agents_version":"2.0.1","scene_name":"SingleDrone","end_time_seconds":"1700993044"}}