{"count":1,"self":22017.3139968,"total":37014.8394559,"children":{"InitializeActuators":{"count":60,"self":0.0019961,"total":0.0019961,"children":null},"InitializeSensors":{"count":60,"self":0.0041511,"total":0.0041511,"children":null},"AgentSendState":{"count":836886,"self":1461.4139903999999,"total":2684.7851691,"children":{"CollectObservations":{"count":10042632,"self":74.1182208,"total":74.1182201,"children":null},"WriteActionMask":{"count":10042632,"self":25.9651264,"total":25.965127199999998,"children":null},"RequestDecision":{"count":10042632,"self":135.2720512,"total":1123.2878755,"children":{"AgentInfo.ToProto":{"count":10042632,"self":71.6583552,"total":988.0158257999999,"children":{"GenerateSensorData":{"count":10042632,"self":606.3049728,"total":916.3574694,"children":{"RayPerceptionSensor.Perceive":{"count":70298424,"self":310.0525312,"total":310.0525214,"children":null}}}}}}}}},"DecideAction":{"count":836886,"self":10560.157286399999,"total":10560.1570902,"children":null},"AgentAct":{"count":836886,"self":1750.3031296,"total":1751.8841776,"children":{"AgentInfo.ToProto":{"count":15103,"self":0.16258409999999998,"total":1.5810084,"children":{"GenerateSensorData":{"count":15103,"self":0.92164479999999993,"total":1.4184242999999999,"children":{"RayPerceptionSensor.Perceive":{"count":105721,"self":0.4967795,"total":0.4967795,"children":null}}}}}}},"AgentInfo.ToProto":{"count":6707,"self":0.0777576,"total":0.6924715,"children":{"GenerateSensorData":{"count":6707,"self":0.4063575,"total":0.61471389999999992,"children":{"RayPerceptionSensor.Perceive":{"count":46949,"self":0.2083564,"total":0.2083564,"children":null}}}}}},"gauges":{"DroneAgent.CumulativeReward":{"count":21810,"max":9.612383,"min":-4.5808773,"runningAverage":4.74498272,"value":7.413127,"weightedAverage":5.541837}},"metadata":{"timer_format_version":"0.1.0","start_time_seconds":"1700863555","unity_version":"2022.3.7f1","command_line_arguments":"F:\\UnityHub\\2022.3.7f1\\Editor\\Unity.exe -projectpath F:\\Unity_projects\\Oblig2\\Drone_MLagents -useHub -hubIPC -cloudEnvironment production -licensingIpc LicenseClient-thoma -hubSessionId e7d870d1-fae6-4961-b4c6-c63f0764e077 -accessToken o1U3Kq7-q8b5nMAM3YwNQjkd8Rn9jE9llitNCL_L3o4005f","communication_protocol_version":"1.5.0","com.unity.ml-agents_version":"2.0.1","scene_name":"SingleDrone","end_time_seconds":"1700900570"}}