{"count":1,"self":30.443407999999998,"total":612.0133137,"children":{"InitializeActuators":{"count":20,"self":0.0010002,"total":0.0010002,"children":null},"InitializeSensors":{"count":20,"self":0.0040016999999999995,"total":0.0040016999999999995,"children":null},"AgentSendState":{"count":22601,"self":67.84528,"total":123.28267579999999,"children":{"CollectObservations":{"count":452020,"self":3.490208,"total":3.4902078999999997,"children":null},"WriteActionMask":{"count":452020,"self":1.1307099999999999,"total":1.1307099999999999,"children":null},"RequestDecision":{"count":452020,"self":6.2504684,"total":50.816476099999996,"children":{"AgentInfo.ToProto":{"count":452020,"self":3.2693166,"total":44.5660076,"children":{"GenerateSensorData":{"count":452020,"self":27.5628064,"total":41.296690999999996,"children":{"RayPerceptionSensor.Perceive":{"count":3164140,"self":13.7338832,"total":13.733883899999999,"children":null}}}}}}}}},"DecideAction":{"count":22601,"self":376.1014272,"total":376.10143819999996,"children":null},"AgentAct":{"count":22601,"self":82.09541759999999,"total":82.1434246,"children":{"AgentInfo.ToProto":{"count":485,"self":0.0040019,"total":0.048006,"children":{"GenerateSensorData":{"count":485,"self":0.0340015,"total":0.0440041,"children":{"RayPerceptionSensor.Perceive":{"count":3395,"self":0.0100026,"total":0.0100026,"children":null}}}}}}},"AgentInfo.ToProto":{"count":378,"self":0.0010003,"total":0.036364299999999995,"children":{"GenerateSensorData":{"count":378,"self":0.0240021,"total":0.035364,"children":{"RayPerceptionSensor.Perceive":{"count":2646,"self":0.0113619,"total":0.0113619,"children":null}}}}}},"gauges":{"DroneAgent.CumulativeReward":{"count":863,"max":4.29494953,"min":-4.95342064,"runningAverage":-0.808493733,"value":0.958196461,"weightedAverage":-0.280668437}},"metadata":{"timer_format_version":"0.1.0","start_time_seconds":"1701084868","unity_version":"2022.3.7f1","command_line_arguments":"F:\\UnityHub\\2022.3.7f1\\Editor\\Unity.exe -projectpath F:\\Unity_projects\\Oblig2\\Drone_MLagents -useHub -hubIPC -cloudEnvironment production -licensingIpc LicenseClient-thoma -hubSessionId e7d870d1-fae6-4961-b4c6-c63f0764e077 -accessToken o1U3Kq7-q8b5nMAM3YwNQjkd8Rn9jE9llitNCL_L3o4005f","communication_protocol_version":"1.5.0","com.unity.ml-agents_version":"2.0.1","scene_name":"SingleDrone","end_time_seconds":"1701085480"}}