{"count":1,"self":16328.4631552,"total":51781.7114237,"children":{"InitializeActuators":{"count":141,"self":0.0030007,"total":0.0030007,"children":null},"InitializeSensors":{"count":141,"self":0.0050003,"total":0.0050003,"children":null},"AgentSendState":{"count":1036040,"self":2461.983744,"total":4332.3465946,"children":{"CollectObservations":{"count":15367197,"self":126.5213184,"total":126.5213222,"children":null},"WriteActionMask":{"count":15367197,"self":38.717657599999995,"total":38.717659,"children":null},"RequestDecision":{"count":15367197,"self":202.98366719999999,"total":1705.1239120999999,"children":{"AgentInfo.ToProto":{"count":15367197,"self":108.3400448,"total":1502.1402511,"children":{"GenerateSensorData":{"count":15367197,"self":943.7006848,"total":1393.8002063,"children":{"RayPerceptionSensor.Perceive":{"count":107570379,"self":450.0995072,"total":450.09950829999997,"children":null}}}}}}}}},"DecideAction":{"count":1036040,"self":30956.886425599998,"total":30956.886960099997,"children":null},"AgentAct":{"count":1036040,"self":162.33303039999998,"total":163.3171596,"children":{"AgentInfo.ToProto":{"count":9099,"self":0.09398,"total":0.9841234,"children":{"GenerateSensorData":{"count":9099,"self":0.602744,"total":0.89014339999999992,"children":{"RayPerceptionSensor.Perceive":{"count":63693,"self":0.28739939999999997,"total":0.28739939999999997,"children":null}}}}}}},"AgentInfo.ToProto":{"count":6712,"self":0.081970599999999991,"total":0.6895098,"children":{"GenerateSensorData":{"count":6712,"self":0.41223089999999996,"total":0.6075392,"children":{"RayPerceptionSensor.Perceive":{"count":46984,"self":0.1953083,"total":0.1953083,"children":null}}}}}},"gauges":{"DroneAgent.CumulativeReward":{"count":15811,"max":17.9223156,"min":-10.2552757,"runningAverage":0.220638156,"value":-2.155171,"weightedAverage":-2.42847633}},"metadata":{"timer_format_version":"0.1.0","start_time_seconds":"1701732689","unity_version":"2022.3.7f1","command_line_arguments":"F:\\UnityHub\\2022.3.7f1\\Editor\\Unity.exe -projectpath F:\\Unity_projects\\Oblig2\\Drone_MLagents -useHub -hubIPC -cloudEnvironment production -licensingIpc LicenseClient-thoma -hubSessionId 7f1bd745-6ec3-40a1-a30e-e372a1a23c8f -accessToken 7KH8ibH8-KnPyxs3nvMK5-6Kicx0klHVpUI33X0mvtY005f","communication_protocol_version":"1.5.0","com.unity.ml-agents_version":"2.0.1","scene_name":"SingleDrone","end_time_seconds":"1701784471"}}