{"count":1,"self":403.256192,"total":8746.6590882,"children":{"InitializeActuators":{"count":18,"self":0.0020003,"total":0.0020003,"children":null},"InitializeSensors":{"count":18,"self":0.0030012,"total":0.0030012,"children":null},"AgentSendState":{"count":457918,"self":611.187968,"total":1117.7993113,"children":{"CollectObservations":{"count":4121262,"self":30.6628768,"total":30.6628765,"children":null},"WriteActionMask":{"count":4121262,"self":10.6006576,"total":10.6006573,"children":null},"RequestDecision":{"count":4121262,"self":55.779104,"total":465.3477863,"children":{"AgentInfo.ToProto":{"count":4121262,"self":29.8768,"total":409.5686826,"children":{"GenerateSensorData":{"count":4121262,"self":256.19648,"total":379.6918821,"children":{"RayPerceptionSensor.Perceive":{"count":28848834,"self":123.49541119999999,"total":123.4954087,"children":null}}}}}}}}},"DecideAction":{"count":457918,"self":6466.7385856,"total":6466.7387546,"children":null},"AgentAct":{"count":457918,"self":757.79553279999993,"total":758.28264619999993,"children":{"AgentInfo.ToProto":{"count":4486,"self":0.0440553,"total":0.48709969999999997,"children":{"GenerateSensorData":{"count":4486,"self":0.3004519,"total":0.4430444,"children":{"RayPerceptionSensor.Perceive":{"count":31402,"self":0.14259249999999998,"total":0.14259249999999998,"children":null}}}}}}},"AgentInfo.ToProto":{"count":5075,"self":0.065450899999999992,"total":0.57718039999999993,"children":{"GenerateSensorData":{"count":5075,"self":0.33929129999999996,"total":0.5117295,"children":{"RayPerceptionSensor.Perceive":{"count":35525,"self":0.17243819999999999,"total":0.17243819999999999,"children":null}}}}}},"gauges":{"DroneAgent.CumulativeReward":{"count":9561,"max":3.99195051,"min":-3.456139,"runningAverage":0.68813616,"value":1.90993893,"weightedAverage":0.7178028}},"metadata":{"timer_format_version":"0.1.0","start_time_seconds":"1700674430","unity_version":"2022.3.7f1","command_line_arguments":"F:\\UnityHub\\2022.3.7f1\\Editor\\Unity.exe -projectpath F:\\Unity_projects\\Oblig2\\Drone_MLagents -useHub -hubIPC -cloudEnvironment production -licensingIpc LicenseClient-thoma -hubSessionId e7d870d1-fae6-4961-b4c6-c63f0764e077 -accessToken o1U3Kq7-q8b5nMAM3YwNQjkd8Rn9jE9llitNCL_L3o4005f","communication_protocol_version":"1.5.0","com.unity.ml-agents_version":"2.0.1","scene_name":"SingleDrone","end_time_seconds":"1700683177"}}