{"count":1,"self":24199.3252864,"total":85900.450749999989,"children":{"InitializeActuators":{"count":285,"self":0.0069833,"total":0.0069833,"children":null},"InitializeSensors":{"count":285,"self":0.013998799999999999,"total":0.013998799999999999,"children":null},"AgentSendState":{"count":1578320,"self":4172.2281984,"total":7444.9806820999993,"children":{"CollectObservations":{"count":26661951,"self":217.5882752,"total":217.5882842,"children":null},"WriteActionMask":{"count":26661951,"self":67.5723136,"total":67.572312,"children":null},"RequestDecision":{"count":26661951,"self":360.0692224,"total":2986.9012855,"children":{"RayPerceptionSensor.Perceive":{"count":150108,"self":0.62042009999999992,"total":0.62042009999999992,"children":null},"AgentInfo.ToProto":{"count":26640507,"self":188.6320256,"total":2626.2116302,"children":{"GenerateSensorData":{"count":26640507,"self":1636.0619007999999,"total":2437.5796052,"children":{"RayPerceptionSensor.Perceive":{"count":186483549,"self":801.5177216,"total":801.5176983,"children":null}}}}}}},"RayPerceptionSensor.Perceive":{"count":150094,"self":0.6904644,"total":0.6904644,"children":null}}},"DecideAction":{"count":1578320,"self":53944.3920896,"total":53944.393718399995,"children":null},"AgentAct":{"count":1578320,"self":303.044352,"total":305.48496489999997,"children":{"RayPerceptionSensor.Perceive":{"count":28,"self":0.0010002,"total":0.0010002,"children":null},"AgentInfo.ToProto":{"count":21789,"self":0.2182208,"total":2.4396218,"children":{"GenerateSensorData":{"count":21789,"self":1.5279751,"total":2.2214009999999997,"children":{"RayPerceptionSensor.Perceive":{"count":152523,"self":0.69342589999999993,"total":0.69342589999999993,"children":null}}}}}}},"RayPerceptionSensor.Perceive":{"count":1428,"self":0.0035114,"total":0.0035114,"children":null},"AgentInfo.ToProto":{"count":58498,"self":0.6345654,"total":6.2414279,"children":{"GenerateSensorData":{"count":58498,"self":3.7764224,"total":5.6068625,"children":{"RayPerceptionSensor.Perceive":{"count":409486,"self":1.8304399999999998,"total":1.8304399999999998,"children":null}}}}}},"gauges":{"DroneAgent.CumulativeReward":{"count":80391,"max":9.93388,"min":-3.06320882,"runningAverage":2.38606358,"value":3.99096727,"weightedAverage":4.178354}},"metadata":{"timer_format_version":"0.1.0","start_time_seconds":"1701475405","unity_version":"2022.3.7f1","command_line_arguments":"F:\\UnityHub\\2022.3.7f1\\Editor\\Unity.exe -projectpath F:\\Unity_projects\\Oblig2\\Drone_MLagents -useHub -hubIPC -cloudEnvironment production -licensingIpc LicenseClient-thoma -hubSessionId 7f1bd745-6ec3-40a1-a30e-e372a1a23c8f -accessToken kc_nnMjPWXku2TRbU6gkqCsjT89mk3NipD6aeKjcHBU005f","communication_protocol_version":"1.5.0","com.unity.ml-agents_version":"2.0.1","scene_name":"SingleDrone","end_time_seconds":"1701561305"}}