{"count":1,"self":218.20830719999998,"total":4379.7663827999995,"children":{"InitializeActuators":{"count":24,"self":0.0019998,"total":0.0019998,"children":null},"InitializeSensors":{"count":24,"self":0.0019965,"total":0.0019965,"children":null},"AgentSendState":{"count":224331,"self":400.273152,"total":724.1956265,"children":{"CollectObservations":{"count":2691972,"self":19.5002224,"total":19.500222,"children":null},"WriteActionMask":{"count":2691972,"self":6.9211744,"total":6.9211741999999994,"children":null},"RequestDecision":{"count":2691972,"self":36.9069088,"total":297.5010852,"children":{"AgentInfo.ToProto":{"count":2687208,"self":18.6317216,"total":260.5941779,"children":{"GenerateSensorData":{"count":2687208,"self":163.4429824,"total":241.96245549999998,"children":{"RayPerceptionSensor.Perceive":{"count":18810456,"self":78.5194752,"total":78.5194729,"children":null}}}}}}}}},"DecideAction":{"count":224331,"self":2937.7818623999997,"total":2938.1039845,"children":{"RayPerceptionSensor.Perceive":{"count":33348,"self":0.3221844,"total":0.3221844,"children":null}}},"AgentAct":{"count":224331,"self":498.43706879999996,"total":498.6807907,"children":{"AgentInfo.ToProto":{"count":1996,"self":0.0260098,"total":0.2437039,"children":{"GenerateSensorData":{"count":1996,"self":0.14610779999999998,"total":0.2176941,"children":{"RayPerceptionSensor.Perceive":{"count":13972,"self":0.071586299999999992,"total":0.071586299999999992,"children":null}}}}}}},"AgentInfo.ToProto":{"count":5711,"self":0.063012699999999991,"total":0.573676,"children":{"GenerateSensorData":{"count":5711,"self":0.3503826,"total":0.51066329999999993,"children":{"RayPerceptionSensor.Perceive":{"count":39977,"self":0.1602807,"total":0.1602807,"children":null}}}}}},"gauges":{"DroneAgent.CumulativeReward":{"count":7714,"max":9.056934,"min":-3.96925378,"runningAverage":1.76563084,"value":1.655956,"weightedAverage":1.13667977}},"metadata":{"timer_format_version":"0.1.0","start_time_seconds":"1700921192","unity_version":"2022.3.7f1","command_line_arguments":"F:\\UnityHub\\2022.3.7f1\\Editor\\Unity.exe -projectpath F:\\Unity_projects\\Oblig2\\Drone_MLagents -useHub -hubIPC -cloudEnvironment production -licensingIpc LicenseClient-thoma -hubSessionId e7d870d1-fae6-4961-b4c6-c63f0764e077 -accessToken o1U3Kq7-q8b5nMAM3YwNQjkd8Rn9jE9llitNCL_L3o4005f","communication_protocol_version":"1.5.0","com.unity.ml-agents_version":"2.0.1","scene_name":"SingleDrone","end_time_seconds":"1700925571"}}