{"count":1,"self":392.6092288,"total":9394.9187325,"children":{"InitializeActuators":{"count":21,"self":0.0010004999999999999,"total":0.0010004999999999999,"children":null},"InitializeSensors":{"count":21,"self":0.0020005,"total":0.0020005,"children":null},"AgentSendState":{"count":238117,"self":853.1770368,"total":1475.4716908,"children":{"CollectObservations":{"count":5000457,"self":42.413891199999995,"total":42.413892399999995,"children":null},"WriteActionMask":{"count":5000457,"self":12.9094216,"total":12.909421499999999,"children":null},"RequestDecision":{"count":5000457,"self":68.8953152,"total":566.97135489999994,"children":{"AgentInfo.ToProto":{"count":5000457,"self":35.746384,"total":498.0760428,"children":{"GenerateSensorData":{"count":5000457,"self":312.7766272,"total":462.3296598,"children":{"RayPerceptionSensor.Perceive":{"count":35003199,"self":149.5530368,"total":149.5530372,"children":null}}}}}}}}},"DecideAction":{"count":238117,"self":7463.501824,"total":7463.5015601999994,"children":null},"AgentAct":{"count":238117,"self":62.9330432,"total":63.1112118,"children":{"AgentInfo.ToProto":{"count":1837,"self":0.0150087,"total":0.1781712,"children":{"GenerateSensorData":{"count":1837,"self":0.10866659999999999,"total":0.1631625,"children":{"RayPerceptionSensor.Perceive":{"count":12859,"self":0.0544959,"total":0.0544959,"children":null}}}}}}},"AgentInfo.ToProto":{"count":1877,"self":0.035085399999999996,"total":0.22204459999999998,"children":{"GenerateSensorData":{"count":1877,"self":0.12292919999999999,"total":0.1869592,"children":{"RayPerceptionSensor.Perceive":{"count":13139,"self":0.06403,"total":0.06403,"children":null}}}}}},"gauges":{"DroneAgent.CumulativeReward":{"count":3714,"max":15.3076191,"min":-4.53492069,"runningAverage":3.95472121,"value":-1.10210514,"weightedAverage":2.13325167}},"metadata":{"timer_format_version":"0.1.0","start_time_seconds":"1701872623","unity_version":"2022.3.7f1","command_line_arguments":"F:\\UnityHub\\2022.3.7f1\\Editor\\Unity.exe -projectpath F:\\Unity_projects\\Oblig2\\Drone_MLagents -useHub -hubIPC -cloudEnvironment production -licensingIpc LicenseClient-thoma -hubSessionId 09dc0b93-564e-4e62-a4fe-173124af5bbc -accessToken 135TsXdTZ2XmCQuGUZvqriddQx7c-TmYAPwmdxHlmbs005f","communication_protocol_version":"1.5.0","com.unity.ml-agents_version":"2.0.1","scene_name":"Track","end_time_seconds":"1701882018"}}