{"count":1,"self":414.32947199999995,"total":6934.4494257999995,"children":{"InitializeActuators":{"count":42,"self":0.0020003,"total":0.0020003,"children":null},"InitializeSensors":{"count":42,"self":0.0030004999999999997,"total":0.0030004999999999997,"children":null},"AgentSendState":{"count":164335,"self":618.178048,"total":1046.9518759999999,"children":{"CollectObservations":{"count":3451035,"self":28.6935392,"total":28.693540199999997,"children":null},"WriteActionMask":{"count":3451035,"self":8.6456008,"total":8.6456009,"children":null},"RequestDecision":{"count":3451035,"self":46.7988736,"total":391.43471159999996,"children":{"AgentInfo.ToProto":{"count":3451035,"self":25.547859199999998,"total":344.63583639999996,"children":{"GenerateSensorData":{"count":3451035,"self":214.895232,"total":319.0879779,"children":{"RayPerceptionSensor.Perceive":{"count":24157245,"self":104.19274879999999,"total":104.19275069999999,"children":null}}}}}}}}},"DecideAction":{"count":164335,"self":5426.1383167999993,"total":5426.1384123,"children":null},"AgentAct":{"count":164335,"self":46.0655712,"total":46.9996802,"children":{"AgentInfo.ToProto":{"count":8729,"self":0.0781814,"total":0.934109,"children":{"GenerateSensorData":{"count":8729,"self":0.568685,"total":0.8559276,"children":{"RayPerceptionSensor.Perceive":{"count":61103,"self":0.2872426,"total":0.2872426,"children":null}}}}}}},"AgentInfo.ToProto":{"count":227,"self":0,"total":0.024988,"children":{"GenerateSensorData":{"count":227,"self":0.0189864,"total":0.024988,"children":{"RayPerceptionSensor.Perceive":{"count":1589,"self":0.0060015999999999993,"total":0.0060015999999999993,"children":null}}}}}},"gauges":{"DroneAgent.CumulativeReward":{"count":8956,"max":1.49051273,"min":-2.31337166,"runningAverage":-0.85499233,"value":-1.06898713,"weightedAverage":-1.13587594}},"metadata":{"timer_format_version":"0.1.0","start_time_seconds":"1701826115","unity_version":"2022.3.7f1","command_line_arguments":"F:\\UnityHub\\2022.3.7f1\\Editor\\Unity.exe -projectpath F:\\Unity_projects\\Oblig2\\Drone_MLagents -useHub -hubIPC -cloudEnvironment production -licensingIpc LicenseClient-thoma -hubSessionId 09dc0b93-564e-4e62-a4fe-173124af5bbc -accessToken 135TsXdTZ2XmCQuGUZvqriddQx7c-TmYAPwmdxHlmbs005f","communication_protocol_version":"1.5.0","com.unity.ml-agents_version":"2.0.1","scene_name":"Track","end_time_seconds":"1701833049"}}