{"count":1,"self":1051.7111808,"total":19110.1579536,"children":{"InitializeActuators":{"count":42,"self":0.0010003,"total":0.0010003,"children":null},"InitializeSensors":{"count":42,"self":0.0060011,"total":0.0060011,"children":null},"AgentSendState":{"count":465184,"self":1674.27584,"total":2904.5772398999998,"children":{"CollectObservations":{"count":9768864,"self":83.104569599999991,"total":83.1045725,"children":null},"WriteActionMask":{"count":9768864,"self":25.0061824,"total":25.0061824,"children":null},"RequestDecision":{"count":9768864,"self":135.16544,"total":1122.1906804999999,"children":{"AgentInfo.ToProto":{"count":9768864,"self":70.8352,"total":987.02524569999991,"children":{"GenerateSensorData":{"count":9768864,"self":613.70828799999992,"total":916.19004409999991,"children":{"RayPerceptionSensor.Perceive":{"count":68382048,"self":302.48176639999997,"total":302.48176559999996,"children":null}}}}}}}}},"DecideAction":{"count":465184,"self":15025.464934399999,"total":15025.4642689,"children":null},"AgentAct":{"count":465184,"self":127.7462528,"total":127.8148379,"children":{"AgentInfo.ToProto":{"count":565,"self":0.0059916,"total":0.0685848,"children":{"GenerateSensorData":{"count":565,"self":0.0405709,"total":0.0625932,"children":{"RayPerceptionSensor.Perceive":{"count":3955,"self":0.022022299999999998,"total":0.022022299999999998,"children":null}}}}}}},"AgentInfo.ToProto":{"count":5286,"self":0.0755975,"total":0.5834668,"children":{"GenerateSensorData":{"count":5286,"self":0.3572643,"total":0.5078693,"children":{"RayPerceptionSensor.Perceive":{"count":37002,"self":0.150605,"total":0.150605,"children":null}}}}}},"gauges":{"DroneAgent.CumulativeReward":{"count":5851,"max":18.3928528,"min":-3.25348377,"runningAverage":7.91431665,"value":2.43603063,"weightedAverage":7.442507}},"metadata":{"timer_format_version":"0.1.0","start_time_seconds":"1701952674","unity_version":"2022.3.7f1","command_line_arguments":"F:\\UnityHub\\2022.3.7f1\\Editor\\Unity.exe -projectpath F:\\Unity_projects\\Oblig2\\Drone_MLagents -useHub -hubIPC -cloudEnvironment production -licensingIpc LicenseClient-thoma -hubSessionId 09dc0b93-564e-4e62-a4fe-173124af5bbc -accessToken 135TsXdTZ2XmCQuGUZvqriddQx7c-TmYAPwmdxHlmbs005f","communication_protocol_version":"1.5.0","com.unity.ml-agents_version":"2.0.1","scene_name":"Track","end_time_seconds":"1701971784"}}