{"count":1,"self":1342.5211391999999,"total":31206.1326413,"children":{"InitializeActuators":{"count":63,"self":0.0020003,"total":0.0020003,"children":null},"InitializeSensors":{"count":63,"self":0.0050011,"total":0.0050011,"children":null},"AgentSendState":{"count":714351,"self":2584.4342784,"total":4479.1206826,"children":{"CollectObservations":{"count":15001371,"self":130.4429312,"total":130.44293109999998,"children":null},"WriteActionMask":{"count":15001371,"self":38.901686399999996,"total":38.901687599999995,"children":null},"RequestDecision":{"count":15001371,"self":209.10160639999998,"total":1725.3417008,"children":{"AgentInfo.ToProto":{"count":15001371,"self":109.24524799999999,"total":1516.2400922,"children":{"GenerateSensorData":{"count":15001371,"self":953.5279104,"total":1406.99485,"children":{"RayPerceptionSensor.Perceive":{"count":105009597,"self":453.4669312,"total":453.4669199,"children":null}}}}}}}}},"DecideAction":{"count":714351,"self":25176.598118399997,"total":25176.5982519,"children":null},"AgentAct":{"count":714351,"self":206.92047359999998,"total":207.24870299999998,"children":{"AgentInfo.ToProto":{"count":3239,"self":0.0329249,"total":0.3282351,"children":{"GenerateSensorData":{"count":3239,"self":0.2053355,"total":0.29531019999999997,"children":{"RayPerceptionSensor.Perceive":{"count":22673,"self":0.089974699999999991,"total":0.089974699999999991,"children":null}}}}}}},"AgentInfo.ToProto":{"count":5553,"self":0.08005459999999999,"total":0.6368823,"children":{"GenerateSensorData":{"count":5553,"self":0.3816019,"total":0.55682769999999993,"children":{"RayPerceptionSensor.Perceive":{"count":38871,"self":0.1752258,"total":0.1752258,"children":null}}}}}},"gauges":{"DroneAgent.CumulativeReward":{"count":8792,"max":17.15153,"min":-5.01748037,"runningAverage":4.34741163,"value":6.916377,"weightedAverage":5.435055}},"metadata":{"timer_format_version":"0.1.0","start_time_seconds":"1701872623","unity_version":"2022.3.7f1","command_line_arguments":"F:\\UnityHub\\2022.3.7f1\\Editor\\Unity.exe -projectpath F:\\Unity_projects\\Oblig2\\Drone_MLagents -useHub -hubIPC -cloudEnvironment production -licensingIpc LicenseClient-thoma -hubSessionId 09dc0b93-564e-4e62-a4fe-173124af5bbc -accessToken 135TsXdTZ2XmCQuGUZvqriddQx7c-TmYAPwmdxHlmbs005f","communication_protocol_version":"1.5.0","com.unity.ml-agents_version":"2.0.1","scene_name":"Track","end_time_seconds":"1701903829"}}