{"count":1,"self":2270.5371136,"total":31473.953210699998,"children":{"InitializeActuators":{"count":42,"self":0.0010002,"total":0.0010002,"children":null},"InitializeSensors":{"count":42,"self":0.0030001,"total":0.0030001,"children":null},"AgentSendState":{"count":476234,"self":1850.3593984,"total":3186.5582457,"children":{"CollectObservations":{"count":10000914,"self":94.330528,"total":94.3305249,"children":null},"WriteActionMask":{"count":10000914,"self":27.115152,"total":27.1151526,"children":null},"RequestDecision":{"count":10000914,"self":145.3283712,"total":1214.7531125,"children":{"AgentInfo.ToProto":{"count":10000914,"self":78.2426304,"total":1069.4247427,"children":{"GenerateSensorData":{"count":10000914,"self":664.14976,"total":991.18211479999991,"children":{"RayPerceptionSensor.Perceive":{"count":70006398,"self":327.0323712,"total":327.0323731,"children":null}}}}}}}}},"DecideAction":{"count":476234,"self":25877.6694784,"total":25877.6691319,"children":null},"AgentAct":{"count":476234,"self":138.66428159999998,"total":138.6732827,"children":{"AgentInfo.ToProto":{"count":95,"self":0.0010000999999999999,"total":0.0090004,"children":{"GenerateSensorData":{"count":95,"self":0.0049995,"total":0.0080003,"children":{"RayPerceptionSensor.Perceive":{"count":665,"self":0.0030007999999999996,"total":0.0030007999999999996,"children":null}}}}}}},"AgentInfo.ToProto":{"count":3718,"self":0.0510882,"total":0.511405,"children":{"GenerateSensorData":{"count":3718,"self":0.32223609999999997,"total":0.46031679999999997,"children":{"RayPerceptionSensor.Perceive":{"count":26026,"self":0.1380807,"total":0.1380807,"children":null}}}}}},"gauges":{"DroneAgent.CumulativeReward":{"count":3813,"max":27.8678589,"min":-4.56011438,"runningAverage":15.7845154,"value":4.404356,"weightedAverage":10.7018385}},"metadata":{"timer_format_version":"0.1.0","start_time_seconds":"1702157196","unity_version":"2022.3.7f1","command_line_arguments":"F:\\UnityHub\\2022.3.7f1\\Editor\\Unity.exe -projectpath F:\\Unity_projects\\Oblig2\\Drone_MLagents -useHub -hubIPC -cloudEnvironment production -licensingIpc LicenseClient-thoma -hubSessionId 76ee8d25-a2b3-4695-a8da-4abfb68294a1 -accessToken MhlfC_wRFVdAZwQiqVrduaH5dhGcrRFJeWUWyLhuxbY005f","communication_protocol_version":"1.5.0","com.unity.ml-agents_version":"2.0.1","scene_name":"Track","end_time_seconds":"1702188670"}}