{"count":1,"self":178.5458688,"total":8914.0736798999988,"children":{"InitializeActuators":{"count":21,"self":0.0010003,"total":0.0010003,"children":null},"InitializeSensors":{"count":21,"self":0.0040008,"total":0.0040008,"children":null},"AgentSendState":{"count":227067,"self":818.80939519999993,"total":1422.1893931,"children":{"CollectObservations":{"count":4768407,"self":40.7261472,"total":40.7261459,"children":null},"WriteActionMask":{"count":4768407,"self":12.1775536,"total":12.1775539,"children":null},"RequestDecision":{"count":4768407,"self":66.2947776,"total":550.476319,"children":{"AgentInfo.ToProto":{"count":4768407,"self":34.7174848,"total":484.18154439999995,"children":{"GenerateSensorData":{"count":4768407,"self":300.93816319999996,"total":449.4640596,"children":{"RayPerceptionSensor.Perceive":{"count":33378849,"self":148.5259136,"total":148.5259077,"children":null}}}}}}}}},"DecideAction":{"count":227067,"self":7254.003712,"total":7254.0038558999995,"children":null},"AgentAct":{"count":227067,"self":58.9880576,"total":59.011046699999994,"children":{"AgentInfo.ToProto":{"count":217,"self":0.0019955999999999997,"total":0.0229905,"children":{"GenerateSensorData":{"count":217,"self":0.011991499999999999,"total":0.0209949,"children":{"RayPerceptionSensor.Perceive":{"count":1519,"self":0.0090034,"total":0.0090034,"children":null}}}}}}},"AgentInfo.ToProto":{"count":2981,"self":0.038591099999999996,"total":0.3175093,"children":{"GenerateSensorData":{"count":2981,"self":0.189835,"total":0.2789182,"children":{"RayPerceptionSensor.Perceive":{"count":20867,"self":0.0890832,"total":0.0890832,"children":null}}}}}},"gauges":{"DroneAgent.CumulativeReward":{"count":3198,"max":18.3928528,"min":-3.22792244,"runningAverage":8.41661549,"value":15.59457,"weightedAverage":10.2119036}},"metadata":{"timer_format_version":"0.1.0","start_time_seconds":"1701952674","unity_version":"2022.3.7f1","command_line_arguments":"F:\\UnityHub\\2022.3.7f1\\Editor\\Unity.exe -projectpath F:\\Unity_projects\\Oblig2\\Drone_MLagents -useHub -hubIPC -cloudEnvironment production -licensingIpc LicenseClient-thoma -hubSessionId 09dc0b93-564e-4e62-a4fe-173124af5bbc -accessToken 135TsXdTZ2XmCQuGUZvqriddQx7c-TmYAPwmdxHlmbs005f","communication_protocol_version":"1.5.0","com.unity.ml-agents_version":"2.0.1","scene_name":"Track","end_time_seconds":"1701961588"}}