{"count":1,"self":47.091020799999995,"total":1254.7268722,"children":{"InitializeActuators":{"count":45,"self":0.0010002,"total":0.0010002,"children":null},"InitializeSensors":{"count":45,"self":0.0040006,"total":0.0040006,"children":null},"AgentSendState":{"count":31888,"self":74.3833856,"total":132.89533459999998,"children":{"CollectObservations":{"count":478320,"self":4.198448,"total":4.1984479,"children":null},"WriteActionMask":{"count":478320,"self":1.2295371,"total":1.2295371,"children":null},"RequestDecision":{"count":478320,"self":6.5149399999999993,"total":53.083962,"children":{"AgentInfo.ToProto":{"count":466275,"self":3.4622824,"total":46.569022,"children":{"GenerateSensorData":{"count":466275,"self":29.43304,"total":43.106739399999995,"children":{"RayPerceptionSensor.Perceive":{"count":3263925,"self":13.6736992,"total":13.673699099999999,"children":null}}}}}}}}},"DecideAction":{"count":31888,"self":1066.5536511999999,"total":1067.4006479,"children":{"RayPerceptionSensor.Perceive":{"count":84315,"self":0.8469696,"total":0.8469696,"children":null}}},"AgentAct":{"count":31888,"self":7.3009344,"total":7.3318692999999993,"children":{"AgentInfo.ToProto":{"count":289,"self":0.0024908,"total":0.0309353,"children":{"GenerateSensorData":{"count":289,"self":0.019478799999999998,"total":0.028444499999999998,"children":{"RayPerceptionSensor.Perceive":{"count":2023,"self":0.0089657,"total":0.0089657,"children":null}}}}}}},"AgentInfo.ToProto":{"count":11,"self":0,"total":0.0029990999999999998,"children":{"GenerateSensorData":{"count":11,"self":0.0019992,"total":0.0029990999999999998,"children":{"RayPerceptionSensor.Perceive":{"count":77,"self":0.0009999,"total":0.0009999,"children":null}}}}}},"gauges":{"DroneAgent.CumulativeReward":{"count":300,"max":14.9295464,"min":-4.66095257,"runningAverage":0.750937164,"value":3.74885631,"weightedAverage":2.68737}},"metadata":{"timer_format_version":"0.1.0","start_time_seconds":"1701729447","unity_version":"2022.3.7f1","command_line_arguments":"F:\\UnityHub\\2022.3.7f1\\Editor\\Unity.exe -projectpath F:\\Unity_projects\\Oblig2\\Drone_MLagents -useHub -hubIPC -cloudEnvironment production -licensingIpc LicenseClient-thoma -hubSessionId 7f1bd745-6ec3-40a1-a30e-e372a1a23c8f -accessToken kc_nnMjPWXku2TRbU6gkqCsjT89mk3NipD6aeKjcHBU005f","communication_protocol_version":"1.5.0","com.unity.ml-agents_version":"2.0.1","scene_name":"Track","end_time_seconds":"1701730702"}}