{"count":1,"self":39141.2842496,"total":65112.67477,"children":{"InitializeActuators":{"count":63,"self":0.0020003,"total":0.0020003,"children":null},"InitializeSensors":{"count":63,"self":0.0050009999999999994,"total":0.0050009999999999994,"children":null},"AgentSendState":{"count":714351,"self":2473.5475711999998,"total":4279.4021513,"children":{"CollectObservations":{"count":15001371,"self":120.8395008,"total":120.8395013,"children":null},"WriteActionMask":{"count":15001371,"self":37.197759999999995,"total":37.197761,"children":null},"RequestDecision":{"count":15001371,"self":198.6417792,"total":1647.8174139999999,"children":{"AgentInfo.ToProto":{"count":15001371,"self":104.5178368,"total":1449.1756364,"children":{"GenerateSensorData":{"count":15001371,"self":904.1783808,"total":1344.6577998999999,"children":{"RayPerceptionSensor.Perceive":{"count":105009597,"self":440.4793856,"total":440.47937559999997,"children":null}}}}}}}}},"DecideAction":{"count":714351,"self":21522.912051199997,"total":21522.912097099997,"children":null},"AgentAct":{"count":714351,"self":168.1818112,"total":168.1928184,"children":{"AgentInfo.ToProto":{"count":137,"self":0.0019993999999999997,"total":0.0110025,"children":{"GenerateSensorData":{"count":137,"self":0.0070025999999999994,"total":0.0090031,"children":{"RayPerceptionSensor.Perceive":{"count":959,"self":0.0020005,"total":0.0020005,"children":null}}}}}}},"AgentInfo.ToProto":{"count":7770,"self":0.095021399999999992,"total":0.875192,"children":{"GenerateSensorData":{"count":7770,"self":0.5146897,"total":0.78017059999999994,"children":{"RayPerceptionSensor.Perceive":{"count":54390,"self":0.26548089999999996,"total":0.26548089999999996,"children":null}}}}}},"gauges":{"DroneAgent.CumulativeReward":{"count":7907,"max":24.8541527,"min":-12.6750069,"runningAverage":11.4034319,"value":15.7626877,"weightedAverage":14.3474646}},"metadata":{"timer_format_version":"0.1.0","start_time_seconds":"1701987384","unity_version":"2022.3.7f1","command_line_arguments":"F:\\UnityHub\\2022.3.7f1\\Editor\\Unity.exe -projectpath F:\\Unity_projects\\Oblig2\\Drone_MLagents -useHub -hubIPC -cloudEnvironment production -licensingIpc LicenseClient-thoma -hubSessionId 09dc0b93-564e-4e62-a4fe-173124af5bbc -accessToken 135TsXdTZ2XmCQuGUZvqriddQx7c-TmYAPwmdxHlmbs005f","communication_protocol_version":"1.5.0","com.unity.ml-agents_version":"2.0.1","scene_name":"Track","end_time_seconds":"1702052497"}}