{"count":1,"self":46888.3767296,"total":130965.85767639999,"children":{"InitializeActuators":{"count":147,"self":0.0030003,"total":0.0030003,"children":null},"InitializeSensors":{"count":147,"self":0.013004499999999999,"total":0.013004499999999999,"children":null},"AgentSendState":{"count":1666819,"self":6065.9306496,"total":10481.9710375,"children":{"CollectObservations":{"count":35003199,"self":300.567552,"total":300.56756459999997,"children":null},"WriteActionMask":{"count":35003199,"self":90.1195456,"total":90.119542799999991,"children":null},"RequestDecision":{"count":35003199,"self":484.94018559999995,"total":4025.3533565999996,"children":{"AgentInfo.ToProto":{"count":35003199,"self":257.767424,"total":3540.4131641,"children":{"GenerateSensorData":{"count":35003199,"self":2214.1607936,"total":3282.6457465999997,"children":{"RayPerceptionSensor.Perceive":{"count":245022393,"self":1068.4850176,"total":1068.4850439,"children":null}}}}}}}}},"DecideAction":{"count":1666819,"self":73112.715264,"total":73112.7156635,"children":null},"AgentAct":{"count":1666819,"self":480.6949888,"total":480.7220049,"children":{"AgentInfo.ToProto":{"count":255,"self":0.0019993999999999997,"total":0.026998499999999998,"children":{"GenerateSensorData":{"count":255,"self":0.0160077,"total":0.0249991,"children":{"RayPerceptionSensor.Perceive":{"count":1785,"self":0.0089914,"total":0.0089914,"children":null}}}}}}},"AgentInfo.ToProto":{"count":16495,"self":0.23219009999999998,"total":2.0557444,"children":{"GenerateSensorData":{"count":16495,"self":1.2426992,"total":1.8235542999999999,"children":{"RayPerceptionSensor.Perceive":{"count":115465,"self":0.5808551,"total":0.5808551,"children":null}}}}}},"gauges":{"DroneAgent.CumulativeReward":{"count":16750,"max":26.43907,"min":-12.6750069,"runningAverage":13.7003632,"value":11.7294779,"weightedAverage":17.74766}},"metadata":{"timer_format_version":"0.1.0","start_time_seconds":"1701987384","unity_version":"2022.3.7f1","command_line_arguments":"F:\\UnityHub\\2022.3.7f1\\Editor\\Unity.exe -projectpath F:\\Unity_projects\\Oblig2\\Drone_MLagents -useHub -hubIPC -cloudEnvironment production -licensingIpc LicenseClient-thoma -hubSessionId 09dc0b93-564e-4e62-a4fe-173124af5bbc -accessToken 135TsXdTZ2XmCQuGUZvqriddQx7c-TmYAPwmdxHlmbs005f","communication_protocol_version":"1.5.0","com.unity.ml-agents_version":"2.0.1","scene_name":"Track","end_time_seconds":"1702118350"}}