{"count":1,"self":63403.3078272,"total":163492.0703882,"children":{"InitializeActuators":{"count":168,"self":0.0040006999999999994,"total":0.0040006999999999994,"children":null},"InitializeSensors":{"count":168,"self":0.013004499999999999,"total":0.013004499999999999,"children":null},"AgentSendState":{"count":1904936,"self":6985.9901439999994,"total":12067.3703584,"children":{"CollectObservations":{"count":40003656,"self":346.6186752,"total":346.61866299999997,"children":null},"WriteActionMask":{"count":40003656,"self":103.81921919999999,"total":103.8192164,"children":null},"RequestDecision":{"count":40003656,"self":557.7333248,"total":4630.9422549,"children":{"AgentInfo.ToProto":{"count":40003656,"self":296.6498304,"total":4073.2089143,"children":{"GenerateSensorData":{"count":40003656,"self":2547.6954112,"total":3776.5590923,"children":{"RayPerceptionSensor.Perceive":{"count":280025592,"self":1228.8636927999999,"total":1228.8637136999998,"children":null}}}}}}}}},"DecideAction":{"count":1904936,"self":87453.33555199999,"total":87453.3346829,"children":null},"AgentAct":{"count":1904936,"self":565.6512,"total":565.68117829999994,"children":{"AgentInfo.ToProto":{"count":276,"self":0.0019993999999999997,"total":0.030001,"children":{"GenerateSensorData":{"count":276,"self":0.017008699999999998,"total":0.028001599999999998,"children":{"RayPerceptionSensor.Perceive":{"count":1932,"self":0.0109929,"total":0.0109929,"children":null}}}}}}},"AgentInfo.ToProto":{"count":18575,"self":0.25473619999999997,"total":2.3619873,"children":{"GenerateSensorData":{"count":18575,"self":1.4373529,"total":2.1072511,"children":{"RayPerceptionSensor.Perceive":{"count":130025,"self":0.6698982,"total":0.6698982,"children":null}}}}}},"gauges":{"DroneAgent.CumulativeReward":{"count":18851,"max":27.25093,"min":-12.6750069,"runningAverage":13.8681574,"value":24.1708241,"weightedAverage":20.4134636}},"metadata":{"timer_format_version":"0.1.0","start_time_seconds":"1701987384","unity_version":"2022.3.7f1","command_line_arguments":"F:\\UnityHub\\2022.3.7f1\\Editor\\Unity.exe -projectpath F:\\Unity_projects\\Oblig2\\Drone_MLagents -useHub -hubIPC -cloudEnvironment production -licensingIpc LicenseClient-thoma -hubSessionId 09dc0b93-564e-4e62-a4fe-173124af5bbc -accessToken 135TsXdTZ2XmCQuGUZvqriddQx7c-TmYAPwmdxHlmbs005f","communication_protocol_version":"1.5.0","com.unity.ml-agents_version":"2.0.1","scene_name":"Track","end_time_seconds":"1702150876"}}