{"count":1,"self":285.2318464,"total":6213.858815,"children":{"InitializeActuators":{"count":21,"self":0.0010091,"total":0.0010091,"children":null},"InitializeSensors":{"count":21,"self":0.00402,"total":0.00402,"children":null},"AgentSendState":{"count":149934,"self":571.65291519999994,"total":966.3967693,"children":{"CollectObservations":{"count":3148614,"self":27.1863232,"total":27.1863237,"children":null},"WriteActionMask":{"count":3148614,"self":8.339167999999999,"total":8.339167999999999,"children":null},"RequestDecision":{"count":3148614,"self":43.2729248,"total":359.2183803,"children":{"AgentInfo.ToProto":{"count":3148614,"self":22.898739199999998,"total":315.94545669999997,"children":{"GenerateSensorData":{"count":3148614,"self":198.9365248,"total":293.0467169,"children":{"RayPerceptionSensor.Perceive":{"count":22040298,"self":94.110188799999989,"total":94.110190899999992,"children":null}}}}}}}}},"DecideAction":{"count":149934,"self":4921.6544767999994,"total":4921.6546603,"children":null},"AgentAct":{"count":149934,"self":40.464979199999995,"total":40.4679821,"children":{"AgentInfo.ToProto":{"count":53,"self":0.0010004999999999999,"total":0.0030012999999999997,"children":{"GenerateSensorData":{"count":53,"self":0.0010002,"total":0.0020008,"children":{"RayPerceptionSensor.Perceive":{"count":371,"self":0.0010006,"total":0.0010006,"children":null}}}}}}},"AgentInfo.ToProto":{"count":852,"self":0.014009299999999999,"total":0.10252019999999999,"children":{"GenerateSensorData":{"count":852,"self":0.059001899999999996,"total":0.08851089999999999,"children":{"RayPerceptionSensor.Perceive":{"count":5964,"self":0.029508999999999997,"total":0.029508999999999997,"children":null}}}}}},"gauges":{"DroneAgent.CumulativeReward":{"count":905,"max":31.7747726,"min":-4.25424433,"runningAverage":23.0086727,"value":26.2640419,"weightedAverage":21.0219917}},"metadata":{"timer_format_version":"0.1.0","start_time_seconds":"1702260465","unity_version":"2022.3.7f1","command_line_arguments":"F:\\UnityHub\\2022.3.7f1\\Editor\\Unity.exe -projectpath F:\\Unity_projects\\Oblig2\\Drone_MLagents -useHub -hubIPC -cloudEnvironment production -licensingIpc LicenseClient-thoma -hubSessionId 76ee8d25-a2b3-4695-a8da-4abfb68294a1 -accessToken MhlfC_wRFVdAZwQiqVrduaH5dhGcrRFJeWUWyLhuxbY005f","communication_protocol_version":"1.5.0","com.unity.ml-agents_version":"2.0.1","scene_name":"Track","end_time_seconds":"1702266679"}}