{"count":1,"self":27911.7266944,"total":47595.655952099994,"children":{"InitializeActuators":{"count":30,"self":0.0020004,"total":0.0020004,"children":null},"InitializeSensors":{"count":30,"self":0.0030007999999999996,"total":0.0030007999999999996,"children":null},"AgentSendState":{"count":575902,"self":1225.677312,"total":2297.8915801,"children":{"CollectObservations":{"count":8638530,"self":72.3231552,"total":72.3231546,"children":null},"WriteActionMask":{"count":8638530,"self":22.0898736,"total":22.089874,"children":null},"RequestDecision":{"count":8638530,"self":115.34840319999999,"total":977.8012665,"children":{"AgentInfo.ToProto":{"count":8638530,"self":62.4191296,"total":862.45286179999994,"children":{"GenerateSensorData":{"count":8638530,"self":535.8482432,"total":800.0337314,"children":{"RayPerceptionSensor.Perceive":{"count":60469710,"self":264.1855232,"total":264.18551149999996,"children":null}}}}}}}}},"DecideAction":{"count":575902,"self":17294.1131776,"total":17294.113095,"children":null},"AgentAct":{"count":575902,"self":90.9705536,"total":91.7150254,"children":{"AgentInfo.ToProto":{"count":7768,"self":0.054846599999999995,"total":0.7444712,"children":{"GenerateSensorData":{"count":7768,"self":0.4612223,"total":0.68962459999999992,"children":{"RayPerceptionSensor.Perceive":{"count":54376,"self":0.2284023,"total":0.2284023,"children":null}}}}}}},"AgentInfo.ToProto":{"count":1781,"self":0.025139699999999997,"total":0.20431,"children":{"GenerateSensorData":{"count":1781,"self":0.12812089999999998,"total":0.1791703,"children":{"RayPerceptionSensor.Perceive":{"count":12467,"self":0.051049399999999995,"total":0.051049399999999995,"children":null}}}}}},"gauges":{"DroneAgent.CumulativeReward":{"count":9549,"max":21.06328,"min":-5.50184536,"runningAverage":3.54552531,"value":-0.5855951,"weightedAverage":2.07752657}},"metadata":{"timer_format_version":"0.1.0","start_time_seconds":"1701653374","unity_version":"2022.3.7f1","command_line_arguments":"F:\\UnityHub\\2022.3.7f1\\Editor\\Unity.exe -projectpath F:\\Unity_projects\\Oblig2\\Drone_MLagents -useHub -hubIPC -cloudEnvironment production -licensingIpc LicenseClient-thoma -hubSessionId 7f1bd745-6ec3-40a1-a30e-e372a1a23c8f -accessToken kc_nnMjPWXku2TRbU6gkqCsjT89mk3NipD6aeKjcHBU005f","communication_protocol_version":"1.5.0","com.unity.ml-agents_version":"2.0.1","scene_name":"Track","end_time_seconds":"1701700970"}}