{"count":1,"self":371.0601984,"total":18952.8705135,"children":{"InitializeActuators":{"count":88,"self":0.000995,"total":0.000995,"children":null},"InitializeSensors":{"count":88,"self":0.0045246,"total":0.0045246,"children":null},"AgentSendState":{"count":315402,"self":811.1295488,"total":1483.5890926,"children":{"CollectObservations":{"count":5002978,"self":47.640496,"total":47.6404947,"children":null},"WriteActionMask":{"count":5002978,"self":13.850798399999999,"total":13.850798399999999,"children":null},"RequestDecision":{"count":5002978,"self":72.949344,"total":610.9682672,"children":{"AgentInfo.ToProto":{"count":5002978,"self":39.8910336,"total":538.0189247,"children":{"GenerateSensorData":{"count":5002978,"self":338.2816512,"total":498.12788969999997,"children":{"RayPerceptionSensor.Perceive":{"count":35020846,"self":159.8462336,"total":159.8462341,"children":null}}}}}}}}},"DecideAction":{"count":315402,"self":17010.5208832,"total":17010.5216378,"children":null},"AgentAct":{"count":315402,"self":86.452255999999991,"total":87.6596215,"children":{"AgentInfo.ToProto":{"count":10900,"self":0.0986794,"total":1.2073671,"children":{"GenerateSensorData":{"count":10900,"self":0.7420932,"total":1.1086877,"children":{"RayPerceptionSensor.Perceive":{"count":76300,"self":0.3665945,"total":0.3665945,"children":null}}}}}}},"AgentInfo.ToProto":{"count":286,"self":0.0020168,"total":0.0344525,"children":{"GenerateSensorData":{"count":286,"self":0.0235218,"total":0.0324357,"children":{"RayPerceptionSensor.Perceive":{"count":2002,"self":0.0089138999999999989,"total":0.0089138999999999989,"children":null}}}}}},"gauges":{"DroneAgent.CumulativeReward":{"count":11186,"max":13.5951023,"min":-3.151208,"runningAverage":2.46727967,"value":0.03161631,"weightedAverage":4.38738441}},"metadata":{"timer_format_version":"0.1.0","start_time_seconds":"1701622710","unity_version":"2022.3.7f1","command_line_arguments":"F:\\UnityHub\\2022.3.7f1\\Editor\\Unity.exe -projectpath F:\\Unity_projects\\Oblig2\\Drone_MLagents -useHub -hubIPC -cloudEnvironment production -licensingIpc LicenseClient-thoma -hubSessionId 7f1bd745-6ec3-40a1-a30e-e372a1a23c8f -accessToken kc_nnMjPWXku2TRbU6gkqCsjT89mk3NipD6aeKjcHBU005f","communication_protocol_version":"1.5.0","com.unity.ml-agents_version":"2.0.1","scene_name":"Track","end_time_seconds":"1701641663"}}