{"count":1,"self":548.03706879999993,"total":13998.476217899999,"children":{"InitializeActuators":{"count":84,"self":0.0030007,"total":0.0030007,"children":null},"InitializeSensors":{"count":84,"self":0.0069980999999999993,"total":0.0069980999999999993,"children":null},"AgentSendState":{"count":291337,"self":1069.6848384,"total":1847.5193906,"children":{"CollectObservations":{"count":6118077,"self":53.9547136,"total":53.9547144,"children":null},"WriteActionMask":{"count":6118077,"self":15.7454336,"total":15.7454334,"children":null},"RequestDecision":{"count":6118077,"self":85.3913024,"total":708.13445,"children":{"AgentInfo.ToProto":{"count":6103356,"self":45.3094912,"total":622.7431478,"children":{"GenerateSensorData":{"count":6103356,"self":391.22439679999997,"total":577.4336552,"children":{"RayPerceptionSensor.Perceive":{"count":42723492,"self":186.2092672,"total":186.2092654,"children":null}}}}}}}}},"DecideAction":{"count":291337,"self":11511.5450368,"total":11512.665363099999,"children":{"RayPerceptionSensor.Perceive":{"count":103047,"self":1.1199248,"total":1.1199248,"children":null}}},"AgentAct":{"count":291337,"self":89.8749632,"total":89.8819654,"children":{"AgentInfo.ToProto":{"count":65,"self":0.0010004,"total":0.0070003999999999995,"children":{"GenerateSensorData":{"count":65,"self":0.0039992,"total":0.006,"children":{"RayPerceptionSensor.Perceive":{"count":455,"self":0.0020008,"total":0.0020008,"children":null}}}}}}},"AgentInfo.ToProto":{"count":2882,"self":0.0438523,"total":0.3624343,"children":{"GenerateSensorData":{"count":2882,"self":0.21456619999999998,"total":0.318582,"children":{"RayPerceptionSensor.Perceive":{"count":20174,"self":0.10401579999999999,"total":0.10401579999999999,"children":null}}}}}},"gauges":{"DroneAgent.CumulativeReward":{"count":2947,"max":17.86837,"min":-3.997546,"runningAverage":8.223613,"value":15.8485117,"weightedAverage":12.3962193}},"metadata":{"timer_format_version":"0.1.0","start_time_seconds":"1701972907","unity_version":"2022.3.7f1","command_line_arguments":"F:\\UnityHub\\2022.3.7f1\\Editor\\Unity.exe -projectpath F:\\Unity_projects\\Oblig2\\Drone_MLagents -useHub -hubIPC -cloudEnvironment production -licensingIpc LicenseClient-thoma -hubSessionId 09dc0b93-564e-4e62-a4fe-173124af5bbc -accessToken 135TsXdTZ2XmCQuGUZvqriddQx7c-TmYAPwmdxHlmbs005f","communication_protocol_version":"1.5.0","com.unity.ml-agents_version":"2.0.1","scene_name":"Track","end_time_seconds":"1701986906"}}