{
    "name": "root",
    "gauges": {
        "DroneAgent.Policy.Entropy.mean": {
            "value": 8.4937744140625,
            "min": 8.066446304321289,
            "max": 8.4937744140625,
            "count": 269
        },
        "DroneAgent.Policy.Entropy.sum": {
            "value": 84903.7734375,
            "min": 77863.125,
            "max": 87071.2265625,
            "count": 269
        },
        "DroneAgent.Step.mean": {
            "value": 2689962.0,
            "min": 9952.0,
            "max": 2689962.0,
            "count": 269
        },
        "DroneAgent.Step.sum": {
            "value": 2689962.0,
            "min": 9952.0,
            "max": 2689962.0,
            "count": 269
        },
        "DroneAgent.Policy.ExtrinsicValueEstimate.mean": {
            "value": -0.04386662319302559,
            "min": -0.15360556542873383,
            "max": 0.05875539779663086,
            "count": 269
        },
        "DroneAgent.Policy.ExtrinsicValueEstimate.sum": {
            "value": -7.281859397888184,
            "min": -25.35720443725586,
            "max": 9.753396034240723,
            "count": 269
        },
        "DroneAgent.Policy.GailValueEstimate.mean": {
            "value": 0.006911472883075476,
            "min": -0.008405601605772972,
            "max": 0.023328032344579697,
            "count": 269
        },
        "DroneAgent.Policy.GailValueEstimate.sum": {
            "value": 1.1473045349121094,
            "min": -1.3617074489593506,
            "max": 3.919109344482422,
            "count": 269
        },
        "DroneAgent.Environment.EpisodeLength.mean": {
            "value": 684.6666666666666,
            "min": 371.0,
            "max": 899.0,
            "count": 269
        },
        "DroneAgent.Environment.EpisodeLength.sum": {
            "value": 10270.0,
            "min": 2968.0,
            "max": 15426.0,
            "count": 269
        },
        "DroneAgent.Environment.CumulativeReward.mean": {
            "value": -0.26803219815095264,
            "min": -1.4223113948944957,
            "max": 0.7844840820827004,
            "count": 269
        },
        "DroneAgent.Environment.CumulativeReward.sum": {
            "value": -4.02048297226429,
            "min": -21.334670923417434,
            "max": 8.24442201340571,
            "count": 269
        },
        "DroneAgent.Policy.ExtrinsicReward.mean": {
            "value": -0.26803219815095264,
            "min": -1.4223113948944957,
            "max": 0.7844840820827004,
            "count": 269
        },
        "DroneAgent.Policy.ExtrinsicReward.sum": {
            "value": -4.02048297226429,
            "min": -21.334670923417434,
            "max": 8.24442201340571,
            "count": 269
        },
        "DroneAgent.Policy.GailReward.mean": {
            "value": 0.06880647326357377,
            "min": 0.0014914257368299705,
            "max": 0.39061309201690897,
            "count": 269
        },
        "DroneAgent.Policy.GailReward.sum": {
            "value": 1.0320970989536065,
            "min": 0.017058107451408233,
            "max": 5.846464553738635,
            "count": 269
        },
        "DroneAgent.IsTraining.mean": {
            "value": 1.0,
            "min": 1.0,
            "max": 1.0,
            "count": 269
        },
        "DroneAgent.IsTraining.sum": {
            "value": 1.0,
            "min": 1.0,
            "max": 1.0,
            "count": 269
        },
        "DroneAgent.Losses.PolicyLoss.mean": {
            "value": 0.11017020504223182,
            "min": 0.0663395752046199,
            "max": 0.11482641929760576,
            "count": 139
        },
        "DroneAgent.Losses.PolicyLoss.sum": {
            "value": 0.11017020504223182,
            "min": 0.0663395752046199,
            "max": 0.11482641929760576,
            "count": 139
        },
        "DroneAgent.Losses.ValueLoss.mean": {
            "value": 0.0033781045814976094,
            "min": 0.001556876719405409,
            "max": 0.0042491008440265435,
            "count": 139
        },
        "DroneAgent.Losses.ValueLoss.sum": {
            "value": 0.0033781045814976094,
            "min": 0.001556876719405409,
            "max": 0.0042491008440265435,
            "count": 139
        },
        "DroneAgent.Policy.LearningRate.mean": {
            "value": 0.00046321085367892,
            "min": 0.00046321085367892,
            "max": 0.00099602040039796,
            "count": 139
        },
        "DroneAgent.Policy.LearningRate.sum": {
            "value": 0.00046321085367892,
            "min": 0.00046321085367892,
            "max": 0.00099602040039796,
            "count": 139
        },
        "DroneAgent.Policy.Epsilon.mean": {
            "value": 0.14632108000000002,
            "min": 0.14632108000000002,
            "max": 0.19960204,
            "count": 139
        },
        "DroneAgent.Policy.Epsilon.sum": {
            "value": 0.14632108000000002,
            "min": 0.14632108000000002,
            "max": 0.19960204,
            "count": 139
        },
        "DroneAgent.Policy.Beta.mean": {
            "value": 0.01,
            "min": 0.01,
            "max": 0.01,
            "count": 139
        },
        "DroneAgent.Policy.Beta.sum": {
            "value": 0.01,
            "min": 0.01,
            "max": 0.01,
            "count": 139
        },
        "DroneAgent.Policy.GAILPolicyEstimate.mean": {
            "value": 0.0004103410099446592,
            "min": 3.92218503698416e-05,
            "max": 0.0007340351063875872,
            "count": 139
        },
        "DroneAgent.Policy.GAILPolicyEstimate.sum": {
            "value": 0.0004103410099446592,
            "min": 3.92218503698416e-05,
            "max": 0.0007340351063875872,
            "count": 139
        },
        "DroneAgent.Policy.GAILExpertEstimate.mean": {
            "value": 0.9998907551169396,
            "min": 0.9993912011384964,
            "max": 0.9999994084239006,
            "count": 139
        },
        "DroneAgent.Policy.GAILExpertEstimate.sum": {
            "value": 0.9998907551169396,
            "min": 0.9993912011384964,
            "max": 0.9999994084239006,
            "count": 139
        },
        "DroneAgent.Losses.GAILLoss.mean": {
            "value": 0.0005445814341442201,
            "min": 4.3124303996933125e-05,
            "max": 0.0010631641658505942,
            "count": 139
        },
        "DroneAgent.Losses.GAILLoss.sum": {
            "value": 0.0005445814341442201,
            "min": 4.3124303996933125e-05,
            "max": 0.0010631641658505942,
            "count": 139
        },
        "DroneAgent.Policy.GAILGradMagLoss.mean": {
            "value": 0.0007592184877466934,
            "min": 0.00018064387450067443,
            "max": 0.0021291600853146518,
            "count": 139
        },
        "DroneAgent.Policy.GAILGradMagLoss.sum": {
            "value": 0.0007592184877466934,
            "min": 0.00018064387450067443,
            "max": 0.0021291600853146518,
            "count": 139
        },
        "DroneAgent.Losses.PretrainingLoss.mean": {
            "value": 0.0,
            "min": 0.0,
            "max": 67243779.82222222,
            "count": 139
        },
        "DroneAgent.Losses.PretrainingLoss.sum": {
            "value": 0.0,
            "min": 0.0,
            "max": 67243779.82222222,
            "count": 139
        }
    },
    "metadata": {
        "timer_format_version": "0.1.0",
        "start_time_seconds": "1699914825",
        "python_version": "3.9.13 (tags/v3.9.13:6de2ca5, May 17 2022, 16:36:42) [MSC v.1929 64 bit (AMD64)]",
        "command_line_arguments": "C:\\Users\\thoma\\AppData\\Local\\Programs\\Python\\Python39\\Scripts\\mlagents-learn config\\DroneAgent.yaml --initialize-from=DroneAgentMGO7 --run-id=DroneAgentMGO8",
        "mlagents_version": "0.30.0",
        "mlagents_envs_version": "0.30.0",