{
    "name": "root",
    "gauges": {
        "DroneAgent.Policy.Entropy.mean": {
            "value": 9.634491920471191,
            "min": 8.523391723632812,
            "max": 9.634491920471191,
            "count": 500
        },
        "DroneAgent.Policy.Entropy.sum": {
            "value": 98127.296875,
            "min": 80321.5,
            "max": 99742.359375,
            "count": 500
        },
        "DroneAgent.Step.mean": {
            "value": 4999980.0,
            "min": 9936.0,
            "max": 4999980.0,
            "count": 500
        },
        "DroneAgent.Step.sum": {
            "value": 4999980.0,
            "min": 9936.0,
            "max": 4999980.0,
            "count": 500
        },
        "DroneAgent.Policy.ExtrinsicValueEstimate.mean": {
            "value": -0.03834587708115578,
            "min": -0.12250719219446182,
            "max": 0.13151633739471436,
            "count": 500
        },
        "DroneAgent.Policy.ExtrinsicValueEstimate.sum": {
            "value": -6.020302772521973,
            "min": -19.4786434173584,
            "max": 20.51654815673828,
            "count": 500
        },
        "DroneAgent.Policy.GailValueEstimate.mean": {
            "value": 0.007418106310069561,
            "min": -0.0023003944661468267,
            "max": 0.04589572548866272,
            "count": 500
        },
        "DroneAgent.Policy.GailValueEstimate.sum": {
            "value": 1.1646426916122437,
            "min": -0.36576271057128906,
            "max": 7.297420501708984,
            "count": 500
        },
        "DroneAgent.Environment.EpisodeLength.mean": {
            "value": 3186.0,
            "min": 389.0,
            "max": 7999.0,
            "count": 497
        },
        "DroneAgent.Environment.EpisodeLength.sum": {
            "value": 6372.0,
            "min": 389.0,
            "max": 44178.0,
            "count": 497
        },
        "DroneAgent.Environment.CumulativeReward.mean": {
            "value": -1.0497270237538032,
            "min": -3.99390160330222,
            "max": 1.9079089623410255,
            "count": 497
        },
        "DroneAgent.Environment.CumulativeReward.sum": {
            "value": -2.0994540475076064,
            "min": -17.355796018091496,
            "max": 5.694557087670546,
            "count": 497
        },
        "DroneAgent.Policy.ExtrinsicReward.mean": {
            "value": -1.0497270237538032,
            "min": -3.99390160330222,
            "max": 1.9079089623410255,
            "count": 497
        },
        "DroneAgent.Policy.ExtrinsicReward.sum": {
            "value": -2.0994540475076064,
            "min": -17.355796018091496,
            "max": 5.694557087670546,
            "count": 497
        },
        "DroneAgent.Policy.GailReward.mean": {
            "value": 0.18779260424437716,
            "min": 0.00071111148238856,
            "max": 7.5370438992809445,
            "count": 497
        },
        "DroneAgent.Policy.GailReward.sum": {
            "value": 0.3755852084887543,
            "min": 0.00071111148238856,
            "max": 22.611131697842833,
            "count": 497
        },
        "DroneAgent.IsTraining.mean": {
            "value": 1.0,
            "min": 1.0,
            "max": 1.0,
            "count": 500
        },
        "DroneAgent.IsTraining.sum": {
            "value": 1.0,
            "min": 1.0,
            "max": 1.0,
            "count": 500
        },
        "DroneAgent.Losses.PolicyLoss.mean": {
            "value": 0.09450107179582119,
            "min": 0.0591567886993289,
            "max": 0.13548062863992527,
            "count": 246
        },
        "DroneAgent.Losses.PolicyLoss.sum": {
            "value": 0.09450107179582119,
            "min": 0.0591567886993289,
            "max": 0.13548062863992527,
            "count": 246
        },
        "DroneAgent.Losses.ValueLoss.mean": {
            "value": 0.0016948498912825016,
            "min": 0.0005448840554890921,
            "max": 0.007320687125320547,
            "count": 246
        },
        "DroneAgent.Losses.ValueLoss.sum": {
            "value": 0.0016948498912825016,
            "min": 0.0005448840554890921,
            "max": 0.007320687125320547,
            "count": 246
        },
        "DroneAgent.Policy.LearningRate.mean": {
            "value": 2.3449997655996798e-07,
            "min": 2.3449997655996798e-07,
            "max": 0.00099591980040802,
            "count": 246
        },
        "DroneAgent.Policy.LearningRate.sum": {
            "value": 2.3449997655996798e-07,
            "min": 2.3449997655996798e-07,
            "max": 0.00099591980040802,
            "count": 246
        },
        "DroneAgent.Policy.Epsilon.mean": {
            "value": 0.10002344,
            "min": 0.10002344,
            "max": 0.19959198,
            "count": 246
        },
        "DroneAgent.Policy.Epsilon.sum": {
            "value": 0.10002344,
            "min": 0.10002344,
            "max": 0.19959198,
            "count": 246
        },
        "DroneAgent.Policy.Beta.mean": {
            "value": 0.01,
            "min": 0.01,
            "max": 0.01,
            "count": 246
        },
        "DroneAgent.Policy.Beta.sum": {
            "value": 0.01,
            "min": 0.01,
            "max": 0.01,
            "count": 246
        },
        "DroneAgent.Policy.GAILPolicyEstimate.mean": {
            "value": 0.0001378878067811229,
            "min": 4.2255877025354495e-05,
            "max": 0.0012609426982720605,
            "count": 246
        },
        "DroneAgent.Policy.GAILPolicyEstimate.sum": {
            "value": 0.0001378878067811229,
            "min": 4.2255877025354495e-05,
            "max": 0.0012609426982720605,
            "count": 246
        },
        "DroneAgent.Policy.GAILExpertEstimate.mean": {
            "value": 0.9999753192067147,
            "min": 0.9996722921729088,
            "max": 0.9999998509883881,
            "count": 246
        },
        "DroneAgent.Policy.GAILExpertEstimate.sum": {
            "value": 0.9999753192067147,
            "min": 0.9996722921729088,
            "max": 0.9999998509883881,
            "count": 246
        },
        "DroneAgent.Losses.GAILLoss.mean": {
            "value": 0.00016702517437465757,
            "min": 4.9193972961347755e-05,
            "max": 0.001437798463098261,
            "count": 246
        },
        "DroneAgent.Losses.GAILLoss.sum": {
            "value": 0.00016702517437465757,
            "min": 4.9193972961347755e-05,
            "max": 0.001437798463098261,
            "count": 246
        },
        "DroneAgent.Policy.GAILGradMagLoss.mean": {
            "value": 0.0004903470068711613,
            "min": 0.0001424494746970595,
            "max": 0.08123237781328499,
            "count": 246
        },
        "DroneAgent.Policy.GAILGradMagLoss.sum": {
            "value": 0.0004903470068711613,
            "min": 0.0001424494746970595,
            "max": 0.08123237781328499,
            "count": 246
        },
        "DroneAgent.Losses.PretrainingLoss.mean": {
            "value": 0.0,
            "min": 0.0,
            "max": 74547615.55555555,
            "count": 246
        },
        "DroneAgent.Losses.PretrainingLoss.sum": {
            "value": 0.0,
            "min": 0.0,
            "max": 74547615.55555555,
            "count": 246
        }
    },
    "metadata": {
        "timer_format_version": "0.1.0",
        "start_time_seconds": "1699898048",
        "python_version": "3.9.13 (tags/v3.9.13:6de2ca5, May 17 2022, 16:36:42) [MSC v.1929 64 bit (AMD64)]",
        "command_line_arguments": "C:\\Users\\thoma\\AppData\\Local\\Programs\\Python\\Python39\\Scripts\\mlagents-learn config\\DroneAgent.yaml --initialize-from=DroneAgentMGO7 --run-id=DroneAgentMGO8",
        "mlagents_version": "0.30.0",
        "mlagents_envs_version": "0.30.0",
        "communication_protocol_version": "1.5.0",