{
    "name": "root",
    "metadata": {
        "timer_format_version": "0.1.0",
        "start_time_seconds": "1696349172",
        "python_version": "3.9.13 (tags/v3.9.13:6de2ca5, May 17 2022, 16:36:42) [MSC v.1929 64 bit (AMD64)]",
        "command_line_arguments": "F:\\Unity projects\\Oblig2\\Drone_MLagents\\venv\\Scripts\\mlagents-learn config/DroneAgent.yaml --initialize-from=DroneAgentMoveForwardnewTraining3 --run-id=DroneAgentMoveForwardnewTraining4",
        "mlagents_version": "0.30.0",
        "mlagents_envs_version": "0.30.0",
        "communication_protocol_version": "1.5.0",
        "pytorch_version": "2.0.1+cu117",
        "numpy_version": "1.21.2",
        "end_time_seconds": "1696349260"
    },
    "total": 88.43862569999999,
    "count": 1,
    "self": 10.005992500000005,
    "children": {
        "run_training.setup": {
            "total": 0.08362960000000008,
            "count": 1,
            "self": 0.08362960000000008
        },
        "TrainerController.start_learning": {
            "total": 78.34900359999999,
            "count": 1,
            "self": 0.022609600000123464,
            "children": {
                "TrainerController._reset_env": {
                    "total": 16.692028,
                    "count": 1,
                    "self": 11.5022631,
                    "children": {
                        "demo_to_buffer": {
                            "total": 5.1897649,
                            "count": 2,
                            "self": 0.0001411000000004492,
                            "children": {
                                "load_demonstration": {
                                    "total": 0.10280760000000022,
                                    "count": 2,
                                    "self": 0.1007441,
                                    "children": {
                                        "read_file": {
                                            "total": 0.002063500000000218,
                                            "count": 2,
                                            "self": 0.002063500000000218
                                        }
                                    }
                                },
                                "make_demo_buffer": {
                                    "total": 5.0868161999999995,
                                    "count": 2,
                                    "self": 0.6088534999999311,
                                    "children": {
                                        "steps_from_proto": {
                                            "total": 4.477962700000068,
                                            "count": 25884,
                                            "self": 1.6696706999997755,
                                            "children": {
                                                "_process_rank_one_or_two_observation": {
                                                    "total": 2.808292000000293,
                                                    "count": 207072,
                                                    "self": 2.808292000000293
                                                }
                                            }
                                        }
                                    }
                                }
                            }
                        }
                    }
                },
                "TrainerController.advance": {
                    "total": 61.365963599999866,
                    "count": 1351,
                    "self": 0.0190871999993405,
                    "children": {
                        "env_step": {
                            "total": 30.494438000000176,
                            "count": 1351,
                            "self": 15.46141490000026,
                            "children": {
                                "SubprocessEnvManager._take_step": {
                                    "total": 15.01846930000012,
                                    "count": 1351,
                                    "self": 0.10695969999995114,
                                    "children": {
                                        "TorchPolicy.evaluate": {
                                            "total": 14.91150960000017,
                                            "count": 1351,
                                            "self": 14.91150960000017
                                        }
                                    }
                                },
                                "workers": {
                                    "total": 0.014553799999795558,
                                    "count": 1350,
                                    "self": 0.0,
                                    "children": {
                                        "worker_root": {
                                            "total": 66.16351030000025,
                                            "count": 1350,
                                            "is_parallel": true,
                                            "self": 54.10565160000021,
                                            "children": {
                                                "steps_from_proto": {
                                                    "total": 0.0004963000000000051,
                                                    "count": 1,
                                                    "is_parallel": true,
                                                    "self": 0.00010739999999564986,
                                                    "children": {
                                                        "_process_rank_one_or_two_observation": {
                                                            "total": 0.0003889000000043552,
                                                            "count": 8,
                                                            "is_parallel": true,
                                                            "self": 0.0003889000000043552
                                                        }
                                                    }
                                                },
                                                "UnityEnvironment.step": {
                                                    "total": 12.057362400000049,
                                                    "count": 1350,
                                                    "is_parallel": true,
                                                    "self": 0.1797056999997224,
                                                    "children": {
                                                        "UnityEnvironment._generate_step_input": {
                                                            "total": 0.15772130000007323,
                                                            "count": 1350,
                                                            "is_parallel": true,
                                                            "self": 0.15772130000007323
                                                        },
                                                        "communicator.exchange": {
                                                            "total": 11.21784380000026,
                                                            "count": 1350,
                                                            "is_parallel": true,
                                                            "self": 11.21784380000026
                                                        },
                                                        "steps_from_proto": {
                                                            "total": 0.5020915999999929,
                                                            "count": 1350,
                                                            "is_parallel": true,