{
    "name": "root",
    "gauges": {
        "DroneAgent.Policy.Entropy.mean": {
            "value": 3.820733070373535,
            "min": 3.2077739238739014,
            "max": 3.820733070373535,
            "count": 500
        },
        "DroneAgent.Policy.Entropy.sum": {
            "value": 38432.75390625,
            "min": 30180.349609375,
            "max": 39486.4765625,
            "count": 500
        },
        "DroneAgent.Step.mean": {
            "value": 4999981.0,
            "min": 9984.0,
            "max": 4999981.0,
            "count": 500
        },
        "DroneAgent.Step.sum": {
            "value": 4999981.0,
            "min": 9984.0,
            "max": 4999981.0,
            "count": 500
        },
        "DroneAgent.Policy.ExtrinsicValueEstimate.mean": {
            "value": 0.274484246969223,
            "min": -0.03867049887776375,
            "max": 0.5514156222343445,
            "count": 500
        },
        "DroneAgent.Policy.ExtrinsicValueEstimate.sum": {
            "value": 43.094024658203125,
            "min": -6.109938621520996,
            "max": 86.02083587646484,
            "count": 500
        },
        "DroneAgent.Policy.GailValueEstimate.mean": {
            "value": 0.006048336625099182,
            "min": -0.0037094694562256336,
            "max": 0.03467955067753792,
            "count": 500
        },
        "DroneAgent.Policy.GailValueEstimate.sum": {
            "value": 0.9495888352394104,
            "min": -0.5860961675643921,
            "max": 5.4446892738342285,
            "count": 500
        },
        "DroneAgent.IsTraining.mean": {
            "value": 1.0,
            "min": 1.0,
            "max": 1.0,
            "count": 500
        },
        "DroneAgent.IsTraining.sum": {
            "value": 1.0,
            "min": 1.0,
            "max": 1.0,
            "count": 500
        },
        "DroneAgent.Environment.EpisodeLength.mean": {
            "value": 5999.0,
            "min": 697.5,
            "max": 5999.0,
            "count": 448
        },
        "DroneAgent.Environment.EpisodeLength.sum": {
            "value": 5999.0,
            "min": 870.0,
            "max": 32525.0,
            "count": 448
        },
        "DroneAgent.Environment.CumulativeReward.mean": {
            "value": 10.70290348958224,
            "min": -1.452435380895622,
            "max": 18.54615261743311,
            "count": 448
        },
        "DroneAgent.Environment.CumulativeReward.sum": {
            "value": 10.70290348958224,
            "min": -3.677515563555062,
            "max": 125.91857766732574,
            "count": 448
        },
        "DroneAgent.Policy.ExtrinsicReward.mean": {
            "value": 10.70290348958224,
            "min": -1.452435380895622,
            "max": 18.54615261743311,
            "count": 448
        },
        "DroneAgent.Policy.ExtrinsicReward.sum": {
            "value": 10.70290348958224,
            "min": -3.677515563555062,
            "max": 125.91857766732574,
            "count": 448
        },
        "DroneAgent.Policy.GailReward.mean": {
            "value": 0.13974505100731216,
            "min": 0.002173755308035652,
            "max": 3.639371795470065,
            "count": 448
        },
        "DroneAgent.Policy.GailReward.sum": {
            "value": 0.13974505100731216,
            "min": 0.002173755308035652,
            "max": 9.913555380160316,
            "count": 448
        },
        "DroneAgent.Losses.PolicyLoss.mean": {
            "value": 0.10588546065846458,
            "min": 0.058834831789135934,
            "max": 0.12640985059551896,
            "count": 244
        },
        "DroneAgent.Losses.PolicyLoss.sum": {
            "value": 0.10588546065846458,
            "min": 0.058834831789135934,
            "max": 0.12640985059551896,
            "count": 244
        },
        "DroneAgent.Losses.ValueLoss.mean": {
            "value": 0.004791741134249605,
            "min": 0.0010993571086146403,
            "max": 0.00802052219514735,
            "count": 244
        },
        "DroneAgent.Losses.ValueLoss.sum": {
            "value": 0.004791741134249605,
            "min": 0.0010993571086146403,
            "max": 0.00802052219514735,
            "count": 244
        },
        "DroneAgent.Policy.LearningRate.mean": {
            "value": 2.11269978874002e-06,
            "min": 2.11269978874002e-06,
            "max": 0.00099580540041946,
            "count": 244
        },
        "DroneAgent.Policy.LearningRate.sum": {
            "value": 2.11269978874002e-06,
            "min": 2.11269978874002e-06,
            "max": 0.00099580540041946,
            "count": 244
        },
        "DroneAgent.Policy.Epsilon.mean": {
            "value": 0.10021126,
            "min": 0.10021126,
            "max": 0.19958054,
            "count": 244
        },
        "DroneAgent.Policy.Epsilon.sum": {
            "value": 0.10021126,
            "min": 0.10021126,
            "max": 0.19958054,
            "count": 244
        },
        "DroneAgent.Policy.Beta.mean": {
            "value": 0.01,
            "min": 0.01,
            "max": 0.01,
            "count": 244
        },
        "DroneAgent.Policy.Beta.sum": {
            "value": 0.01,
            "min": 0.01,
            "max": 0.01,
            "count": 244
        },
        "DroneAgent.Policy.GAILPolicyEstimate.mean": {
            "value": 0.0007136141779938044,
            "min": 0.00013733290738855431,
            "max": 0.002372549731427398,
            "count": 244
        },
        "DroneAgent.Policy.GAILPolicyEstimate.sum": {
            "value": 0.0007136141779938044,
            "min": 0.00013733290738855431,
            "max": 0.002372549731427398,
            "count": 244
        },
        "DroneAgent.Policy.GAILExpertEstimate.mean": {
            "value": 0.9998982697725296,
            "min": 0.9996592178940773,
            "max": 0.9999977335333824,
            "count": 244
        },
        "DroneAgent.Policy.GAILExpertEstimate.sum": {
            "value": 0.9998982697725296,
            "min": 0.9996592178940773,
            "max": 0.9999977335333824,
            "count": 244
        },
        "DroneAgent.Losses.GAILLoss.mean": {
            "value": 0.0008918157339394383,
            "min": 0.00017082671056414255,
            "max": 0.0026680040524013292,
            "count": 244
        },
        "DroneAgent.Losses.GAILLoss.sum": {
            "value": 0.0008918157339394383,
            "min": 0.00017082671056414255,
            "max": 0.0026680040524013292,
            "count": 244
        },
        "DroneAgent.Policy.GAILGradMagLoss.mean": {
            "value": 0.0013675971589691472,
            "min": 0.0005392515529820229,
            "max": 0.07548113528173417,
            "count": 244
        },
        "DroneAgent.Policy.GAILGradMagLoss.sum": {
            "value": 0.0013675971589691472,
            "min": 0.0005392515529820229,
            "max": 0.07548113528173417,
            "count": 244
        },
        "DroneAgent.Losses.PretrainingLoss.mean": {
            "value": 0.0,
            "min": 0.0,
            "max": 85.1844969007704,
            "count": 244
        },
        "DroneAgent.Losses.PretrainingLoss.sum": {
            "value": 0.0,
            "min": 0.0,
            "max": 85.1844969007704,
            "count": 244
        }
    },
    "metadata": {
        "timer_format_version": "0.1.0",
        "start_time_seconds": "1699965281",
        "python_version": "3.9.13 (tags/v3.9.13:6de2ca5, May 17 2022, 16:36:42) [MSC v.1929 64 bit (AMD64)]",
        "command_line_arguments": "C:\\Users\\thoma\\AppData\\Local\\Programs\\Python\\Python39\\Scripts\\mlagents-learn config\\DroneAgent.yaml --initialize-from=DroneAgentMG2 --run-id=DroneAgentMG3",
        "mlagents_version": "0.30.0",
        "mlagents_envs_version": "0.30.0",
        "communication_protocol_version": "1.5.0",