{
    "name": "root",
    "gauges": {
        "DroneAgent.Policy.Entropy.mean": {
            "value": 1.1628358364105225,
            "min": 1.1296015977859497,
            "max": 1.2283579111099243,
            "count": 373
        },
        "DroneAgent.Policy.Entropy.sum": {
            "value": 11658.591796875,
            "min": 11138.3896484375,
            "max": 12435.56640625,
            "count": 373
        },
        "DroneAgent.Step.mean": {
            "value": 3729987.0,
            "min": 9944.0,
            "max": 3729987.0,
            "count": 373
        },
        "DroneAgent.Step.sum": {
            "value": 3729987.0,
            "min": 9944.0,
            "max": 3729987.0,
            "count": 373
        },
        "DroneAgent.Policy.ExtrinsicValueEstimate.mean": {
            "value": 0.4482617676258087,
            "min": -0.24737709760665894,
            "max": 0.4482617676258087,
            "count": 373
        },
        "DroneAgent.Policy.ExtrinsicValueEstimate.sum": {
            "value": 80.68711853027344,
            "min": -43.538368225097656,
            "max": 80.68711853027344,
            "count": 373
        },
        "DroneAgent.Policy.GailValueEstimate.mean": {
            "value": 1.4355424642562866,
            "min": 0.2224532961845398,
            "max": 2.7858481407165527,
            "count": 373
        },
        "DroneAgent.Policy.GailValueEstimate.sum": {
            "value": 258.39764404296875,
            "min": 36.48234176635742,
            "max": 437.3781433105469,
            "count": 373
        },
        "DroneAgent.Environment.EpisodeLength.mean": {
            "value": 215.6590909090909,
            "min": 189.2156862745098,
            "max": 749.0,
            "count": 373
        },
        "DroneAgent.Environment.EpisodeLength.sum": {
            "value": 9489.0,
            "min": 4188.0,
            "max": 12327.0,
            "count": 373
        },
        "DroneAgent.Environment.CumulativeReward.mean": {
            "value": 1.4905487375587902,
            "min": -0.8636716083538803,
            "max": 2.3682602936096373,
            "count": 373
        },
        "DroneAgent.Environment.CumulativeReward.sum": {
            "value": 65.58414445258677,
            "min": -38.72520156996325,
            "max": 69.68730420432985,
            "count": 373
        },
        "DroneAgent.Policy.ExtrinsicReward.mean": {
            "value": 1.4905487375587902,
            "min": -0.8636716083538803,
            "max": 2.3682602936096373,
            "count": 373
        },
        "DroneAgent.Policy.ExtrinsicReward.sum": {
            "value": 65.58414445258677,
            "min": -38.72520156996325,
            "max": 69.68730420432985,
            "count": 373
        },
        "DroneAgent.Policy.GailReward.mean": {
            "value": 4.094322911050271,
            "min": 0.7404164899013598,
            "max": 19.593419742736796,
            "count": 373
        },
        "DroneAgent.Policy.GailReward.sum": {
            "value": 180.15020808621193,
            "min": 32.57832555565983,
            "max": 372.2749751119991,
            "count": 373
        },
        "DroneAgent.IsTraining.mean": {
            "value": 1.0,
            "min": 1.0,
            "max": 1.0,
            "count": 373
        },
        "DroneAgent.IsTraining.sum": {
            "value": 1.0,
            "min": 1.0,
            "max": 1.0,
            "count": 373
        },
        "DroneAgent.Losses.PolicyLoss.mean": {
            "value": 0.13958989698439836,
            "min": 0.06012704540335108,
            "max": 0.1685543482308276,
            "count": 197
        },
        "DroneAgent.Losses.PolicyLoss.sum": {
            "value": 0.13958989698439836,
            "min": 0.06012704540335108,
            "max": 0.1685543482308276,
            "count": 197
        },
        "DroneAgent.Losses.ValueLoss.mean": {
            "value": 0.016476580244489013,
            "min": 0.0015644499100744725,
            "max": 0.13020829572342335,
            "count": 197
        },
        "DroneAgent.Losses.ValueLoss.sum": {
            "value": 0.016476580244489013,
            "min": 0.0015644499100744725,
            "max": 0.13020829572342335,
            "count": 197
        },
        "DroneAgent.Policy.LearningRate.mean": {
            "value": 0.0002564536743546399,
            "min": 0.0002564536743546399,
            "max": 0.00099601920039808,
            "count": 197
        },
        "DroneAgent.Policy.LearningRate.sum": {
            "value": 0.0002564536743546399,
            "min": 0.0002564536743546399,
            "max": 0.00099601920039808,
            "count": 197
        },
        "DroneAgent.Policy.Epsilon.mean": {
            "value": 0.12564536,
            "min": 0.12564536,
            "max": 0.19960192000000002,
            "count": 197
        },
        "DroneAgent.Policy.Epsilon.sum": {
            "value": 0.12564536,
            "min": 0.12564536,
            "max": 0.19960192000000002,
            "count": 197
        },
        "DroneAgent.Policy.Beta.mean": {
            "value": 0.01,
            "min": 0.01,
            "max": 0.01,
            "count": 197
        },
        "DroneAgent.Policy.Beta.sum": {
            "value": 0.01,
            "min": 0.01,
            "max": 0.01,
            "count": 197
        },
        "DroneAgent.Policy.GAILPolicyEstimate.mean": {
            "value": 0.24434919022023677,
            "min": 0.057744349166750905,
            "max": 0.272564696893096,
            "count": 197
        },
        "DroneAgent.Policy.GAILPolicyEstimate.sum": {
            "value": 0.24434919022023677,
            "min": 0.057744349166750905,
            "max": 0.272564696893096,
            "count": 197
        },
        "DroneAgent.Policy.GAILExpertEstimate.mean": {
            "value": 0.7649481952190399,
            "min": 0.7339095041155815,
            "max": 0.9395839646458626,
            "count": 197
        },
        "DroneAgent.Policy.GAILExpertEstimate.sum": {
            "value": 0.7649481952190399,
            "min": 0.7339095041155815,
            "max": 0.9395839646458626,
            "count": 197
        },
        "DroneAgent.Losses.GAILLoss.mean": {
            "value": 0.6459752321243286,
            "min": 0.17730517275631427,
            "max": 0.7552230700850486,
            "count": 197
        },
        "DroneAgent.Losses.GAILLoss.sum": {
            "value": 0.6459752321243286,
            "min": 0.17730517275631427,
            "max": 0.7552230700850486,
            "count": 197
        },
        "DroneAgent.Policy.GAILGradMagLoss.mean": {
            "value": 0.05296361660584807,
            "min": 0.035804176889359954,
            "max": 0.09480427708476782,
            "count": 197
        },
        "DroneAgent.Policy.GAILGradMagLoss.sum": {
            "value": 0.05296361660584807,
            "min": 0.035804176889359954,
            "max": 0.09480427708476782,
            "count": 197
        },
        "DroneAgent.Losses.PretrainingLoss.mean": {
            "value": 0.0,
            "min": 0.0,
            "max": 1.0059941557415746,
            "count": 197
        },
        "DroneAgent.Losses.PretrainingLoss.sum": {
            "value": 0.0,
            "min": 0.0,
            "max": 1.0059941557415746,
            "count": 197
        }
    },
    "metadata": {
        "timer_format_version": "0.1.0",
        "start_time_seconds": "1696772344",
        "python_version": "3.9.13 (tags/v3.9.13:6de2ca5, May 17 2022, 16:36:42) [MSC v.1929 64 bit (AMD64)]",
        "command_line_arguments": "F:\\Unity projects\\Oblig2\\Drone_MLagents\\venv\\Scripts\\mlagents-learn config/DroneAgent.yaml --initialize-from=DroneAgent_New --run-id=DroneAgent_New2",
        "mlagents_version": "0.30.0",
        "mlagents_envs_version": "0.30.0",
        "communication_protocol_version": "1.5.0",