{
    "name": "root",
    "gauges": {
        "DroneAgent.Policy.Entropy.mean": {
            "value": 0.7963197827339172,
            "min": 0.7963197827339172,
            "max": 1.0644629001617432,
            "count": 352
        },
        "DroneAgent.Policy.Entropy.sum": {
            "value": 8141.5732421875,
            "min": 7730.8134765625,
            "max": 11547.29296875,
            "count": 352
        },
        "DroneAgent.Step.mean": {
            "value": 3519936.0,
            "min": 9979.0,
            "max": 3519936.0,
            "count": 352
        },
        "DroneAgent.Step.sum": {
            "value": 3519936.0,
            "min": 9979.0,
            "max": 3519936.0,
            "count": 352
        },
        "DroneAgent.Policy.ExtrinsicValueEstimate.mean": {
            "value": -0.19235101342201233,
            "min": -0.35522788763046265,
            "max": 0.08852218091487885,
            "count": 352
        },
        "DroneAgent.Policy.ExtrinsicValueEstimate.sum": {
            "value": -35.00788497924805,
            "min": -64.65147399902344,
            "max": 15.668426513671875,
            "count": 352
        },
        "DroneAgent.Policy.GailValueEstimate.mean": {
            "value": 0.20881539583206177,
            "min": 0.1844162791967392,
            "max": 1.411132574081421,
            "count": 352
        },
        "DroneAgent.Policy.GailValueEstimate.sum": {
            "value": 38.00440216064453,
            "min": 33.19493103027344,
            "max": 239.89254760742188,
            "count": 352
        },
        "DroneAgent.Environment.EpisodeLength.mean": {
            "value": 238.84313725490196,
            "min": 163.3859649122807,
            "max": 446.3809523809524,
            "count": 352
        },
        "DroneAgent.Environment.EpisodeLength.sum": {
            "value": 12181.0,
            "min": 5842.0,
            "max": 12181.0,
            "count": 352
        },
        "DroneAgent.Environment.CumulativeReward.mean": {
            "value": -0.3434954375866344,
            "min": -0.9412746627395973,
            "max": -0.03726327396195256,
            "count": 352
        },
        "DroneAgent.Environment.CumulativeReward.sum": {
            "value": -17.518267316918354,
            "min": -44.50959977391176,
            "max": -2.1836001284536906,
            "count": 352
        },
        "DroneAgent.Policy.ExtrinsicReward.mean": {
            "value": -0.3434954375866344,
            "min": -0.9412746627395973,
            "max": -0.03726327396195256,
            "count": 352
        },
        "DroneAgent.Policy.ExtrinsicReward.sum": {
            "value": -17.518267316918354,
            "min": -44.50959977391176,
            "max": -2.1836001284536906,
            "count": 352
        },
        "DroneAgent.Policy.GailReward.mean": {
            "value": 0.98354887453224,
            "min": 0.692261787823625,
            "max": 9.274800384424662,
            "count": 352
        },
        "DroneAgent.Policy.GailReward.sum": {
            "value": 50.160992601144244,
            "min": 29.82638712127323,
            "max": 242.47364395122804,
            "count": 352
        },
        "DroneAgent.Losses.PolicyLoss.mean": {
            "value": 0.1292232201085426,
            "min": 0.07860395218400905,
            "max": 0.2222053455809752,
            "count": 352
        },
        "DroneAgent.Losses.PolicyLoss.sum": {
            "value": 0.1292232201085426,
            "min": 0.07860395218400905,
            "max": 0.37356528213713314,
            "count": 352
        },
        "DroneAgent.Losses.ValueLoss.mean": {
            "value": 0.0084525267011486,
            "min": 0.0044229472676912945,
            "max": 0.1403035004933675,
            "count": 352
        },
        "DroneAgent.Losses.ValueLoss.sum": {
            "value": 0.0084525267011486,
            "min": 0.0044229472676912945,
            "max": 0.1403035004933675,
            "count": 352
        },
        "DroneAgent.Policy.LearningRate.mean": {
            "value": 8.932531022491996e-05,
            "min": 8.932531022491996e-05,
            "max": 0.00029945172018275995,
            "count": 352
        },
        "DroneAgent.Policy.LearningRate.sum": {
            "value": 8.932531022491996e-05,
            "min": 8.932531022491996e-05,
            "max": 0.0005765721078092999,
            "count": 352
        },
        "DroneAgent.Policy.Epsilon.mean": {
            "value": 0.12977508,
            "min": 0.12977508,
            "max": 0.19981723999999995,
            "count": 352
        },
        "DroneAgent.Policy.Epsilon.sum": {
            "value": 0.12977508,
            "min": 0.12977508,
            "max": 0.3921907000000001,
            "count": 352
        },
        "DroneAgent.Policy.Beta.mean": {
            "value": 0.005000000000000001,
            "min": 0.005000000000000001,
            "max": 0.005000000000000001,
            "count": 352
        },
        "DroneAgent.Policy.Beta.sum": {
            "value": 0.005000000000000001,
            "min": 0.005000000000000001,
            "max": 0.010000000000000002,
            "count": 352
        },
        "DroneAgent.Policy.GAILPolicyEstimate.mean": {
            "value": 0.02877240047479669,
            "min": 0.027458026756842932,
            "max": 0.14782542176544666,
            "count": 352
        },
        "DroneAgent.Policy.GAILPolicyEstimate.sum": {
            "value": 0.02877240047479669,
            "min": 0.027458026756842932,
            "max": 0.18935811072587966,
            "count": 352
        },
        "DroneAgent.Policy.GAILExpertEstimate.mean": {
            "value": 0.9968282620112101,
            "min": 0.9783112724622091,
            "max": 0.9976263066132863,
            "count": 352
        },
        "DroneAgent.Policy.GAILExpertEstimate.sum": {
            "value": 0.9968282620112101,
            "min": 0.9783112724622091,
            "max": 1.9941769023736318,
            "count": 352
        },
        "DroneAgent.Losses.GAILLoss.mean": {
            "value": 0.033287908602505925,
            "min": 0.03131368160247803,
            "max": 0.22266083459059396,
            "count": 352
        },
        "DroneAgent.Losses.GAILLoss.sum": {
            "value": 0.033287908602505925,
            "min": 0.03131368160247803,
            "max": 0.22928157771627108,
            "count": 352
        },
        "DroneAgent.Policy.GAILGradMagLoss.mean": {
            "value": 0.031960197476049265,
            "min": 0.027627551121016343,
            "max": 0.3569498618443807,
            "count": 352
        },
        "DroneAgent.Policy.GAILGradMagLoss.sum": {
            "value": 0.031960197476049265,
            "min": 0.027627551121016343,
            "max": 0.3569498618443807,
            "count": 352
        },
        "DroneAgent.Losses.PretrainingLoss.mean": {
            "value": 0.0,
            "min": 0.0,
            "max": 0.9915344525897314,
            "count": 352
        },
        "DroneAgent.Losses.PretrainingLoss.sum": {
            "value": 0.0,
            "min": 0.0,
            "max": 1.0056090842163754,
            "count": 352
        },
        "DroneAgent.IsTraining.mean": {
            "value": 1.0,
            "min": 1.0,
            "max": 1.0,
            "count": 352
        },
        "DroneAgent.IsTraining.sum": {
            "value": 1.0,
            "min": 1.0,
            "max": 1.0,
            "count": 352
        }
    },
    "metadata": {
        "timer_format_version": "0.1.0",
        "start_time_seconds": "1696613819",
        "python_version": "3.9.13 (tags/v3.9.13:6de2ca5, May 17 2022, 16:36:42) [MSC v.1929 64 bit (AMD64)]",
        "command_line_arguments": "F:\\Unity projects\\Oblig2\\Drone_MLagents\\venv\\Scripts\\mlagents-learn config/DroneAgentNew.yaml --initialize-from=DroneAgent_Local2 --run-id=DroneAgent_Local_Kill1",