{
    "name": "root",
    "gauges": {
        "DroneAgent.Policy.Entropy.mean": {
            "value": 5.760351657867432,
            "min": 5.751183032989502,
            "max": 6.176942348480225,
            "count": 500
        },
        "DroneAgent.Policy.Entropy.sum": {
            "value": 54193.390625,
            "min": 54131.31640625,
            "max": 66414.484375,
            "count": 500
        },
        "DroneAgent.Step.mean": {
            "value": 4999962.0,
            "min": 9984.0,
            "max": 4999962.0,
            "count": 500
        },
        "DroneAgent.Step.sum": {
            "value": 4999962.0,
            "min": 9984.0,
            "max": 4999962.0,
            "count": 500
        },
        "DroneAgent.Policy.ExtrinsicValueEstimate.mean": {
            "value": 1.4271037578582764,
            "min": -0.6567489504814148,
            "max": 1.4374254941940308,
            "count": 500
        },
        "DroneAgent.Policy.ExtrinsicValueEstimate.sum": {
            "value": 226.9095001220703,
            "min": -110.99057006835938,
            "max": 235.99789428710938,
            "count": 500
        },
        "DroneAgent.Policy.GailValueEstimate.mean": {
            "value": 0.0015523883048444986,
            "min": -0.007826333865523338,
            "max": 0.015552088618278503,
            "count": 500
        },
        "DroneAgent.Policy.GailValueEstimate.sum": {
            "value": 0.24682974815368652,
            "min": -1.32265043258667,
            "max": 2.628303050994873,
            "count": 500
        },
        "DroneAgent.IsTraining.mean": {
            "value": 1.0,
            "min": 1.0,
            "max": 1.0,
            "count": 500
        },
        "DroneAgent.IsTraining.sum": {
            "value": 1.0,
            "min": 1.0,
            "max": 1.0,
            "count": 500
        },
        "DroneAgent.Environment.EpisodeLength.mean": {
            "value": 599.0,
            "min": 252.0,
            "max": 599.0,
            "count": 499
        },
        "DroneAgent.Environment.EpisodeLength.sum": {
            "value": 2396.0,
            "min": 252.0,
            "max": 12579.0,
            "count": 499
        },
        "DroneAgent.Environment.CumulativeReward.mean": {
            "value": 8.390801899135113,
            "min": -5.205755110475279,
            "max": 8.676161697036342,
            "count": 499
        },
        "DroneAgent.Environment.CumulativeReward.sum": {
            "value": 33.56320759654045,
            "min": -109.32085731998086,
            "max": 178.5946815609932,
            "count": 499
        },
        "DroneAgent.Policy.ExtrinsicReward.mean": {
            "value": 8.390801899135113,
            "min": -5.205755110475279,
            "max": 8.676161697036342,
            "count": 499
        },
        "DroneAgent.Policy.ExtrinsicReward.sum": {
            "value": 33.56320759654045,
            "min": -109.32085731998086,
            "max": 178.5946815609932,
            "count": 499
        },
        "DroneAgent.Policy.GailReward.mean": {
            "value": 0.0009508919681495698,
            "min": 4.47222565505001e-06,
            "max": 0.2922396061012195,
            "count": 499
        },
        "DroneAgent.Policy.GailReward.sum": {
            "value": 0.003803567872598279,
            "min": 2.2361128275250053e-05,
            "max": 5.627105248849931,
            "count": 499
        },
        "DroneAgent.Losses.PolicyLoss.mean": {
            "value": 0.07979298066347837,
            "min": 0.05413572278484935,
            "max": 0.1282259035971947,
            "count": 254
        },
        "DroneAgent.Losses.PolicyLoss.sum": {
            "value": 0.07979298066347837,
            "min": 0.05413572278484935,
            "max": 0.1282259035971947,
            "count": 254
        },
        "DroneAgent.Losses.ValueLoss.mean": {
            "value": 0.0007833362084056717,
            "min": 0.00040330020055989735,
            "max": 0.017333190888166428,
            "count": 254
        },
        "DroneAgent.Losses.ValueLoss.sum": {
            "value": 0.0007833362084056717,
            "min": 0.00040330020055989735,
            "max": 0.017333190888166428,
            "count": 254
        },
        "DroneAgent.Policy.LearningRate.mean": {
            "value": 3.0316996968400228e-06,
            "min": 3.0316996968400228e-06,
            "max": 0.00099586720041328,
            "count": 254
        },
        "DroneAgent.Policy.LearningRate.sum": {
            "value": 3.0316996968400228e-06,
            "min": 3.0316996968400228e-06,
            "max": 0.00099586720041328,
            "count": 254
        },
        "DroneAgent.Policy.Epsilon.mean": {
            "value": 0.10030315999999999,
            "min": 0.10030315999999999,
            "max": 0.19958672,
            "count": 254
        },
        "DroneAgent.Policy.Epsilon.sum": {
            "value": 0.10030315999999999,
            "min": 0.10030315999999999,
            "max": 0.19958672,
            "count": 254
        },
        "DroneAgent.Policy.Beta.mean": {
            "value": 0.01,
            "min": 0.01,
            "max": 0.01,
            "count": 254
        },
        "DroneAgent.Policy.Beta.sum": {
            "value": 0.01,
            "min": 0.01,
            "max": 0.01,
            "count": 254
        },
        "DroneAgent.Policy.GAILPolicyEstimate.mean": {
            "value": 9.227286806208212e-05,
            "min": 7.367006762137862e-06,
            "max": 0.0006709768997097854,
            "count": 254
        },
        "DroneAgent.Policy.GAILPolicyEstimate.sum": {
            "value": 9.227286806208212e-05,
            "min": 7.367006762137862e-06,
            "max": 0.0006709768997097854,
            "count": 254
        },
        "DroneAgent.Policy.GAILExpertEstimate.mean": {
            "value": 0.9999906063079834,
            "min": 0.9997286766767501,
            "max": 0.9999998643994331,
            "count": 254
        },
        "DroneAgent.Policy.GAILExpertEstimate.sum": {
            "value": 0.9999906063079834,
            "min": 0.9997286766767501,
            "max": 0.9999998643994331,
            "count": 254
        },
        "DroneAgent.Losses.GAILLoss.mean": {
            "value": 0.00010342699588363757,
            "min": 8.254083640224508e-06,
            "max": 0.0007660243668397015,
            "count": 254
        },
        "DroneAgent.Losses.GAILLoss.sum": {
            "value": 0.00010342699588363757,
            "min": 8.254083640224508e-06,
            "max": 0.0007660243668397015,
            "count": 254
        },
        "DroneAgent.Policy.GAILGradMagLoss.mean": {
            "value": 0.0001542530455481028,
            "min": 6.104976300775888e-05,
            "max": 0.0276517876831349,
            "count": 254
        },
        "DroneAgent.Policy.GAILGradMagLoss.sum": {
            "value": 0.0001542530455481028,
            "min": 6.104976300775888e-05,
            "max": 0.0276517876831349,
            "count": 254
        },
        "DroneAgent.Losses.PretrainingLoss.mean": {
            "value": 0.0,
            "min": 0.0,
            "max": 147351.96875,
            "count": 254
        },
        "DroneAgent.Losses.PretrainingLoss.sum": {
            "value": 0.0,
            "min": 0.0,
            "max": 147351.96875,
            "count": 254
        }
    },
    "metadata": {
        "timer_format_version": "0.1.0",
        "start_time_seconds": "1700069116",
        "python_version": "3.9.13 (tags/v3.9.13:6de2ca5, May 17 2022, 16:36:42) [MSC v.1929 64 bit (AMD64)]",
        "command_line_arguments": "C:\\Users\\thoma\\AppData\\Local\\Programs\\Python\\Python39\\Scripts\\mlagents-learn config\\DroneAgent.yaml --initialize-from=DroneAgentMG7 --run-id=DroneAgentMG8",
        "mlagents_version": "0.30.0",
        "mlagents_envs_version": "0.30.0",