{
    "name": "root",
    "gauges": {
        "DroneAgent.Policy.Entropy.mean": {
            "value": 4.916405200958252,
            "min": 4.515823841094971,
            "max": 4.916405200958252,
            "count": 500
        },
        "DroneAgent.Policy.Entropy.sum": {
            "value": 48893.6484375,
            "min": 42742.26953125,
            "max": 49980.03125,
            "count": 500
        },
        "DroneAgent.Step.mean": {
            "value": 4999958.0,
            "min": 9984.0,
            "max": 4999958.0,
            "count": 500
        },
        "DroneAgent.Step.sum": {
            "value": 4999958.0,
            "min": 9984.0,
            "max": 4999958.0,
            "count": 500
        },
        "DroneAgent.Policy.ExtrinsicValueEstimate.mean": {
            "value": 0.8882790207862854,
            "min": 0.5654308199882507,
            "max": 1.0776300430297852,
            "count": 500
        },
        "DroneAgent.Policy.ExtrinsicValueEstimate.sum": {
            "value": 140.34808349609375,
            "min": 90.46893310546875,
            "max": 168.11029052734375,
            "count": 500
        },
        "DroneAgent.Policy.GailValueEstimate.mean": {
            "value": 0.000542832596693188,
            "min": -0.002404195489361882,
            "max": 0.005124969873577356,
            "count": 500
        },
        "DroneAgent.Policy.GailValueEstimate.sum": {
            "value": 0.08576755225658417,
            "min": -0.379862904548645,
            "max": 0.8046202659606934,
            "count": 500
        },
        "DroneAgent.IsTraining.mean": {
            "value": 1.0,
            "min": 1.0,
            "max": 1.0,
            "count": 500
        },
        "DroneAgent.IsTraining.sum": {
            "value": 1.0,
            "min": 1.0,
            "max": 1.0,
            "count": 500
        },
        "DroneAgent.Losses.PolicyLoss.mean": {
            "value": 0.08802296954672784,
            "min": 0.049074492300860584,
            "max": 0.10712018753401935,
            "count": 245
        },
        "DroneAgent.Losses.PolicyLoss.sum": {
            "value": 0.08802296954672784,
            "min": 0.049074492300860584,
            "max": 0.10712018753401935,
            "count": 245
        },
        "DroneAgent.Losses.ValueLoss.mean": {
            "value": 0.0034033552088658325,
            "min": 0.0008626586546597537,
            "max": 0.0067210642766440285,
            "count": 245
        },
        "DroneAgent.Losses.ValueLoss.sum": {
            "value": 0.0034033552088658325,
            "min": 0.0008626586546597537,
            "max": 0.0067210642766440285,
            "count": 245
        },
        "DroneAgent.Policy.LearningRate.mean": {
            "value": 3.38189966181999e-06,
            "min": 3.38189966181999e-06,
            "max": 0.000995840000416,
            "count": 245
        },
        "DroneAgent.Policy.LearningRate.sum": {
            "value": 3.38189966181999e-06,
            "min": 3.38189966181999e-06,
            "max": 0.000995840000416,
            "count": 245
        },
        "DroneAgent.Policy.Epsilon.mean": {
            "value": 0.10033818000000001,
            "min": 0.10033818000000001,
            "max": 0.199584,
            "count": 245
        },
        "DroneAgent.Policy.Epsilon.sum": {
            "value": 0.10033818000000001,
            "min": 0.10033818000000001,
            "max": 0.199584,
            "count": 245
        },
        "DroneAgent.Policy.Beta.mean": {
            "value": 0.01,
            "min": 0.01,
            "max": 0.01,
            "count": 245
        },
        "DroneAgent.Policy.Beta.sum": {
            "value": 0.01,
            "min": 0.01,
            "max": 0.01,
            "count": 245
        },
        "DroneAgent.Policy.GAILPolicyEstimate.mean": {
            "value": 3.3638667520108354e-05,
            "min": 6.18840306714219e-06,
            "max": 0.00034415112565397974,
            "count": 245
        },
        "DroneAgent.Policy.GAILPolicyEstimate.sum": {
            "value": 3.3638667520108354e-05,
            "min": 6.18840306714219e-06,
            "max": 0.00034415112565397974,
            "count": 245
        },
        "DroneAgent.Policy.GAILExpertEstimate.mean": {
            "value": 0.9999986529350281,
            "min": 0.999947401881218,
            "max": 0.999999986588955,
            "count": 245
        },
        "DroneAgent.Policy.GAILExpertEstimate.sum": {
            "value": 0.9999986529350281,
            "min": 0.999947401881218,
            "max": 0.999999986588955,
            "count": 245
        },
        "DroneAgent.Losses.GAILLoss.mean": {
            "value": 3.5232155209996566e-05,
            "min": 7.03676344357973e-06,
            "max": 0.0003760577535786069,
            "count": 245
        },
        "DroneAgent.Losses.GAILLoss.sum": {
            "value": 3.5232155209996566e-05,
            "min": 7.03676344357973e-06,
            "max": 0.0003760577535786069,
            "count": 245
        },
        "DroneAgent.Policy.GAILGradMagLoss.mean": {
            "value": 7.792766928105266e-05,
            "min": 4.466340283215686e-05,
            "max": 0.00259088223483559,
            "count": 245
        },
        "DroneAgent.Policy.GAILGradMagLoss.sum": {
            "value": 7.792766928105266e-05,
            "min": 4.466340283215686e-05,
            "max": 0.00259088223483559,
            "count": 245
        },
        "DroneAgent.Losses.PretrainingLoss.mean": {
            "value": 0.0,
            "min": 0.0,
            "max": 1127.6492716471355,
            "count": 245
        },
        "DroneAgent.Losses.PretrainingLoss.sum": {
            "value": 0.0,
            "min": 0.0,
            "max": 1127.6492716471355,
            "count": 245
        },
        "DroneAgent.Environment.EpisodeLength.mean": {
            "value": 2158.0,
            "min": 498.0,
            "max": 4999.0,
            "count": 479
        },
        "DroneAgent.Environment.EpisodeLength.sum": {
            "value": 6474.0,
            "min": 498.0,
            "max": 44990.0,
            "count": 479
        },
        "DroneAgent.Environment.CumulativeReward.mean": {
            "value": 20.050583325559273,
            "min": 3.1406528186053038,
            "max": 45.862627508079946,
            "count": 479
        },
        "DroneAgent.Environment.CumulativeReward.sum": {
            "value": 60.15174997667782,
            "min": 3.1406528186053038,
            "max": 366.00836796128715,
            "count": 479
        },
        "DroneAgent.Policy.ExtrinsicReward.mean": {
            "value": 20.050583325559273,
            "min": 3.1406528186053038,
            "max": 45.862627508079946,
            "count": 479
        },
        "DroneAgent.Policy.ExtrinsicReward.sum": {
            "value": 60.15174997667782,
            "min": 3.1406528186053038,
            "max": 366.00836796128715,
            "count": 479
        },
        "DroneAgent.Policy.GailReward.mean": {
            "value": 0.008295840207842945,
            "min": 0.00014200114767648486,
            "max": 0.6137924080369253,
            "count": 479
        },
        "DroneAgent.Policy.GailReward.sum": {
            "value": 0.024887520623528836,
            "min": 0.00014200114767648486,
            "max": 1.8248224696233661,
            "count": 479
        }
    },
    "metadata": {
        "timer_format_version": "0.1.0",
        "start_time_seconds": "1697314581",
        "python_version": "3.9.13 (tags/v3.9.13:6de2ca5, May 17 2022, 16:36:42) [MSC v.1929 64 bit (AMD64)]",
        "command_line_arguments": "F:\\Unity projects\\Oblig2\\Drone_MLagents\\venv\\Scripts\\mlagents-learn config/DroneAgent.yaml --initialize-from=DroneAgentTrack6 --run-id=DroneAgentTrack7",
        "mlagents_version": "0.30.0",
        "mlagents_envs_version": "0.30.0",