{
    "name": "root",
    "gauges": {
        "DroneAgent.Policy.Entropy.mean": {
            "value": 1.6198574304580688,
            "min": 1.326561689376831,
            "max": 1.6198574304580688,
            "count": 500
        },
        "DroneAgent.Policy.Entropy.sum": {
            "value": 16464.23046875,
            "min": 12953.875,
            "max": 16629.00390625,
            "count": 500
        },
        "DroneAgent.Step.mean": {
            "value": 4999960.0,
            "min": 9960.0,
            "max": 4999960.0,
            "count": 500
        },
        "DroneAgent.Step.sum": {
            "value": 4999960.0,
            "min": 9960.0,
            "max": 4999960.0,
            "count": 500
        },
        "DroneAgent.Policy.ExtrinsicValueEstimate.mean": {
            "value": -0.0502532422542572,
            "min": -0.8788952231407166,
            "max": -0.02700142189860344,
            "count": 500
        },
        "DroneAgent.Policy.ExtrinsicValueEstimate.sum": {
            "value": -7.990265369415283,
            "min": -142.72915649414062,
            "max": -4.32022762298584,
            "count": 500
        },
        "DroneAgent.Policy.GailValueEstimate.mean": {
            "value": 0.3088749945163727,
            "min": -0.6088002920150757,
            "max": 3.8745880126953125,
            "count": 500
        },
        "DroneAgent.Policy.GailValueEstimate.sum": {
            "value": 49.111122131347656,
            "min": -96.19044494628906,
            "max": 639.3070068359375,
            "count": 500
        },
        "DroneAgent.Environment.EpisodeLength.mean": {
            "value": 1290.2,
            "min": 302.3333333333333,
            "max": 1937.25,
            "count": 500
        },
        "DroneAgent.Environment.EpisodeLength.sum": {
            "value": 6451.0,
            "min": 371.0,
            "max": 20443.0,
            "count": 500
        },
        "DroneAgent.Environment.CumulativeReward.mean": {
            "value": -0.7442191108129919,
            "min": -4.772909696708666,
            "max": 0.09568526728877,
            "count": 500
        },
        "DroneAgent.Environment.CumulativeReward.sum": {
            "value": -3.7210955540649593,
            "min": -50.96331779938191,
            "max": 0.66979687102139,
            "count": 500
        },
        "DroneAgent.Policy.ExtrinsicReward.mean": {
            "value": -0.7442191108129919,
            "min": -4.772909696708666,
            "max": 0.09568526728877,
            "count": 500
        },
        "DroneAgent.Policy.ExtrinsicReward.sum": {
            "value": -3.7210955540649593,
            "min": -50.96331779938191,
            "max": 0.66979687102139,
            "count": 500
        },
        "DroneAgent.Policy.GailReward.mean": {
            "value": 2.941633882327005,
            "min": 2.941633882327005,
            "max": 83.7717663384974,
            "count": 500
        },
        "DroneAgent.Policy.GailReward.sum": {
            "value": 14.708169411635026,
            "min": 3.7186274440027773,
            "max": 990.1624768674374,
            "count": 500
        },
        "DroneAgent.IsTraining.mean": {
            "value": 1.0,
            "min": 1.0,
            "max": 1.0,
            "count": 500
        },
        "DroneAgent.IsTraining.sum": {
            "value": 1.0,
            "min": 1.0,
            "max": 1.0,
            "count": 500
        },
        "DroneAgent.Losses.PolicyLoss.mean": {
            "value": 0.09223754082340747,
            "min": 0.05668385007302277,
            "max": 0.1296136514400132,
            "count": 250
        },
        "DroneAgent.Losses.PolicyLoss.sum": {
            "value": 0.09223754082340747,
            "min": 0.05668385007302277,
            "max": 0.1296136514400132,
            "count": 250
        },
        "DroneAgent.Losses.ValueLoss.mean": {
            "value": 0.0028874397365143524,
            "min": 0.002541276134434156,
            "max": 0.10469406647607685,
            "count": 250
        },
        "DroneAgent.Losses.ValueLoss.sum": {
            "value": 0.0028874397365143524,
            "min": 0.002541276134434156,
            "max": 0.10469406647607685,
            "count": 250
        },
        "DroneAgent.Policy.LearningRate.mean": {
            "value": 2.7896997210399472e-06,
            "min": 2.7896997210399472e-06,
            "max": 0.00099604820039518,
            "count": 250
        },
        "DroneAgent.Policy.LearningRate.sum": {
            "value": 2.7896997210399472e-06,
            "min": 2.7896997210399472e-06,
            "max": 0.00099604820039518,
            "count": 250
        },
        "DroneAgent.Policy.Epsilon.mean": {
            "value": 0.10027896,
            "min": 0.10027896,
            "max": 0.19960482000000002,
            "count": 250
        },
        "DroneAgent.Policy.Epsilon.sum": {
            "value": 0.10027896,
            "min": 0.10027896,
            "max": 0.19960482000000002,
            "count": 250
        },
        "DroneAgent.Policy.Beta.mean": {
            "value": 0.01,
            "min": 0.01,
            "max": 0.01,
            "count": 250
        },
        "DroneAgent.Policy.Beta.sum": {
            "value": 0.01,
            "min": 0.01,
            "max": 0.01,
            "count": 250
        },
        "DroneAgent.Policy.GAILPolicyEstimate.mean": {
            "value": 0.022087858989834785,
            "min": 0.022087858989834785,
            "max": 0.44677618592977525,
            "count": 250
        },
        "DroneAgent.Policy.GAILPolicyEstimate.sum": {
            "value": 0.022087858989834785,
            "min": 0.022087858989834785,
            "max": 0.44677618592977525,
            "count": 250
        },
        "DroneAgent.Policy.GAILExpertEstimate.mean": {
            "value": 0.9877097457647324,
            "min": 0.5149621553719044,
            "max": 0.9879257321357727,
            "count": 250
        },
        "DroneAgent.Policy.GAILExpertEstimate.sum": {
            "value": 0.9877097457647324,
            "min": 0.5149621553719044,
            "max": 0.9879257321357727,
            "count": 250
        },
        "DroneAgent.Losses.GAILLoss.mean": {
            "value": 0.036676121223717925,
            "min": 0.036676121223717925,
            "max": 1.1912275329232216,
            "count": 250
        },
        "DroneAgent.Losses.GAILLoss.sum": {
            "value": 0.036676121223717925,
            "min": 0.036676121223717925,
            "max": 1.1912275329232216,
            "count": 250
        },
        "DroneAgent.Policy.GAILGradMagLoss.mean": {
            "value": 0.044093269016593696,
            "min": 0.04202583283185959,
            "max": 9.261008596420288,
            "count": 250
        },
        "DroneAgent.Policy.GAILGradMagLoss.sum": {
            "value": 0.044093269016593696,
            "min": 0.04202583283185959,
            "max": 9.261008596420288,
            "count": 250
        },
        "DroneAgent.Losses.PretrainingLoss.mean": {
            "value": 0.0,
            "min": 0.0,
            "max": 1.1392720540364583,
            "count": 250
        },
        "DroneAgent.Losses.PretrainingLoss.sum": {
            "value": 0.0,
            "min": 0.0,
            "max": 1.1392720540364583,
            "count": 250
        }
    },
    "metadata": {
        "timer_format_version": "0.1.0",
        "start_time_seconds": "1697557342",
        "python_version": "3.9.13 (tags/v3.9.13:6de2ca5, May 17 2022, 16:36:42) [MSC v.1929 64 bit (AMD64)]",
        "command_line_arguments": "F:\\Unity projects\\Oblig2\\Drone_MLagents\\venv\\Scripts\\mlagents-learn config/DroneAgent.yaml --run-id=DroneAgentTrackNew",
        "mlagents_version": "0.30.0",
        "mlagents_envs_version": "0.30.0",
        "communication_protocol_version": "1.5.0",
        "pytorch_version": "1.7.1+cu110",