{
    "name": "root",
    "metadata": {
        "timer_format_version": "0.1.0",
        "start_time_seconds": "1696211726",
        "python_version": "3.9.13 (tags/v3.9.13:6de2ca5, May 17 2022, 16:36:42) [MSC v.1929 64 bit (AMD64)]",
        "command_line_arguments": "F:\\Unity projects\\Oblig2\\Drone_MLagents\\venv\\Scripts\\mlagents-learn config/DroneAgent.yaml --run-id=DroneAgentTest6",
        "mlagents_version": "0.30.0",
        "mlagents_envs_version": "0.30.0",
        "communication_protocol_version": "1.5.0",
        "pytorch_version": "2.0.1+cu117",
        "numpy_version": "1.21.2",
        "end_time_seconds": "1696211772"
    },
    "total": 45.6022369,
    "count": 1,
    "self": 0.007831900000006442,
    "children": {
        "run_training.setup": {
            "total": 0.06888289999999997,
            "count": 1,
            "self": 0.06888289999999997
        },
        "TrainerController.start_learning": {
            "total": 45.525522099999996,
            "count": 1,
            "self": 0.05132380000005554,
            "children": {
                "TrainerController._reset_env": {
                    "total": 8.8128043,
                    "count": 1,
                    "self": 8.038195799999999,
                    "children": {
                        "demo_to_buffer": {
                            "total": 0.7746085000000011,
                            "count": 2,
                            "self": 6.999999999912632e-05,
                            "children": {
                                "load_demonstration": {
                                    "total": 0.015824500000000796,
                                    "count": 2,
                                    "self": 0.015687500000002075,
                                    "children": {
                                        "read_file": {
                                            "total": 0.00013699999999872148,
                                            "count": 2,
                                            "self": 0.00013699999999872148
                                        }
                                    }
                                },
                                "make_demo_buffer": {
                                    "total": 0.7587140000000012,
                                    "count": 2,
                                    "self": 0.16725480000008908,
                                    "children": {
                                        "steps_from_proto": {
                                            "total": 0.5914591999999121,
                                            "count": 8880,
                                            "self": 0.3636655999998979,
                                            "children": {
                                                "_process_rank_one_or_two_observation": {
                                                    "total": 0.22779360000001425,
                                                    "count": 17760,
                                                    "self": 0.22779360000001425
                                                }
                                            }
                                        }
                                    }
                                }
                            }
                        }
                    }
                },
                "TrainerController.advance": {
                    "total": 36.57200099999994,
                    "count": 4967,
                    "self": 0.047085899999999015,
                    "children": {
                        "env_step": {
                            "total": 34.03176539999998,
                            "count": 4967,
                            "self": 25.363556500000193,
                            "children": {
                                "SubprocessEnvManager._take_step": {
                                    "total": 8.634027999999814,
                                    "count": 4968,
                                    "self": 0.17825259999980325,
                                    "children": {
                                        "TorchPolicy.evaluate": {
                                            "total": 8.455775400000011,
                                            "count": 4968,
                                            "self": 8.455775400000011
                                        }
                                    }
                                },
                                "workers": {
                                    "total": 0.034180899999977754,
                                    "count": 4966,
                                    "self": 0.0,
                                    "children": {
                                        "worker_root": {
                                            "total": 24.21975130000022,
                                            "count": 4966,
                                            "is_parallel": true,
                                            "self": 15.194124500000258,
                                            "children": {
                                                "steps_from_proto": {
                                                    "total": 0.0002317999999998932,
                                                    "count": 1,
                                                    "is_parallel": true,
                                                    "self": 8.879999999944488e-05,
                                                    "children": {
                                                        "_process_rank_one_or_two_observation": {
                                                            "total": 0.00014300000000044832,
                                                            "count": 2,
                                                            "is_parallel": true,
                                                            "self": 0.00014300000000044832
                                                        }
                                                    }
                                                },
                                                "UnityEnvironment.step": {
                                                    "total": 9.02539499999996,
                                                    "count": 4966,
                                                    "is_parallel": true,
                                                    "self": 0.21297630000004908,
                                                    "children": {
                                                        "UnityEnvironment._generate_step_input": {
                                                            "total": 0.18751020000003216,
                                                            "count": 4966,
                                                            "is_parallel": true,
                                                            "self": 0.18751020000003216
                                                        },
                                                        "communicator.exchange": {
                                                            "total": 8.121373200000017,
                                                            "count": 4966,
                                                            "is_parallel": true,
                                                            "self": 8.121373200000017
                                                        },
                                                        "steps_from_proto": {
                                                            "total": 0.5035352999998626,
                                                            "count": 4966,
                                                            "is_parallel": true,