{
    "name": "root",
    "gauges": {
        "DroneAgent.Policy.Entropy.mean": {
            "value": 1.1777747869491577,
            "min": 1.1777747869491577,
            "max": 1.3682485818862915,
            "count": 3
        },
        "DroneAgent.Policy.Entropy.sum": {
            "value": 22535.54296875,
            "min": 22535.54296875,
            "max": 27780.919921875,
            "count": 3
        },
        "DroneAgent.Step.mean": {
            "value": 59982.0,
            "min": 19984.0,
            "max": 59982.0,
            "count": 3
        },
        "DroneAgent.Step.sum": {
            "value": 59982.0,
            "min": 19984.0,
            "max": 59982.0,
            "count": 3
        },
        "DroneAgent.Policy.ExtrinsicValueEstimate.mean": {
            "value": -0.007144923321902752,
            "min": -0.03665577992796898,
            "max": 0.6331257224082947,
            "count": 3
        },
        "DroneAgent.Policy.ExtrinsicValueEstimate.sum": {
            "value": -2.2863755226135254,
            "min": -11.436603546142578,
            "max": 201.96710205078125,
            "count": 3
        },
        "DroneAgent.Policy.GailValueEstimate.mean": {
            "value": 4.149800777435303,
            "min": 3.2022173404693604,
            "max": 4.149800777435303,
            "count": 3
        },
        "DroneAgent.Policy.GailValueEstimate.sum": {
            "value": 1327.936279296875,
            "min": 999.091796875,
            "max": 1327.936279296875,
            "count": 3
        },
        "DroneAgent.Losses.PolicyLoss.mean": {
            "value": 0.04304118716633335,
            "min": 0.04304118716633335,
            "max": 0.045196639434531484,
            "count": 3
        },
        "DroneAgent.Losses.PolicyLoss.sum": {
            "value": 0.6886589946613336,
            "min": 0.6886589946613336,
            "max": 0.7932977369055152,
            "count": 3
        },
        "DroneAgent.Losses.ValueLoss.mean": {
            "value": 0.37058031583945283,
            "min": 0.07827706822165593,
            "max": 2.1742500896465935,
            "count": 3
        },
        "DroneAgent.Losses.ValueLoss.sum": {
            "value": 5.929285053431245,
            "min": 1.4089872279898068,
            "max": 34.788001434345496,
            "count": 3
        },
        "DroneAgent.Policy.LearningRate.mean": {
            "value": 0.00029699287600237496,
            "min": 0.00029699287600237496,
            "max": 0.00029940978019674,
            "count": 3
        },
        "DroneAgent.Policy.LearningRate.sum": {
            "value": 0.004751886016037999,
            "min": 0.004751886016037999,
            "max": 0.00536749633083456,
            "count": 3
        },
        "DroneAgent.Policy.Epsilon.mean": {
            "value": 0.198997625,
            "min": 0.198997625,
            "max": 0.19980326,
            "count": 3
        },
        "DroneAgent.Policy.Epsilon.sum": {
            "value": 3.183962,
            "min": 3.183962,
            "max": 3.58916544,
            "count": 3
        },
        "DroneAgent.Policy.Beta.mean": {
            "value": 0.0004950883624999999,
            "min": 0.0004950883624999999,
            "max": 0.0004990359739999999,
            "count": 3
        },
        "DroneAgent.Policy.Beta.sum": {
            "value": 0.007921413799999999,
            "min": 0.007921413799999999,
            "max": 0.008946910656000001,
            "count": 3
        },
        "DroneAgent.Policy.GAILPolicyEstimate.mean": {
            "value": 0.038542884197903776,
            "min": 0.038542884197903776,
            "max": 0.11239218666672796,
            "count": 3
        },
        "DroneAgent.Policy.GAILPolicyEstimate.sum": {
            "value": 0.6166861471664604,
            "min": 0.6166861471664604,
            "max": 1.7982749866676473,
            "count": 3
        },
        "DroneAgent.Policy.GAILExpertEstimate.mean": {
            "value": 0.9743135358162579,
            "min": 0.8792716301090662,
            "max": 0.9743135358162579,
            "count": 3
        },
        "DroneAgent.Policy.GAILExpertEstimate.sum": {
            "value": 15.589016573060126,
            "min": 14.068346081745059,
            "max": 17.243256111939747,
            "count": 3
        },
        "DroneAgent.Losses.GAILLoss.mean": {
            "value": 0.06965675493224158,
            "min": 0.06965675493224158,
            "max": 0.2672344440804972,
            "count": 3
        },
        "DroneAgent.Losses.GAILLoss.sum": {
            "value": 1.1145080789158652,
            "min": 1.1145080789158652,
            "max": 4.275751105287955,
            "count": 3
        },
        "DroneAgent.Policy.GAILGradMagLoss.mean": {
            "value": 0.7305183915776157,
            "min": 0.6176625614364942,
            "max": 3.5374888081458353,
            "count": 3
        },
        "DroneAgent.Policy.GAILGradMagLoss.sum": {
            "value": 11.68829426524185,
            "min": 11.117926105856895,
            "max": 56.599820930333365,
            "count": 3
        },
        "DroneAgent.Losses.PretrainingLoss.mean": {
            "value": 0.66809203208257,
            "min": 0.66809203208257,
            "max": 0.95713714003945,
            "count": 3
        },
        "DroneAgent.Losses.PretrainingLoss.sum": {
            "value": 10.68947251332112,
            "min": 10.68947251332112,
            "max": 15.3141942406312,
            "count": 3
        },
        "DroneAgent.Environment.EpisodeLength.mean": {
            "value": 998.0,
            "min": 998.0,
            "max": 999.0,
            "count": 2
        },
        "DroneAgent.Environment.EpisodeLength.sum": {
            "value": 17964.0,
            "min": 17964.0,
            "max": 17982.0,
            "count": 2
        },
        "DroneAgent.Environment.CumulativeReward.mean": {
            "value": 0.0,
            "min": 0.0,
            "max": 0.0,
            "count": 2
        },
        "DroneAgent.Environment.CumulativeReward.sum": {
            "value": 0.0,
            "min": 0.0,
            "max": 0.0,
            "count": 2
        },
        "DroneAgent.Policy.ExtrinsicReward.mean": {
            "value": 0.0,
            "min": 0.0,
            "max": 0.0,
            "count": 2
        },
        "DroneAgent.Policy.ExtrinsicReward.sum": {
            "value": 0.0,
            "min": 0.0,
            "max": 0.0,
            "count": 2
        },
        "DroneAgent.Policy.GailReward.mean": {
            "value": 72.50203638441033,
            "min": 72.50203638441033,
            "max": 73.32310687833362,
            "count": 2
        },
        "DroneAgent.Policy.GailReward.sum": {
            "value": 1305.036654919386,
            "min": 1305.036654919386,
            "max": 1319.8159238100052,
            "count": 2
        },
        "DroneAgent.IsTraining.mean": {
            "value": 1.0,
            "min": 1.0,
            "max": 1.0,
            "count": 3
        },
        "DroneAgent.IsTraining.sum": {
            "value": 1.0,
            "min": 1.0,
            "max": 1.0,
            "count": 3
        }
    },
    "metadata": {
        "timer_format_version": "0.1.0",
        "start_time_seconds": "1696253159",
        "python_version": "3.9.13 (tags/v3.9.13:6de2ca5, May 17 2022, 16:36:42) [MSC v.1929 64 bit (AMD64)]",
        "command_line_arguments": "F:\\Unity projects\\Oblig2\\Drone_MLagents\\venv\\Scripts\\mlagents-learn config/DroneAgent.yaml --run-id=DroneAgentGoalCloneTrainingUp5",
        "mlagents_version": "0.30.0",
        "mlagents_envs_version": "0.30.0",
        "communication_protocol_version": "1.5.0",
        "pytorch_version": "2.0.1+cu117",
        "numpy_version": "1.21.2",
        "end_time_seconds": "1696253388"
    },
    "total": 229.5515528,
    "count": 1,
    "self": 0.005992499999990741,