{
    "name": "root",
    "gauges": {
        "DroneAgent.Policy.Entropy.mean": {
            "value": 1.1586140394210815,
            "min": 1.058344841003418,
            "max": 1.1586953401565552,
            "count": 173
        },
        "DroneAgent.Policy.Entropy.sum": {
            "value": 11655.6572265625,
            "min": 10437.6669921875,
            "max": 12190.759765625,
            "count": 173
        },
        "DroneAgent.Step.mean": {
            "value": 1729959.0,
            "min": 9980.0,
            "max": 1729959.0,
            "count": 173
        },
        "DroneAgent.Step.sum": {
            "value": 1729959.0,
            "min": 9980.0,
            "max": 1729959.0,
            "count": 173
        },
        "DroneAgent.Policy.ExtrinsicValueEstimate.mean": {
            "value": 2.042968511581421,
            "min": 0.23659279942512512,
            "max": 2.042968511581421,
            "count": 173
        },
        "DroneAgent.Policy.ExtrinsicValueEstimate.sum": {
            "value": 326.8749694824219,
            "min": 39.037811279296875,
            "max": 326.8749694824219,
            "count": 173
        },
        "DroneAgent.Policy.GailValueEstimate.mean": {
            "value": -0.0072822971269488335,
            "min": -0.014928712509572506,
            "max": 1.2092258930206299,
            "count": 173
        },
        "DroneAgent.Policy.GailValueEstimate.sum": {
            "value": -1.1651675701141357,
            "min": -2.3736653327941895,
            "max": 191.0576934814453,
            "count": 173
        },
        "DroneAgent.Environment.EpisodeLength.mean": {
            "value": 499.0,
            "min": 315.0,
            "max": 1392.5263157894738,
            "count": 172
        },
        "DroneAgent.Environment.EpisodeLength.sum": {
            "value": 9980.0,
            "min": 315.0,
            "max": 26458.0,
            "count": 172
        },
        "DroneAgent.Environment.CumulativeReward.mean": {
            "value": 12.952126799616963,
            "min": -1.1133964521810413,
            "max": 15.385756779123437,
            "count": 173
        },
        "DroneAgent.Environment.CumulativeReward.sum": {
            "value": 259.04253599233925,
            "min": -13.397388284094632,
            "max": 305.878942691721,
            "count": 173
        },
        "DroneAgent.Policy.ExtrinsicReward.mean": {
            "value": 12.952126799616963,
            "min": -1.1133964521810413,
            "max": 15.385756779123437,
            "count": 173
        },
        "DroneAgent.Policy.ExtrinsicReward.sum": {
            "value": 259.04253599233925,
            "min": -13.397388284094632,
            "max": 305.878942691721,
            "count": 173
        },
        "DroneAgent.Policy.GailReward.mean": {
            "value": 0.10324627487282942,
            "min": 0.0011089593941832224,
            "max": 70.55476329407793,
            "count": 173
        },
        "DroneAgent.Policy.GailReward.sum": {
            "value": 2.0649254974565885,
            "min": 0.015525431518565114,
            "max": 1340.5405025874807,
            "count": 173
        },
        "DroneAgent.IsTraining.mean": {
            "value": 1.0,
            "min": 1.0,
            "max": 1.0,
            "count": 173
        },
        "DroneAgent.IsTraining.sum": {
            "value": 1.0,
            "min": 1.0,
            "max": 1.0,
            "count": 173
        },
        "DroneAgent.Losses.PolicyLoss.mean": {
            "value": 0.08948080777190626,
            "min": 0.06370289913611486,
            "max": 0.1359234691830352,
            "count": 86
        },
        "DroneAgent.Losses.PolicyLoss.sum": {
            "value": 0.08948080777190626,
            "min": 0.06370289913611486,
            "max": 0.1359234691830352,
            "count": 86
        },
        "DroneAgent.Losses.ValueLoss.mean": {
            "value": 0.024064732319675385,
            "min": 0.0025042196532012893,
            "max": 0.3076117768883705,
            "count": 86
        },
        "DroneAgent.Losses.ValueLoss.sum": {
            "value": 0.024064732319675385,
            "min": 0.0025042196532012893,
            "max": 0.3076117768883705,
            "count": 86
        },
        "DroneAgent.Policy.LearningRate.mean": {
            "value": 0.0006553906344609401,
            "min": 0.0006553906344609401,
            "max": 0.0009959020004098,
            "count": 86
        },
        "DroneAgent.Policy.LearningRate.sum": {
            "value": 0.0006553906344609401,
            "min": 0.0006553906344609401,
            "max": 0.0009959020004098,
            "count": 86
        },
        "DroneAgent.Policy.Epsilon.mean": {
            "value": 0.16553906000000002,
            "min": 0.16553906000000002,
            "max": 0.1995902,
            "count": 86
        },
        "DroneAgent.Policy.Epsilon.sum": {
            "value": 0.16553906000000002,
            "min": 0.16553906000000002,
            "max": 0.1995902,
            "count": 86
        },
        "DroneAgent.Policy.Beta.mean": {
            "value": 0.01,
            "min": 0.01,
            "max": 0.01,
            "count": 86
        },
        "DroneAgent.Policy.Beta.sum": {
            "value": 0.01,
            "min": 0.01,
            "max": 0.01,
            "count": 86
        },
        "DroneAgent.Policy.GAILPolicyEstimate.mean": {
            "value": 0.00042669697463679766,
            "min": 5.252228257859315e-05,
            "max": 0.021323118056170643,
            "count": 86
        },
        "DroneAgent.Policy.GAILPolicyEstimate.sum": {
            "value": 0.00042669697463679766,
            "min": 5.252228257859315e-05,
            "max": 0.021323118056170643,
            "count": 86
        },
        "DroneAgent.Policy.GAILExpertEstimate.mean": {
            "value": 0.9999491393566131,
            "min": 0.9993617191910744,
            "max": 0.9999915972352028,
            "count": 86
        },
        "DroneAgent.Policy.GAILExpertEstimate.sum": {
            "value": 0.9999491393566131,
            "min": 0.9993617191910744,
            "max": 0.9999915972352028,
            "count": 86
        },
        "DroneAgent.Losses.GAILLoss.mean": {
            "value": 0.0005154144988409826,
            "min": 6.977916314099275e-05,
            "max": 0.02549289404123556,
            "count": 86
        },
        "DroneAgent.Losses.GAILLoss.sum": {
            "value": 0.0005154144988409826,
            "min": 6.977916314099275e-05,
            "max": 0.02549289404123556,
            "count": 86
        },
        "DroneAgent.Policy.GAILGradMagLoss.mean": {
            "value": 0.004263258064747788,
            "min": 0.0018628098492627031,
            "max": 0.10574933411553503,
            "count": 86
        },
        "DroneAgent.Policy.GAILGradMagLoss.sum": {
            "value": 0.004263258064747788,
            "min": 0.0018628098492627031,
            "max": 0.10574933411553503,
            "count": 86
        },
        "DroneAgent.Losses.PretrainingLoss.mean": {
            "value": 0.0,
            "min": 0.0,
            "max": 2.128728743755456,
            "count": 86
        },
        "DroneAgent.Losses.PretrainingLoss.sum": {
            "value": 0.0,
            "min": 0.0,
            "max": 2.128728743755456,
            "count": 86
        }
    },
    "metadata": {
        "timer_format_version": "0.1.0",
        "start_time_seconds": "1699634388",
        "python_version": "3.9.13 (tags/v3.9.13:6de2ca5, May 17 2022, 16:36:42) [MSC v.1929 64 bit (AMD64)]",
        "command_line_arguments": "C:\\Users\\thoma\\AppData\\Local\\Programs\\Python\\Python39\\Scripts\\mlagents-learn config\\DroneAgent.yaml --initialize-from=DroneAgentNew5 --run-id=DroneAgentNew6",
        "mlagents_version": "0.30.0",
        "mlagents_envs_version": "0.30.0",