{
    "name": "root",
    "gauges": {
        "DroneAgent.Policy.Entropy.mean": {
            "value": 6.112513065338135,
            "min": 5.8966546058654785,
            "max": 6.112513065338135,
            "count": 500
        },
        "DroneAgent.Policy.Entropy.sum": {
            "value": 61742.4921875,
            "min": 54314.6953125,
            "max": 64778.734375,
            "count": 500
        },
        "DroneAgent.Step.mean": {
            "value": 4999974.0,
            "min": 9984.0,
            "max": 4999974.0,
            "count": 500
        },
        "DroneAgent.Step.sum": {
            "value": 4999974.0,
            "min": 9984.0,
            "max": 4999974.0,
            "count": 500
        },
        "DroneAgent.Policy.ExtrinsicValueEstimate.mean": {
            "value": 0.8207792043685913,
            "min": -0.2124519795179367,
            "max": 1.1204019784927368,
            "count": 500
        },
        "DroneAgent.Policy.ExtrinsicValueEstimate.sum": {
            "value": 131.32467651367188,
            "min": -33.99231719970703,
            "max": 174.78271484375,
            "count": 500
        },
        "DroneAgent.Policy.GailValueEstimate.mean": {
            "value": 0.0025758345145732164,
            "min": -0.2161141186952591,
            "max": 0.03193353861570358,
            "count": 500
        },
        "DroneAgent.Policy.GailValueEstimate.sum": {
            "value": 0.41213351488113403,
            "min": -33.92991638183594,
            "max": 5.109366416931152,
            "count": 500
        },
        "DroneAgent.IsTraining.mean": {
            "value": 1.0,
            "min": 1.0,
            "max": 1.0,
            "count": 500
        },
        "DroneAgent.IsTraining.sum": {
            "value": 1.0,
            "min": 1.0,
            "max": 1.0,
            "count": 500
        },
        "DroneAgent.Environment.EpisodeLength.mean": {
            "value": 749.0,
            "min": 603.1818181818181,
            "max": 749.0,
            "count": 498
        },
        "DroneAgent.Environment.EpisodeLength.sum": {
            "value": 9737.0,
            "min": 1335.0,
            "max": 15729.0,
            "count": 498
        },
        "DroneAgent.Environment.CumulativeReward.mean": {
            "value": 7.0007197719353895,
            "min": -3.268124917987734,
            "max": 7.896194709549573,
            "count": 498
        },
        "DroneAgent.Environment.CumulativeReward.sum": {
            "value": 91.00935703516006,
            "min": -56.83883546479046,
            "max": 122.16746724536642,
            "count": 498
        },
        "DroneAgent.Policy.ExtrinsicReward.mean": {
            "value": 7.0007197719353895,
            "min": -3.268124917987734,
            "max": 7.896194709549573,
            "count": 498
        },
        "DroneAgent.Policy.ExtrinsicReward.sum": {
            "value": 91.00935703516006,
            "min": -56.83883546479046,
            "max": 122.16746724536642,
            "count": 498
        },
        "DroneAgent.Policy.GailReward.mean": {
            "value": 0.004197093439005291,
            "min": 1.90602513376477e-06,
            "max": 0.3186931340502579,
            "count": 498
        },
        "DroneAgent.Policy.GailReward.sum": {
            "value": 0.05456221470706879,
            "min": 2.096627647141247e-05,
            "max": 6.692555815055416,
            "count": 498
        },
        "DroneAgent.Losses.PolicyLoss.mean": {
            "value": 0.07291659869079012,
            "min": 0.05301048993133008,
            "max": 0.11006333421682939,
            "count": 248
        },
        "DroneAgent.Losses.PolicyLoss.sum": {
            "value": 0.07291659869079012,
            "min": 0.05301048993133008,
            "max": 0.11006333421682939,
            "count": 248
        },
        "DroneAgent.Losses.ValueLoss.mean": {
            "value": 0.0037406362418550996,
            "min": 0.003608909985632636,
            "max": 0.021023214142769576,
            "count": 248
        },
        "DroneAgent.Losses.ValueLoss.sum": {
            "value": 0.0037406362418550996,
            "min": 0.003608909985632636,
            "max": 0.021023214142769576,
            "count": 248
        },
        "DroneAgent.Policy.LearningRate.mean": {
            "value": 3.876099612399991e-06,
            "min": 3.876099612399991e-06,
            "max": 0.00099577480042252,
            "count": 248
        },
        "DroneAgent.Policy.LearningRate.sum": {
            "value": 3.876099612399991e-06,
            "min": 3.876099612399991e-06,
            "max": 0.00099577480042252,
            "count": 248
        },
        "DroneAgent.Policy.Epsilon.mean": {
            "value": 0.1003876,
            "min": 0.1003876,
            "max": 0.19957748,
            "count": 248
        },
        "DroneAgent.Policy.Epsilon.sum": {
            "value": 0.1003876,
            "min": 0.1003876,
            "max": 0.19957748,
            "count": 248
        },
        "DroneAgent.Policy.Beta.mean": {
            "value": 0.01,
            "min": 0.01,
            "max": 0.01,
            "count": 248
        },
        "DroneAgent.Policy.Beta.sum": {
            "value": 0.01,
            "min": 0.01,
            "max": 0.01,
            "count": 248
        },
        "DroneAgent.Policy.GAILPolicyEstimate.mean": {
            "value": 4.137464911968536e-05,
            "min": 1.8066338169475671e-06,
            "max": 0.0010902714330392582,
            "count": 248
        },
        "DroneAgent.Policy.GAILPolicyEstimate.sum": {
            "value": 4.137464911968536e-05,
            "min": 1.8066338169475671e-06,
            "max": 0.0010902714330392582,
            "count": 248
        },
        "DroneAgent.Policy.GAILExpertEstimate.mean": {
            "value": 0.999996842443943,
            "min": 0.9998182758688927,
            "max": 0.9999999940395355,
            "count": 248
        },
        "DroneAgent.Policy.GAILExpertEstimate.sum": {
            "value": 0.999996842443943,
            "min": 0.9998182758688927,
            "max": 0.9999999940395355,
            "count": 248
        },
        "DroneAgent.Losses.GAILLoss.mean": {
            "value": 4.522853974666674e-05,
            "min": 1.6297223375261183e-06,
            "max": 0.001388735784236772,
            "count": 248
        },
        "DroneAgent.Losses.GAILLoss.sum": {
            "value": 4.522853974666674e-05,
            "min": 1.6297223375261183e-06,
            "max": 0.001388735784236772,
            "count": 248
        },
        "DroneAgent.Policy.GAILGradMagLoss.mean": {
            "value": 5.8410843939782354e-05,
            "min": 3.842099417852296e-05,
            "max": 0.06501822603404435,
            "count": 248
        },
        "DroneAgent.Policy.GAILGradMagLoss.sum": {
            "value": 5.8410843939782354e-05,
            "min": 3.842099417852296e-05,
            "max": 0.06501822603404435,
            "count": 248
        },
        "DroneAgent.Losses.PretrainingLoss.mean": {
            "value": 0.0,
            "min": 0.0,
            "max": 23860.96506076389,
            "count": 248
        },
        "DroneAgent.Losses.PretrainingLoss.sum": {
            "value": 0.0,
            "min": 0.0,
            "max": 23860.96506076389,
            "count": 248
        }
    },
    "metadata": {
        "timer_format_version": "0.1.0",
        "start_time_seconds": "1700107664",
        "python_version": "3.9.13 (tags/v3.9.13:6de2ca5, May 17 2022, 16:36:42) [MSC v.1929 64 bit (AMD64)]",
        "command_line_arguments": "C:\\Users\\thoma\\AppData\\Local\\Programs\\Python\\Python39\\Scripts\\mlagents-learn config\\DroneAgent.yaml --initialize-from=DroneAgentMG12 --run-id=DroneAgentMG13",
        "mlagents_version": "0.30.0",
        "mlagents_envs_version": "0.30.0",
        "communication_protocol_version": "1.5.0",