{
    "name": "root",
    "gauges": {
        "DroneAgent.Policy.Entropy.mean": {
            "value": 11.904233932495117,
            "min": 11.075529098510742,
            "max": 11.904233932495117,
            "count": 424
        },
        "DroneAgent.Policy.Entropy.sum": {
            "value": 120244.6640625,
            "min": 104198.578125,
            "max": 124640.09375,
            "count": 424
        },
        "DroneAgent.Step.mean": {
            "value": 4239993.0,
            "min": 9984.0,
            "max": 4239993.0,
            "count": 424
        },
        "DroneAgent.Step.sum": {
            "value": 4239993.0,
            "min": 9984.0,
            "max": 4239993.0,
            "count": 424
        },
        "DroneAgent.Policy.ExtrinsicValueEstimate.mean": {
            "value": -0.4729330837726593,
            "min": -0.5451481342315674,
            "max": 0.2714248597621918,
            "count": 424
        },
        "DroneAgent.Policy.ExtrinsicValueEstimate.sum": {
            "value": -76.14222717285156,
            "min": -88.31399536132812,
            "max": 42.613704681396484,
            "count": 424
        },
        "DroneAgent.Policy.GailValueEstimate.mean": {
            "value": -0.0001545907580293715,
            "min": -0.0012197776231914759,
            "max": 0.009665385819971561,
            "count": 424
        },
        "DroneAgent.Policy.GailValueEstimate.sum": {
            "value": -0.024889111518859863,
            "min": -0.1976039707660675,
            "max": 1.5078002214431763,
            "count": 424
        },
        "DroneAgent.IsTraining.mean": {
            "value": 1.0,
            "min": 1.0,
            "max": 1.0,
            "count": 424
        },
        "DroneAgent.IsTraining.sum": {
            "value": 1.0,
            "min": 1.0,
            "max": 1.0,
            "count": 424
        },
        "DroneAgent.Environment.EpisodeLength.mean": {
            "value": 876.0833333333334,
            "min": 481.5,
            "max": 4999.0,
            "count": 404
        },
        "DroneAgent.Environment.EpisodeLength.sum": {
            "value": 10513.0,
            "min": 497.0,
            "max": 54989.0,
            "count": 404
        },
        "DroneAgent.Environment.CumulativeReward.mean": {
            "value": -3.089005024948468,
            "min": -5.196414299309254,
            "max": 5.276620206597727,
            "count": 403
        },
        "DroneAgent.Environment.CumulativeReward.sum": {
            "value": -37.068060299381614,
            "min": -75.97819621302187,
            "max": 28.622914631676394,
            "count": 403
        },
        "DroneAgent.Policy.ExtrinsicReward.mean": {
            "value": -3.089005024948468,
            "min": -5.196414299309254,
            "max": 5.276620206597727,
            "count": 403
        },
        "DroneAgent.Policy.ExtrinsicReward.sum": {
            "value": -37.068060299381614,
            "min": -75.97819621302187,
            "max": 28.622914631676394,
            "count": 403
        },
        "DroneAgent.Policy.GailReward.mean": {
            "value": 0.0004596159175876506,
            "min": 7.75906323028692e-05,
            "max": 0.040024093302902686,
            "count": 403
        },
        "DroneAgent.Policy.GailReward.sum": {
            "value": 0.005515391011051807,
            "min": 0.0001787262250789734,
            "max": 0.1563269290308661,
            "count": 403
        },
        "DroneAgent.Losses.PolicyLoss.mean": {
            "value": 0.06752903645392508,
            "min": 0.0525145543506369,
            "max": 0.12295523795764893,
            "count": 210
        },
        "DroneAgent.Losses.PolicyLoss.sum": {
            "value": 0.06752903645392508,
            "min": 0.0525145543506369,
            "max": 0.12295523795764893,
            "count": 210
        },
        "DroneAgent.Losses.ValueLoss.mean": {
            "value": 0.011957331863231956,
            "min": 0.0011568038557015826,
            "max": 0.013684901478700339,
            "count": 210
        },
        "DroneAgent.Losses.ValueLoss.sum": {
            "value": 0.011957331863231956,
            "min": 0.0011568038557015826,
            "max": 0.013684901478700339,
            "count": 210
        },
        "DroneAgent.Policy.LearningRate.mean": {
            "value": 0.00015348488465152,
            "min": 0.00015348488465152,
            "max": 0.0009957170004282999,
            "count": 210
        },
        "DroneAgent.Policy.LearningRate.sum": {
            "value": 0.00015348488465152,
            "min": 0.00015348488465152,
            "max": 0.0009957170004282999,
            "count": 210
        },
        "DroneAgent.Policy.Epsilon.mean": {
            "value": 0.11534848,
            "min": 0.11534848,
            "max": 0.19957170000000002,
            "count": 210
        },
        "DroneAgent.Policy.Epsilon.sum": {
            "value": 0.11534848,
            "min": 0.11534848,
            "max": 0.19957170000000002,
            "count": 210
        },
        "DroneAgent.Policy.Beta.mean": {
            "value": 0.01,
            "min": 0.01,
            "max": 0.01,
            "count": 210
        },
        "DroneAgent.Policy.Beta.sum": {
            "value": 0.01,
            "min": 0.01,
            "max": 0.01,
            "count": 210
        },
        "DroneAgent.Policy.GAILPolicyEstimate.mean": {
            "value": 3.8708917483631924e-05,
            "min": 1.1336169837772302e-05,
            "max": 0.00027734454438359534,
            "count": 210
        },
        "DroneAgent.Policy.GAILPolicyEstimate.sum": {
            "value": 3.8708917483631924e-05,
            "min": 1.1336169837772302e-05,
            "max": 0.00027734454438359534,
            "count": 210
        },
        "DroneAgent.Policy.GAILExpertEstimate.mean": {
            "value": 0.9999678552150726,
            "min": 0.9997695490717888,
            "max": 0.9999978721141816,
            "count": 210
        },
        "DroneAgent.Policy.GAILExpertEstimate.sum": {
            "value": 0.9999678552150726,
            "min": 0.9997695490717888,
            "max": 0.9999978721141816,
            "count": 210
        },
        "DroneAgent.Losses.GAILLoss.mean": {
            "value": 7.159198935369204e-05,
            "min": 2.7717094781110063e-05,
            "max": 0.0005076080978142272,
            "count": 210
        },
        "DroneAgent.Losses.GAILLoss.sum": {
            "value": 7.159198935369204e-05,
            "min": 2.7717094781110063e-05,
            "max": 0.0005076080978142272,
            "count": 210
        },
        "DroneAgent.Policy.GAILGradMagLoss.mean": {
            "value": 0.0003432696140407643,
            "min": 0.00011480403672976535,
            "max": 0.0008929978437663521,
            "count": 210
        },
        "DroneAgent.Policy.GAILGradMagLoss.sum": {
            "value": 0.0003432696140407643,
            "min": 0.00011480403672976535,
            "max": 0.0008929978437663521,
            "count": 210
        },
        "DroneAgent.Losses.PretrainingLoss.mean": {
            "value": 0.0,
            "min": 0.0,
            "max": 10001408948.148148,
            "count": 210
        },
        "DroneAgent.Losses.PretrainingLoss.sum": {
            "value": 0.0,
            "min": 0.0,
            "max": 10001408948.148148,
            "count": 210
        }
    },
    "metadata": {
        "timer_format_version": "0.1.0",
        "start_time_seconds": "1699552472",
        "python_version": "3.9.13 (tags/v3.9.13:6de2ca5, May 17 2022, 16:36:42) [MSC v.1929 64 bit (AMD64)]",
        "command_line_arguments": "C:\\Users\\thoma\\AppData\\Local\\Programs\\Python\\Python39\\Scripts\\mlagents-learn config\\DroneAgent.yaml --initialize-from=DroneAgentFast --run-id=DroneAgentFast1",
        "mlagents_version": "0.30.0",
        "mlagents_envs_version": "0.30.0",