{
    "name": "root",
    "gauges": {
        "DroneAgent.Policy.Entropy.mean": {
            "value": -5.2711992263793945,
            "min": -5.2711992263793945,
            "max": 1.3806743621826172,
            "count": 250
        },
        "DroneAgent.Policy.Entropy.sum": {
            "value": -105065.546875,
            "min": -106024.5546875,
            "max": 27823.349609375,
            "count": 250
        },
        "DroneAgent.Step.mean": {
            "value": 4999971.0,
            "min": 19972.0,
            "max": 4999971.0,
            "count": 250
        },
        "DroneAgent.Step.sum": {
            "value": 4999971.0,
            "min": 19972.0,
            "max": 4999971.0,
            "count": 250
        },
        "DroneAgent.Policy.ExtrinsicValueEstimate.mean": {
            "value": 0.017940755933523178,
            "min": -1.530450463294983,
            "max": 0.163736492395401,
            "count": 250
        },
        "DroneAgent.Policy.ExtrinsicValueEstimate.sum": {
            "value": 5.7589826583862305,
            "min": -485.1528015136719,
            "max": 52.72315216064453,
            "count": 250
        },
        "DroneAgent.Policy.GailValueEstimate.mean": {
            "value": 0.35721835494041443,
            "min": 0.2091771811246872,
            "max": 17.141084671020508,
            "count": 250
        },
        "DroneAgent.Policy.GailValueEstimate.sum": {
            "value": 114.6670913696289,
            "min": 66.93669891357422,
            "max": 5433.7236328125,
            "count": 250
        },
        "DroneAgent.Losses.PolicyLoss.mean": {
            "value": 0.08224636264014662,
            "min": 0.03802163719794609,
            "max": 0.3854596520765897,
            "count": 250
        },
        "DroneAgent.Losses.PolicyLoss.sum": {
            "value": 1.5626808901627858,
            "min": 0.618911101987275,
            "max": 7.323733389455205,
            "count": 250
        },
        "DroneAgent.Losses.ValueLoss.mean": {
            "value": 0.006974922656873036,
            "min": 0.0009886315289022922,
            "max": 2.2973558682770956,
            "count": 250
        },
        "DroneAgent.Losses.ValueLoss.sum": {
            "value": 0.13252353048058768,
            "min": 0.018783999049143553,
            "max": 32.16298215587934,
            "count": 250
        },
        "DroneAgent.Policy.LearningRate.mean": {
            "value": 5.855292785410514e-07,
            "min": 5.855292785410514e-07,
            "max": 0.00029937521163683425,
            "count": 250
        },
        "DroneAgent.Policy.LearningRate.sum": {
            "value": 1.1125056292279975e-05,
            "min": 1.1125056292279975e-05,
            "max": 0.005438119467293539,
            "count": 250
        },
        "DroneAgent.Policy.Epsilon.mean": {
            "value": 0.10019514315789474,
            "min": 0.10019514315789474,
            "max": 0.19979173714285717,
            "count": 250
        },
        "DroneAgent.Policy.Epsilon.sum": {
            "value": 1.90370772,
            "min": 1.8179060599999999,
            "max": 3.71270646,
            "count": 250
        },
        "DroneAgent.Policy.Beta.mean": {
            "value": 1.095620147368421e-05,
            "min": 1.095620147368421e-05,
            "max": 0.000498979512,
            "count": 250
        },
        "DroneAgent.Policy.Beta.sum": {
            "value": 0.00020816782799999999,
            "min": 0.00020816782799999999,
            "max": 0.009072261654,
            "count": 250
        },
        "DroneAgent.Policy.GAILPolicyEstimate.mean": {
            "value": 0.007884378353003084,
            "min": 0.004566682695121128,
            "max": 0.30522096898584145,
            "count": 250
        },
        "DroneAgent.Policy.GAILPolicyEstimate.sum": {
            "value": 0.1498031887070586,
            "min": 0.0862502338422928,
            "max": 4.27309356580178,
            "count": 250
        },
        "DroneAgent.Policy.GAILExpertEstimate.mean": {
            "value": 0.9991122507735303,
            "min": 0.733981711098126,
            "max": 0.9995265775605252,
            "count": 250
        },
        "DroneAgent.Policy.GAILExpertEstimate.sum": {
            "value": 18.983132764697075,
            "min": 10.275743955373764,
            "max": 18.99100497364998,
            "count": 250
        },
        "DroneAgent.Losses.GAILLoss.mean": {
            "value": 0.009072542282458589,
            "min": 0.005173334477085358,
            "max": 0.7043511236707369,
            "count": 250
        },
        "DroneAgent.Losses.GAILLoss.sum": {
            "value": 0.1723783033667132,
            "min": 0.0982933550646218,
            "max": 9.860915731390318,
            "count": 250
        },
        "DroneAgent.Policy.GAILGradMagLoss.mean": {
            "value": 0.01808899863859998,
            "min": 0.01422912001470921,
            "max": 2.4137213455779216,
            "count": 250
        },
        "DroneAgent.Policy.GAILGradMagLoss.sum": {
            "value": 0.3436909741333996,
            "min": 0.270353280279475,
            "max": 33.7920988380909,
            "count": 250
        },
        "DroneAgent.Losses.PretrainingLoss.mean": {
            "value": 0.09390062356247889,
            "min": 0.09390062356247889,
            "max": 1.064272519969751,
            "count": 250
        },
        "DroneAgent.Losses.PretrainingLoss.sum": {
            "value": 1.7841118476870987,
            "min": 1.6930981667505367,
            "max": 14.899815279576513,
            "count": 250
        },
        "DroneAgent.Environment.EpisodeLength.mean": {
            "value": 926.7826086956521,
            "min": 719.72,
            "max": 999.0,
            "count": 250
        },
        "DroneAgent.Environment.EpisodeLength.sum": {
            "value": 21316.0,
            "min": 11256.0,
            "max": 23248.0,
            "count": 250
        },
        "DroneAgent.Environment.CumulativeReward.mean": {
            "value": 0.08695652173913043,
            "min": 0.0,
            "max": 0.32,
            "count": 250
        },
        "DroneAgent.Environment.CumulativeReward.sum": {
            "value": 2.0,
            "min": 0.0,
            "max": 8.0,
            "count": 250
        },
        "DroneAgent.Policy.ExtrinsicReward.mean": {
            "value": 0.08695652173913043,
            "min": 0.0,
            "max": 0.32,
            "count": 250
        },
        "DroneAgent.Policy.ExtrinsicReward.sum": {
            "value": 2.0,
            "min": 0.0,
            "max": 8.0,
            "count": 250
        },
        "DroneAgent.Policy.GailReward.mean": {
            "value": 4.513099645294816,
            "min": 1.7678587316103014,
            "max": 196.30753675475717,
            "count": 250
        },
        "DroneAgent.Policy.GailReward.sum": {
            "value": 103.80129184178077,
            "min": 37.12503336381633,
            "max": 3456.686037302017,
            "count": 250
        },
        "DroneAgent.IsTraining.mean": {
            "value": 1.0,
            "min": 1.0,
            "max": 1.0,
            "count": 250
        },
        "DroneAgent.IsTraining.sum": {
            "value": 1.0,
            "min": 1.0,
            "max": 1.0,
            "count": 250
        }
    },
    "metadata": {
        "timer_format_version": "0.1.0",
        "start_time_seconds": "1696217984",
        "python_version": "3.9.13 (tags/v3.9.13:6de2ca5, May 17 2022, 16:36:42) [MSC v.1929 64 bit (AMD64)]",
        "command_line_arguments": "F:\\Unity projects\\Oblig2\\Drone_MLagents\\venv\\Scripts\\mlagents-learn config/DroneAgent.yaml --run-id=DroneAgentGoalCloneTraining1",
        "mlagents_version": "0.30.0",
        "mlagents_envs_version": "0.30.0",
        "communication_protocol_version": "1.5.0",
        "pytorch_version": "2.0.1+cu117",