{
    "name": "root",
    "gauges": {
        "DroneAgent.Policy.Entropy.mean": {
            "value": 9.856858253479004,
            "min": 9.498703956604004,
            "max": 9.856858253479004,
            "count": 500
        },
        "DroneAgent.Policy.Entropy.sum": {
            "value": 99357.1328125,
            "min": 91559.703125,
            "max": 102578.921875,
            "count": 500
        },
        "DroneAgent.Step.mean": {
            "value": 4999982.0,
            "min": 9950.0,
            "max": 4999982.0,
            "count": 500
        },
        "DroneAgent.Step.sum": {
            "value": 4999982.0,
            "min": 9950.0,
            "max": 4999982.0,
            "count": 500
        },
        "DroneAgent.Policy.ExtrinsicValueEstimate.mean": {
            "value": 0.5138758420944214,
            "min": -0.1359124481678009,
            "max": 0.6117228269577026,
            "count": 500
        },
        "DroneAgent.Policy.ExtrinsicValueEstimate.sum": {
            "value": 82.7340087890625,
            "min": -21.88190460205078,
            "max": 97.87564849853516,
            "count": 500
        },
        "DroneAgent.Policy.GailValueEstimate.mean": {
            "value": 0.0019312020158395171,
            "min": -0.0038478884380310774,
            "max": 0.1524542272090912,
            "count": 500
        },
        "DroneAgent.Policy.GailValueEstimate.sum": {
            "value": 0.3109235167503357,
            "min": -0.6079663634300232,
            "max": 25.15494728088379,
            "count": 500
        },
        "DroneAgent.Environment.EpisodeLength.mean": {
            "value": 999.0,
            "min": 369.0,
            "max": 999.0,
            "count": 500
        },
        "DroneAgent.Environment.EpisodeLength.sum": {
            "value": 10989.0,
            "min": 1764.0,
            "max": 19048.0,
            "count": 500
        },
        "DroneAgent.Environment.CumulativeReward.mean": {
            "value": 5.893634925681082,
            "min": -1.7033861689269543,
            "max": 6.871768084261566,
            "count": 500
        },
        "DroneAgent.Environment.CumulativeReward.sum": {
            "value": 64.8299841824919,
            "min": -18.500487229786813,
            "max": 90.12322214990854,
            "count": 500
        },
        "DroneAgent.Policy.ExtrinsicReward.mean": {
            "value": 5.893634925681082,
            "min": -1.7033861689269543,
            "max": 6.871768084261566,
            "count": 500
        },
        "DroneAgent.Policy.ExtrinsicReward.sum": {
            "value": 64.8299841824919,
            "min": -18.500487229786813,
            "max": 90.12322214990854,
            "count": 500
        },
        "DroneAgent.Policy.GailReward.mean": {
            "value": 0.01033358054006328,
            "min": 2.334145013982436e-05,
            "max": 7.546861994111861,
            "count": 500
        },
        "DroneAgent.Policy.GailReward.sum": {
            "value": 0.11366938594069609,
            "min": 0.00016339015097877052,
            "max": 166.03096387046094,
            "count": 500
        },
        "DroneAgent.IsTraining.mean": {
            "value": 1.0,
            "min": 1.0,
            "max": 1.0,
            "count": 500
        },
        "DroneAgent.IsTraining.sum": {
            "value": 1.0,
            "min": 1.0,
            "max": 1.0,
            "count": 500
        },
        "DroneAgent.Losses.PolicyLoss.mean": {
            "value": 0.07388785651419312,
            "min": 0.053976086818875044,
            "max": 0.12142189356964081,
            "count": 249
        },
        "DroneAgent.Losses.PolicyLoss.sum": {
            "value": 0.07388785651419312,
            "min": 0.053976086818875044,
            "max": 0.12142189356964081,
            "count": 249
        },
        "DroneAgent.Losses.ValueLoss.mean": {
            "value": 0.005910660704830662,
            "min": 0.004277993811410852,
            "max": 0.027416153624653817,
            "count": 249
        },
        "DroneAgent.Losses.ValueLoss.sum": {
            "value": 0.005910660704830662,
            "min": 0.004277993811410852,
            "max": 0.027416153624653817,
            "count": 249
        },
        "DroneAgent.Policy.LearningRate.mean": {
            "value": 3.860899613919998e-06,
            "min": 3.860899613919998e-06,
            "max": 0.0009958710004129,
            "count": 249
        },
        "DroneAgent.Policy.LearningRate.sum": {
            "value": 3.860899613919998e-06,
            "min": 3.860899613919998e-06,
            "max": 0.0009958710004129,
            "count": 249
        },
        "DroneAgent.Policy.Epsilon.mean": {
            "value": 0.10038608,
            "min": 0.10038608,
            "max": 0.19958710000000002,
            "count": 249
        },
        "DroneAgent.Policy.Epsilon.sum": {
            "value": 0.10038608,
            "min": 0.10038608,
            "max": 0.19958710000000002,
            "count": 249
        },
        "DroneAgent.Policy.Beta.mean": {
            "value": 0.01,
            "min": 0.01,
            "max": 0.01,
            "count": 249
        },
        "DroneAgent.Policy.Beta.sum": {
            "value": 0.01,
            "min": 0.01,
            "max": 0.01,
            "count": 249
        },
        "DroneAgent.Policy.GAILPolicyEstimate.mean": {
            "value": 0.00013591021520227288,
            "min": 1.8499216502121386e-05,
            "max": 0.004993799121439224,
            "count": 249
        },
        "DroneAgent.Policy.GAILPolicyEstimate.sum": {
            "value": 0.00013591021520227288,
            "min": 1.8499216502121386e-05,
            "max": 0.004993799121439224,
            "count": 249
        },
        "DroneAgent.Policy.GAILExpertEstimate.mean": {
            "value": 0.9999917969107628,
            "min": 0.9997578412294388,
            "max": 0.9999999880790711,
            "count": 249
        },
        "DroneAgent.Policy.GAILExpertEstimate.sum": {
            "value": 0.9999917969107628,
            "min": 0.9997578412294388,
            "max": 0.9999999880790711,
            "count": 249
        },
        "DroneAgent.Losses.GAILLoss.mean": {
            "value": 0.00015220456723454844,
            "min": 1.9076180520016807e-05,
            "max": 0.005755587974272202,
            "count": 249
        },
        "DroneAgent.Losses.GAILLoss.sum": {
            "value": 0.00015220456723454844,
            "min": 1.9076180520016807e-05,
            "max": 0.005755587974272202,
            "count": 249
        },
        "DroneAgent.Policy.GAILGradMagLoss.mean": {
            "value": 0.00019443510450400936,
            "min": 6.315426721812401e-05,
            "max": 0.016557276528692454,
            "count": 249
        },
        "DroneAgent.Policy.GAILGradMagLoss.sum": {
            "value": 0.00019443510450400936,
            "min": 6.315426721812401e-05,
            "max": 0.016557276528692454,
            "count": 249
        },
        "DroneAgent.Losses.PretrainingLoss.mean": {
            "value": 0.0,
            "min": 0.0,
            "max": 703181601723.7333,
            "count": 249
        },
        "DroneAgent.Losses.PretrainingLoss.sum": {
            "value": 0.0,
            "min": 0.0,
            "max": 703181601723.7333,
            "count": 249
        }
    },
    "metadata": {
        "timer_format_version": "0.1.0",
        "start_time_seconds": "1700257041",
        "python_version": "3.9.13 (tags/v3.9.13:6de2ca5, May 17 2022, 16:36:42) [MSC v.1929 64 bit (AMD64)]",
        "command_line_arguments": "C:\\Users\\thoma\\AppData\\Local\\Programs\\Python\\Python39\\Scripts\\mlagents-learn config\\DroneAgent.yaml --initialize-from=DroneAgentMG22 --run-id=DroneAgentSpeed",
        "mlagents_version": "0.30.0",
        "mlagents_envs_version": "0.30.0",