{
    "name": "root",
    "metadata": {
        "timer_format_version": "0.1.0",
        "start_time_seconds": "1696388075",
        "python_version": "3.9.13 (tags/v3.9.13:6de2ca5, May 17 2022, 16:36:42) [MSC v.1929 64 bit (AMD64)]",
        "command_line_arguments": "F:\\Unity projects\\Oblig2\\Drone_MLagents\\venv\\Scripts\\mlagents-learn config/DroneAgent.yaml --run-id=DroneAgentStraightAhead",
        "mlagents_version": "0.30.0",
        "mlagents_envs_version": "0.30.0",
        "communication_protocol_version": "1.5.0",
        "pytorch_version": "2.0.1+cu117",
        "numpy_version": "1.21.2",
        "end_time_seconds": "1696388129"
    },
    "total": 53.5015662,
    "count": 1,
    "self": 0.005547800000002212,
    "children": {
        "run_training.setup": {
            "total": 0.07189620000000008,
            "count": 1,
            "self": 0.07189620000000008
        },
        "TrainerController.start_learning": {
            "total": 53.4241222,
            "count": 1,
            "self": 0.004357200000008277,
            "children": {
                "TrainerController._reset_env": {
                    "total": 18.3815563,
                    "count": 1,
                    "self": 14.569891899999998,
                    "children": {
                        "demo_to_buffer": {
                            "total": 3.8116644000000015,
                            "count": 2,
                            "self": 0.00012090000000242185,
                            "children": {
                                "load_demonstration": {
                                    "total": 0.07658309999999702,
                                    "count": 2,
                                    "self": 0.0751814999999958,
                                    "children": {
                                        "read_file": {
                                            "total": 0.001401600000001224,
                                            "count": 2,
                                            "self": 0.001401600000001224
                                        }
                                    }
                                },
                                "make_demo_buffer": {
                                    "total": 3.734960400000002,
                                    "count": 2,
                                    "self": 0.4462534000000815,
                                    "children": {
                                        "steps_from_proto": {
                                            "total": 3.2887069999999206,
                                            "count": 21172,
                                            "self": 1.2159317000009402,
                                            "children": {
                                                "_process_rank_one_or_two_observation": {
                                                    "total": 2.0727752999989804,
                                                    "count": 169376,
                                                    "self": 2.0727752999989804
                                                }
                                            }
                                        }
                                    }
                                }
                            }
                        }
                    }
                },
                "TrainerController.advance": {
                    "total": 34.92525939999999,
                    "count": 334,
                    "self": 0.0038563999999468024,
                    "children": {
                        "env_step": {
                            "total": 28.413087500000007,
                            "count": 334,
                            "self": 26.90823900000003,
                            "children": {
                                "SubprocessEnvManager._take_step": {
                                    "total": 1.5023806999999536,
                                    "count": 334,
                                    "self": 0.017189099999949775,
                                    "children": {
                                        "TorchPolicy.evaluate": {
                                            "total": 1.4851916000000038,
                                            "count": 334,
                                            "self": 1.4851916000000038
                                        }
                                    }
                                },
                                "workers": {
                                    "total": 0.0024678000000228906,
                                    "count": 333,
                                    "self": 0.0,
                                    "children": {
                                        "worker_root": {
                                            "total": 17.13120390000003,
                                            "count": 333,
                                            "is_parallel": true,
                                            "self": 13.236784400000026,
                                            "children": {
                                                "steps_from_proto": {
                                                    "total": 0.0008295999999994308,
                                                    "count": 1,
                                                    "is_parallel": true,
                                                    "self": 0.0001695999999995479,
                                                    "children": {
                                                        "_process_rank_one_or_two_observation": {
                                                            "total": 0.0006599999999998829,
                                                            "count": 8,
                                                            "is_parallel": true,
                                                            "self": 0.0006599999999998829
                                                        }
                                                    }
                                                },
                                                "UnityEnvironment.step": {
                                                    "total": 3.8935899000000056,
                                                    "count": 333,
                                                    "is_parallel": true,
                                                    "self": 0.09642390000002976,
                                                    "children": {
                                                        "UnityEnvironment._generate_step_input": {
                                                            "total": 0.08366020000001839,
                                                            "count": 333,
                                                            "is_parallel": true,
                                                            "self": 0.08366020000001839
                                                        },
                                                        "communicator.exchange": {
                                                            "total": 3.4958379999999956,
                                                            "count": 333,
                                                            "is_parallel": true,
                                                            "self": 3.4958379999999956
                                                        },
                                                        "steps_from_proto": {
                                                            "total": 0.2176677999999619,
                                                            "count": 333,
                                                            "is_parallel": true,