{
    "name": "root",
    "gauges": {
        "DroneAgent.Policy.Entropy.mean": {
            "value": 1.4630255699157715,
            "min": 1.3879796266555786,
            "max": 1.4635525941848755,
            "count": 56
        },
        "DroneAgent.Policy.Entropy.sum": {
            "value": 14641.9599609375,
            "min": 13695.625,
            "max": 14949.93359375,
            "count": 56
        },
        "DroneAgent.Step.mean": {
            "value": 559980.0,
            "min": 9960.0,
            "max": 559980.0,
            "count": 56
        },
        "DroneAgent.Step.sum": {
            "value": 559980.0,
            "min": 9960.0,
            "max": 559980.0,
            "count": 56
        },
        "DroneAgent.Policy.ExtrinsicValueEstimate.mean": {
            "value": 0.03830890730023384,
            "min": -0.03745885193347931,
            "max": 0.6030290722846985,
            "count": 56
        },
        "DroneAgent.Policy.ExtrinsicValueEstimate.sum": {
            "value": 6.167734146118164,
            "min": -6.068334102630615,
            "max": 95.88162231445312,
            "count": 56
        },
        "DroneAgent.Policy.GailValueEstimate.mean": {
            "value": 1.9793527126312256,
            "min": 0.16203628480434418,
            "max": 2.4285223484039307,
            "count": 56
        },
        "DroneAgent.Policy.GailValueEstimate.sum": {
            "value": 318.67578125,
            "min": 25.925806045532227,
            "max": 393.4206237792969,
            "count": 56
        },
        "DroneAgent.Environment.EpisodeLength.mean": {
            "value": 821.1818181818181,
            "min": 584.6315789473684,
            "max": 999.0,
            "count": 56
        },
        "DroneAgent.Environment.EpisodeLength.sum": {
            "value": 9033.0,
            "min": 6869.0,
            "max": 13693.0,
            "count": 56
        },
        "DroneAgent.Environment.CumulativeReward.mean": {
            "value": 0.0112004718658599,
            "min": -0.3771076918890079,
            "max": 1.0918843874707818,
            "count": 56
        },
        "DroneAgent.Environment.CumulativeReward.sum": {
            "value": 0.12320519052445889,
            "min": -5.656615378335118,
            "max": 10.950911216437817,
            "count": 56
        },
        "DroneAgent.Policy.ExtrinsicReward.mean": {
            "value": 0.0112004718658599,
            "min": -0.3771076918890079,
            "max": 1.0918843874707818,
            "count": 56
        },
        "DroneAgent.Policy.ExtrinsicReward.sum": {
            "value": 0.12320519052445889,
            "min": -5.656615378335118,
            "max": 10.950911216437817,
            "count": 56
        },
        "DroneAgent.Policy.GailReward.mean": {
            "value": 12.19776662811637,
            "min": 6.408710110785537,
            "max": 27.164103309313457,
            "count": 56
        },
        "DroneAgent.Policy.GailReward.sum": {
            "value": 134.17543290928006,
            "min": 78.17107548564672,
            "max": 359.98699524998665,
            "count": 56
        },
        "DroneAgent.IsTraining.mean": {
            "value": 1.0,
            "min": 1.0,
            "max": 1.0,
            "count": 56
        },
        "DroneAgent.IsTraining.sum": {
            "value": 1.0,
            "min": 1.0,
            "max": 1.0,
            "count": 56
        },
        "DroneAgent.Losses.PolicyLoss.mean": {
            "value": 0.09125053302850575,
            "min": 0.06436533933738246,
            "max": 0.11403909445507451,
            "count": 28
        },
        "DroneAgent.Losses.PolicyLoss.sum": {
            "value": 0.09125053302850575,
            "min": 0.06436533933738246,
            "max": 0.11403909445507451,
            "count": 28
        },
        "DroneAgent.Losses.ValueLoss.mean": {
            "value": 0.011112105508800596,
            "min": 0.005911044025560841,
            "max": 0.06651115166023373,
            "count": 28
        },
        "DroneAgent.Losses.ValueLoss.sum": {
            "value": 0.011112105508800596,
            "min": 0.005911044025560841,
            "max": 0.06651115166023373,
            "count": 28
        },
        "DroneAgent.Policy.LearningRate.mean": {
            "value": 0.0008891590110841,
            "min": 0.0008891590110841,
            "max": 0.0009959392004060801,
            "count": 28
        },
        "DroneAgent.Policy.LearningRate.sum": {
            "value": 0.0008891590110841,
            "min": 0.0008891590110841,
            "max": 0.0009959392004060801,
            "count": 28
        },
        "DroneAgent.Policy.Epsilon.mean": {
            "value": 0.18891590000000003,
            "min": 0.18891590000000003,
            "max": 0.19959392,
            "count": 28
        },
        "DroneAgent.Policy.Epsilon.sum": {
            "value": 0.18891590000000003,
            "min": 0.18891590000000003,
            "max": 0.19959392,
            "count": 28
        },
        "DroneAgent.Policy.Beta.mean": {
            "value": 0.01,
            "min": 0.01,
            "max": 0.01,
            "count": 28
        },
        "DroneAgent.Policy.Beta.sum": {
            "value": 0.01,
            "min": 0.01,
            "max": 0.01,
            "count": 28
        },
        "DroneAgent.Policy.GAILPolicyEstimate.mean": {
            "value": 0.1975530732423067,
            "min": 0.1833195060491562,
            "max": 0.470350394397974,
            "count": 28
        },
        "DroneAgent.Policy.GAILPolicyEstimate.sum": {
            "value": 0.1975530732423067,
            "min": 0.1833195060491562,
            "max": 0.470350394397974,
            "count": 28
        },
        "DroneAgent.Policy.GAILExpertEstimate.mean": {
            "value": 0.8738912627100944,
            "min": 0.5371267557144165,
            "max": 0.8780826941132546,
            "count": 28
        },
        "DroneAgent.Policy.GAILExpertEstimate.sum": {
            "value": 0.8738912627100944,
            "min": 0.5371267557144165,
            "max": 0.8780826941132546,
            "count": 28
        },
        "DroneAgent.Losses.GAILLoss.mean": {
            "value": 0.37503197491168977,
            "min": 0.3505918338894844,
            "max": 1.2631686896085739,
            "count": 28
        },
        "DroneAgent.Losses.GAILLoss.sum": {
            "value": 0.37503197491168977,
            "min": 0.3505918338894844,
            "max": 1.2631686896085739,
            "count": 28
        },
        "DroneAgent.Policy.GAILGradMagLoss.mean": {
            "value": 0.15049038492143155,
            "min": 0.14271796867251396,
            "max": 9.18525197505951,
            "count": 28
        },
        "DroneAgent.Policy.GAILGradMagLoss.sum": {
            "value": 0.15049038492143155,
            "min": 0.14271796867251396,
            "max": 9.18525197505951,
            "count": 28
        },
        "DroneAgent.Losses.PretrainingLoss.mean": {
            "value": 0.0,
            "min": 0.0,
            "max": 1.135473942756653,
            "count": 28
        },
        "DroneAgent.Losses.PretrainingLoss.sum": {
            "value": 0.0,
            "min": 0.0,
            "max": 1.135473942756653,
            "count": 28
        }
    },
    "metadata": {
        "timer_format_version": "0.1.0",
        "start_time_seconds": "1696794632",
        "python_version": "3.9.13 (tags/v3.9.13:6de2ca5, May 17 2022, 16:36:42) [MSC v.1929 64 bit (AMD64)]",
        "command_line_arguments": "F:\\Unity projects\\Oblig2\\Drone_MLagents\\venv\\Scripts\\mlagents-learn config/DroneAgent.yaml --run-id=DroneAgent_New_More1",
        "mlagents_version": "0.30.0",
        "mlagents_envs_version": "0.30.0",
        "communication_protocol_version": "1.5.0",
        "pytorch_version": "1.7.1+cu110",
        "numpy_version": "1.21.2",