{
    "name": "root",
    "gauges": {
        "DroneAgent.Policy.Entropy.mean": {
            "value": 6.829360485076904,
            "min": 6.212099552154541,
            "max": 6.829360485076904,
            "count": 500
        },
        "DroneAgent.Policy.Entropy.sum": {
            "value": 67979.453125,
            "min": 58596.578125,
            "max": 70130.2109375,
            "count": 500
        },
        "DroneAgent.Step.mean": {
            "value": 4999974.0,
            "min": 9994.0,
            "max": 4999974.0,
            "count": 500
        },
        "DroneAgent.Step.sum": {
            "value": 4999974.0,
            "min": 9994.0,
            "max": 4999974.0,
            "count": 500
        },
        "DroneAgent.Policy.ExtrinsicValueEstimate.mean": {
            "value": 0.24542367458343506,
            "min": 0.06241905689239502,
            "max": 0.3344258666038513,
            "count": 500
        },
        "DroneAgent.Policy.ExtrinsicValueEstimate.sum": {
            "value": 38.531517028808594,
            "min": 9.862211227416992,
            "max": 52.504859924316406,
            "count": 500
        },
        "DroneAgent.Policy.GailValueEstimate.mean": {
            "value": 0.00027834728825837374,
            "min": -0.0025923701468855143,
            "max": 0.015827929601073265,
            "count": 500
        },
        "DroneAgent.Policy.GailValueEstimate.sum": {
            "value": 0.04370052367448807,
            "min": -0.4147792160511017,
            "max": 2.5166406631469727,
            "count": 500
        },
        "DroneAgent.Environment.EpisodeLength.mean": {
            "value": 3555.0,
            "min": 419.5,
            "max": 5999.0,
            "count": 497
        },
        "DroneAgent.Environment.EpisodeLength.sum": {
            "value": 14220.0,
            "min": 531.0,
            "max": 26583.0,
            "count": 497
        },
        "DroneAgent.Environment.CumulativeReward.mean": {
            "value": 9.768815206189174,
            "min": -1.028790742624551,
            "max": 18.627318435232155,
            "count": 497
        },
        "DroneAgent.Environment.CumulativeReward.sum": {
            "value": 39.0752608247567,
            "min": -2.057581485249102,
            "max": 64.26016089139739,
            "count": 497
        },
        "DroneAgent.Policy.ExtrinsicReward.mean": {
            "value": 9.768815206189174,
            "min": -1.028790742624551,
            "max": 18.627318435232155,
            "count": 497
        },
        "DroneAgent.Policy.ExtrinsicReward.sum": {
            "value": 39.0752608247567,
            "min": -2.057581485249102,
            "max": 64.26016089139739,
            "count": 497
        },
        "DroneAgent.Policy.GailReward.mean": {
            "value": 0.00526827270995886,
            "min": 0.00023773778686453362,
            "max": 0.13948739224909845,
            "count": 497
        },
        "DroneAgent.Policy.GailReward.sum": {
            "value": 0.02107309083983544,
            "min": 0.00044043071886901153,
            "max": 0.5446850107935646,
            "count": 497
        },
        "DroneAgent.IsTraining.mean": {
            "value": 1.0,
            "min": 1.0,
            "max": 1.0,
            "count": 500
        },
        "DroneAgent.IsTraining.sum": {
            "value": 1.0,
            "min": 1.0,
            "max": 1.0,
            "count": 500
        },
        "DroneAgent.Losses.PolicyLoss.mean": {
            "value": 0.0882379527145531,
            "min": 0.05427321519237012,
            "max": 0.11114688844536431,
            "count": 246
        },
        "DroneAgent.Losses.PolicyLoss.sum": {
            "value": 0.0882379527145531,
            "min": 0.05427321519237012,
            "max": 0.11114688844536431,
            "count": 246
        },
        "DroneAgent.Losses.ValueLoss.mean": {
            "value": 0.0015754359716083854,
            "min": 0.0007878364209318534,
            "max": 0.003720539330970496,
            "count": 246
        },
        "DroneAgent.Losses.ValueLoss.sum": {
            "value": 0.0015754359716083854,
            "min": 0.0007878364209318534,
            "max": 0.003720539330970496,
            "count": 246
        },
        "DroneAgent.Policy.LearningRate.mean": {
            "value": 2.745099725499997e-06,
            "min": 2.745099725499997e-06,
            "max": 0.00099598660040134,
            "count": 246
        },
        "DroneAgent.Policy.LearningRate.sum": {
            "value": 2.745099725499997e-06,
            "min": 2.745099725499997e-06,
            "max": 0.00099598660040134,
            "count": 246
        },
        "DroneAgent.Policy.Epsilon.mean": {
            "value": 0.1002745,
            "min": 0.1002745,
            "max": 0.19959866,
            "count": 246
        },
        "DroneAgent.Policy.Epsilon.sum": {
            "value": 0.1002745,
            "min": 0.1002745,
            "max": 0.19959866,
            "count": 246
        },
        "DroneAgent.Policy.Beta.mean": {
            "value": 0.01,
            "min": 0.01,
            "max": 0.01,
            "count": 246
        },
        "DroneAgent.Policy.Beta.sum": {
            "value": 0.01,
            "min": 0.01,
            "max": 0.01,
            "count": 246
        },
        "DroneAgent.Policy.GAILPolicyEstimate.mean": {
            "value": 0.00012297286350531066,
            "min": 5.8170023203274467e-05,
            "max": 0.001474594996830092,
            "count": 246
        },
        "DroneAgent.Policy.GAILPolicyEstimate.sum": {
            "value": 0.00012297286350531066,
            "min": 5.8170023203274467e-05,
            "max": 0.001474594996830092,
            "count": 246
        },
        "DroneAgent.Policy.GAILExpertEstimate.mean": {
            "value": 0.999911530315876,
            "min": 0.9992715880274773,
            "max": 0.999975572526455,
            "count": 246
        },
        "DroneAgent.Policy.GAILExpertEstimate.sum": {
            "value": 0.999911530315876,
            "min": 0.9992715880274773,
            "max": 0.999975572526455,
            "count": 246
        },
        "DroneAgent.Losses.GAILLoss.mean": {
            "value": 0.00021860992746951523,
            "min": 0.00013743947870352712,
            "max": 0.002421735870302655,
            "count": 246
        },
        "DroneAgent.Losses.GAILLoss.sum": {
            "value": 0.00021860992746951523,
            "min": 0.00013743947870352712,
            "max": 0.002421735870302655,
            "count": 246
        },
        "DroneAgent.Policy.GAILGradMagLoss.mean": {
            "value": 0.0003486709392745979,
            "min": 0.00029622331385326106,
            "max": 0.002974592222017236,
            "count": 246
        },
        "DroneAgent.Policy.GAILGradMagLoss.sum": {
            "value": 0.0003486709392745979,
            "min": 0.00029622331385326106,
            "max": 0.002974592222017236,
            "count": 246
        },
        "DroneAgent.Losses.PretrainingLoss.mean": {
            "value": 0.0,
            "min": 0.0,
            "max": 22453.963541666668,
            "count": 246
        },
        "DroneAgent.Losses.PretrainingLoss.sum": {
            "value": 0.0,
            "min": 0.0,
            "max": 22453.963541666668,
            "count": 246
        }
    },
    "metadata": {
        "timer_format_version": "0.1.0",
        "start_time_seconds": "1699318056",
        "python_version": "3.9.13 (tags/v3.9.13:6de2ca5, May 17 2022, 16:36:42) [MSC v.1929 64 bit (AMD64)]",
        "command_line_arguments": "C:\\Users\\thoma\\AppData\\Local\\Programs\\Python\\Python39\\Scripts\\mlagents-learn config\\DroneAgent.yaml --initialize-from=DroneAgentTrackNew11 --run-id=DroneAgentMoveingTrack",
        "mlagents_version": "0.30.0",
        "mlagents_envs_version": "0.30.0",