{
    "name": "root",
    "gauges": {
        "DroneAgent.Policy.Entropy.mean": {
            "value": -7.4443535804748535,
            "min": -7.4443535804748535,
            "max": -5.208554267883301,
            "count": 58
        },
        "DroneAgent.Policy.Entropy.sum": {
            "value": -149780.390625,
            "min": -149780.390625,
            "max": -102592.140625,
            "count": 58
        },
        "DroneAgent.Step.mean": {
            "value": 1159991.0,
            "min": 19961.0,
            "max": 1159991.0,
            "count": 58
        },
        "DroneAgent.Step.sum": {
            "value": 1159991.0,
            "min": 19961.0,
            "max": 1159991.0,
            "count": 58
        },
        "DroneAgent.Policy.ExtrinsicValueEstimate.mean": {
            "value": 0.02038521133363247,
            "min": -3.2588841915130615,
            "max": 1.019738793373108,
            "count": 58
        },
        "DroneAgent.Policy.ExtrinsicValueEstimate.sum": {
            "value": 6.5436530113220215,
            "min": -1078.690673828125,
            "max": 330.3953857421875,
            "count": 58
        },
        "DroneAgent.Policy.GailValueEstimate.mean": {
            "value": 0.4577328562736511,
            "min": -0.22805900871753693,
            "max": 37.15177917480469,
            "count": 58
        },
        "DroneAgent.Policy.GailValueEstimate.sum": {
            "value": 146.9322509765625,
            "min": -73.20693969726562,
            "max": 12817.3642578125,
            "count": 58
        },
        "DroneAgent.Losses.PolicyLoss.mean": {
            "value": 0.22645561591101188,
            "min": 0.18031890307994267,
            "max": 0.3169754844818575,
            "count": 58
        },
        "DroneAgent.Losses.PolicyLoss.sum": {
            "value": 4.302656702309226,
            "min": 3.3369623245671396,
            "max": 5.422922759937743,
            "count": 58
        },
        "DroneAgent.Losses.ValueLoss.mean": {
            "value": 0.2015653460346808,
            "min": 0.09844563217053225,
            "max": 405.6835924910381,
            "count": 58
        },
        "DroneAgent.Losses.ValueLoss.sum": {
            "value": 3.829741574658935,
            "min": 1.7720213790695805,
            "max": 7302.304664838686,
            "count": 58
        },
        "DroneAgent.Policy.LearningRate.mean": {
            "value": 0.00023101117352259897,
            "min": 0.00023101117352259897,
            "max": 0.0002993781827072725,
            "count": 58
        },
        "DroneAgent.Policy.LearningRate.sum": {
            "value": 0.00438921229692938,
            "min": 0.00417960028680004,
            "max": 0.005597742394085879,
            "count": 58
        },
        "DroneAgent.Policy.Epsilon.mean": {
            "value": 0.17700371684210528,
            "min": 0.17700371684210528,
            "max": 0.19979272750000002,
            "count": 58
        },
        "DroneAgent.Policy.Epsilon.sum": {
            "value": 3.3630706200000002,
            "min": 3.1931999600000003,
            "max": 3.76591412,
            "count": 58
        },
        "DroneAgent.Policy.Beta.mean": {
            "value": 0.00038731821252631577,
            "min": 0.00038731821252631577,
            "max": 0.00049898436475,
            "count": 58
        },
        "DroneAgent.Policy.Beta.sum": {
            "value": 0.007359046037999999,
            "min": 0.007006679804000001,
            "max": 0.009332979188000003,
            "count": 58
        },
        "DroneAgent.Policy.GAILPolicyEstimate.mean": {
            "value": 0.01369268086790199,
            "min": 0.010073341398580212,
            "max": 0.24852882012793862,
            "count": 58
        },
        "DroneAgent.Policy.GAILPolicyEstimate.sum": {
            "value": 0.26016093649013783,
            "min": 0.1813201451744438,
            "max": 4.473518762302895,
            "count": 58
        },
        "DroneAgent.Policy.GAILExpertEstimate.mean": {
            "value": 0.96862000462256,
            "min": 0.8071219239383935,
            "max": 0.96862000462256,
            "count": 58
        },
        "DroneAgent.Policy.GAILExpertEstimate.sum": {
            "value": 18.40378008782864,
            "min": 12.913950783014297,
            "max": 18.40378008782864,
            "count": 58
        },
        "DroneAgent.Losses.GAILLoss.mean": {
            "value": 0.05280726577416715,
            "min": 0.049713222478102476,
            "max": 0.831202381959668,
            "count": 58
        },
        "DroneAgent.Losses.GAILLoss.sum": {
            "value": 1.003338049709176,
            "min": 0.8948380046058445,
            "max": 14.961642875274023,
            "count": 58
        },
        "DroneAgent.Policy.GAILGradMagLoss.mean": {
            "value": 0.025790028843881662,
            "min": 0.022800692441200632,
            "max": 2.325539317413199,
            "count": 58
        },
        "DroneAgent.Policy.GAILGradMagLoss.sum": {
            "value": 0.49001054803375155,
            "min": 0.4104124639416114,
            "max": 41.85970771343758,
            "count": 58
        },
        "DroneAgent.Losses.PretrainingLoss.mean": {
            "value": 7.363165269013809e-05,
            "min": 7.363165269013809e-05,
            "max": 0.30913774323208165,
            "count": 58
        },
        "DroneAgent.Losses.PretrainingLoss.sum": {
            "value": 0.0013990014011126236,
            "min": 0.0013990014011126236,
            "max": 4.946203891713306,
            "count": 58
        },
        "DroneAgent.Environment.EpisodeLength.mean": {
            "value": 1499.0,
            "min": 322.3,
            "max": 1499.0,
            "count": 58
        },
        "DroneAgent.Environment.EpisodeLength.sum": {
            "value": 20986.0,
            "min": 8367.0,
            "max": 30373.0,
            "count": 58
        },
        "DroneAgent.Environment.CumulativeReward.mean": {
            "value": 0.07320000457887849,
            "min": -1.8381413995450588,
            "max": 1.000000074505806,
            "count": 58
        },
        "DroneAgent.Environment.CumulativeReward.sum": {
            "value": 1.0980000686831772,
            "min": -91.31999959924724,
            "max": 16.5846679052338,
            "count": 58
        },
        "DroneAgent.Policy.ExtrinsicReward.mean": {
            "value": 0.07320000457887849,
            "min": -1.8381413995450588,
            "max": 1.000000074505806,
            "count": 58
        },
        "DroneAgent.Policy.ExtrinsicReward.sum": {
            "value": 1.0980000686831772,
            "min": -91.31999959924724,
            "max": 16.5846679052338,
            "count": 58
        },
        "DroneAgent.Policy.GailReward.mean": {
            "value": 13.960631123468435,
            "min": 10.7158813258714,
            "max": 328.04423591305255,
            "count": 58
        },
        "DroneAgent.Policy.GailReward.sum": {
            "value": 209.40946685202653,
            "min": 166.53886318416335,
            "max": 8875.835626753571,
            "count": 58
        },
        "DroneAgent.IsTraining.mean": {
            "value": 1.0,
            "min": 1.0,
            "max": 1.0,
            "count": 58
        },
        "DroneAgent.IsTraining.sum": {
            "value": 1.0,
            "min": 1.0,
            "max": 1.0,
            "count": 58
        }
    },
    "metadata": {
        "timer_format_version": "0.1.0",
        "start_time_seconds": "1696283583",
        "python_version": "3.9.13 (tags/v3.9.13:6de2ca5, May 17 2022, 16:36:42) [MSC v.1929 64 bit (AMD64)]",
        "command_line_arguments": "F:\\Unity projects\\Oblig2\\Drone_MLagents\\venv\\Scripts\\mlagents-learn config/DroneAgent.yaml --initialize-from=DroneAgentGoalRayTest2 --run-id=DroneAgentGoalRayGG1",
        "mlagents_version": "0.30.0",