{
    "name": "root",
    "metadata": {
        "timer_format_version": "0.1.0",
        "start_time_seconds": "1696212035",
        "python_version": "3.9.13 (tags/v3.9.13:6de2ca5, May 17 2022, 16:36:42) [MSC v.1929 64 bit (AMD64)]",
        "command_line_arguments": "F:\\Unity projects\\Oblig2\\Drone_MLagents\\venv\\Scripts\\mlagents-learn config/DroneAgent.yaml --run-id=DroneAgentTest8",
        "mlagents_version": "0.30.0",
        "mlagents_envs_version": "0.30.0",
        "communication_protocol_version": "1.5.0",
        "pytorch_version": "2.0.1+cu117",
        "numpy_version": "1.21.2",
        "end_time_seconds": "1696212043"
    },
    "total": 7.4973635,
    "count": 1,
    "self": 0.0066654000000001545,
    "children": {
        "run_training.setup": {
            "total": 0.07147879999999995,
            "count": 1,
            "self": 0.07147879999999995
        },
        "TrainerController.start_learning": {
            "total": 7.4192193,
            "count": 1,
            "self": 7.929999999944926e-05,
            "children": {
                "TrainerController._reset_env": {
                    "total": 7.4181515000000005,
                    "count": 1,
                    "self": 7.032496200000001,
                    "children": {
                        "demo_to_buffer": {
                            "total": 0.3856552999999998,
                            "count": 1,
                            "self": 2.3799999999241095e-05,
                            "children": {
                                "load_demonstration": {
                                    "total": 0.007904500000000425,
                                    "count": 1,
                                    "self": 0.0078113000000001875,
                                    "children": {
                                        "read_file": {
                                            "total": 9.320000000023754e-05,
                                            "count": 1,
                                            "self": 9.320000000023754e-05
                                        }
                                    }
                                },
                                "make_demo_buffer": {
                                    "total": 0.37772700000000015,
                                    "count": 1,
                                    "self": 0.08368160000007663,
                                    "children": {
                                        "steps_from_proto": {
                                            "total": 0.2940453999999235,
                                            "count": 4440,
                                            "self": 0.1810844999998924,
                                            "children": {
                                                "_process_rank_one_or_two_observation": {
                                                    "total": 0.11296090000003112,
                                                    "count": 8880,
                                                    "self": 0.11296090000003112
                                                }
                                            }
                                        }
                                    }
                                }
                            }
                        }
                    }
                },
                "TrainerController._save_models": {
                    "total": 0.0009885000000000588,
                    "count": 1,
                    "self": 0.0001420999999997008,
                    "children": {
                        "RLTrainer._checkpoint": {
                            "total": 0.000846400000000358,
                            "count": 1,
                            "self": 0.000846400000000358
                        }
                    }
                }
            }
        }
    }
}