{
    "name": "root",
    "gauges": {
        "DroneAgent.Policy.Entropy.mean": {
            "value": 3.6155195236206055,
            "min": 3.0944857597351074,
            "max": 3.6155195236206055,
            "count": 500
        },
        "DroneAgent.Policy.Entropy.sum": {
            "value": 36097.34765625,
            "min": 30541.83203125,
            "max": 36789.87109375,
            "count": 500
        },
        "DroneAgent.Step.mean": {
            "value": 4999986.0,
            "min": 9979.0,
            "max": 4999986.0,
            "count": 500
        },
        "DroneAgent.Step.sum": {
            "value": 4999986.0,
            "min": 9979.0,
            "max": 4999986.0,
            "count": 500
        },
        "DroneAgent.Policy.ExtrinsicValueEstimate.mean": {
            "value": 0.5811375975608826,
            "min": -0.3192553222179413,
            "max": 0.7063348889350891,
            "count": 500
        },
        "DroneAgent.Policy.ExtrinsicValueEstimate.sum": {
            "value": 92.40087890625,
            "min": -52.357872009277344,
            "max": 110.89457702636719,
            "count": 500
        },
        "DroneAgent.Policy.GailValueEstimate.mean": {
            "value": 0.011594405397772789,
            "min": 0.004372131545096636,
            "max": 0.14002513885498047,
            "count": 500
        },
        "DroneAgent.Policy.GailValueEstimate.sum": {
            "value": 1.843510389328003,
            "min": 0.7039132118225098,
            "max": 22.544048309326172,
            "count": 500
        },
        "DroneAgent.Environment.EpisodeLength.mean": {
            "value": 3788.5,
            "min": 453.0,
            "max": 4999.0,
            "count": 491
        },
        "DroneAgent.Environment.EpisodeLength.sum": {
            "value": 15154.0,
            "min": 472.0,
            "max": 26340.0,
            "count": 491
        },
        "DroneAgent.Environment.CumulativeReward.mean": {
            "value": 18.819122452034208,
            "min": -2.112818834692007,
            "max": 27.353704279550584,
            "count": 491
        },
        "DroneAgent.Environment.CumulativeReward.sum": {
            "value": 75.27648980813683,
            "min": -24.585261038620956,
            "max": 132.7086282114833,
            "count": 491
        },
        "DroneAgent.Policy.ExtrinsicReward.mean": {
            "value": 18.819122452034208,
            "min": -2.112818834692007,
            "max": 27.353704279550584,
            "count": 491
        },
        "DroneAgent.Policy.ExtrinsicReward.sum": {
            "value": 75.27648980813683,
            "min": -24.585261038620956,
            "max": 132.7086282114833,
            "count": 491
        },
        "DroneAgent.Policy.GailReward.mean": {
            "value": 0.2602434287723141,
            "min": 0.001898036447528284,
            "max": 9.703007355302692,
            "count": 491
        },
        "DroneAgent.Policy.GailReward.sum": {
            "value": 1.0409737150892564,
            "min": 0.001898036447528284,
            "max": 24.40638134790795,
            "count": 491
        },
        "DroneAgent.IsTraining.mean": {
            "value": 1.0,
            "min": 1.0,
            "max": 1.0,
            "count": 500
        },
        "DroneAgent.IsTraining.sum": {
            "value": 1.0,
            "min": 1.0,
            "max": 1.0,
            "count": 500
        },
        "DroneAgent.Losses.PolicyLoss.mean": {
            "value": 0.07608944923849777,
            "min": 0.043840200814884156,
            "max": 0.11723901777004357,
            "count": 246
        },
        "DroneAgent.Losses.PolicyLoss.sum": {
            "value": 0.07608944923849777,
            "min": 0.043840200814884156,
            "max": 0.11723901777004357,
            "count": 246
        },
        "DroneAgent.Losses.ValueLoss.mean": {
            "value": 0.003604302351595834,
            "min": 0.0008498969677020795,
            "max": 0.0320701283402741,
            "count": 246
        },
        "DroneAgent.Losses.ValueLoss.sum": {
            "value": 0.003604302351595834,
            "min": 0.0008498969677020795,
            "max": 0.0320701283402741,
            "count": 246
        },
        "DroneAgent.Policy.LearningRate.mean": {
            "value": 3.13969968604002e-06,
            "min": 3.13969968604002e-06,
            "max": 0.00099603520039648,
            "count": 246
        },
        "DroneAgent.Policy.LearningRate.sum": {
            "value": 3.13969968604002e-06,
            "min": 3.13969968604002e-06,
            "max": 0.00099603520039648,
            "count": 246
        },
        "DroneAgent.Policy.Epsilon.mean": {
            "value": 0.10031396000000001,
            "min": 0.10031396000000001,
            "max": 0.19960352,
            "count": 246
        },
        "DroneAgent.Policy.Epsilon.sum": {
            "value": 0.10031396000000001,
            "min": 0.10031396000000001,
            "max": 0.19960352,
            "count": 246
        },
        "DroneAgent.Policy.Beta.mean": {
            "value": 0.01,
            "min": 0.01,
            "max": 0.01,
            "count": 246
        },
        "DroneAgent.Policy.Beta.sum": {
            "value": 0.01,
            "min": 0.01,
            "max": 0.01,
            "count": 246
        },
        "DroneAgent.Policy.GAILPolicyEstimate.mean": {
            "value": 0.0007545477161329473,
            "min": 0.0003323747364447627,
            "max": 0.010290037689264864,
            "count": 246
        },
        "DroneAgent.Policy.GAILPolicyEstimate.sum": {
            "value": 0.0007545477161329473,
            "min": 0.0003323747364447627,
            "max": 0.010290037689264864,
            "count": 246
        },
        "DroneAgent.Policy.GAILExpertEstimate.mean": {
            "value": 0.9999637395143509,
            "min": 0.999448812007904,
            "max": 0.9999865531921387,
            "count": 246
        },
        "DroneAgent.Policy.GAILExpertEstimate.sum": {
            "value": 0.9999637395143509,
            "min": 0.999448812007904,
            "max": 0.9999865531921387,
            "count": 246
        },
        "DroneAgent.Losses.GAILLoss.mean": {
            "value": 0.0008374615950742737,
            "min": 0.000369035750918556,
            "max": 0.011390984646277502,
            "count": 246
        },
        "DroneAgent.Losses.GAILLoss.sum": {
            "value": 0.0008374615950742737,
            "min": 0.000369035750918556,
            "max": 0.011390984646277502,
            "count": 246
        },
        "DroneAgent.Policy.GAILGradMagLoss.mean": {
            "value": 0.0014085768678341992,
            "min": 0.0011183256297954357,
            "max": 0.30023250803351403,
            "count": 246
        },
        "DroneAgent.Policy.GAILGradMagLoss.sum": {
            "value": 0.0014085768678341992,
            "min": 0.0011183256297954357,
            "max": 0.30023250803351403,
            "count": 246
        },
        "DroneAgent.Losses.PretrainingLoss.mean": {
            "value": 0.0,
            "min": 0.0,
            "max": 47.724997202555336,
            "count": 246
        },
        "DroneAgent.Losses.PretrainingLoss.sum": {
            "value": 0.0,
            "min": 0.0,
            "max": 47.724997202555336,
            "count": 246
        }
    },
    "metadata": {
        "timer_format_version": "0.1.0",
        "start_time_seconds": "1697296309",
        "python_version": "3.9.13 (tags/v3.9.13:6de2ca5, May 17 2022, 16:36:42) [MSC v.1929 64 bit (AMD64)]",
        "command_line_arguments": "F:\\Unity projects\\Oblig2\\Drone_MLagents\\venv\\Scripts\\mlagents-learn config/DroneAgent.yaml --initialize-from=DroneAgentTrack3 --run-id=DroneAgentTrack4",
        "mlagents_version": "0.30.0",
        "mlagents_envs_version": "0.30.0",
        "communication_protocol_version": "1.5.0",