{
    "name": "root",
    "gauges": {
        "DroneAgent.Policy.Entropy.mean": {
            "value": 1.2465546131134033,
            "min": 1.1115999221801758,
            "max": 1.3917157649993896,
            "count": 500
        },
        "DroneAgent.Policy.Entropy.sum": {
            "value": 12390.7529296875,
            "min": 10892.0244140625,
            "max": 14251.169921875,
            "count": 500
        },
        "DroneAgent.Step.mean": {
            "value": 4999950.0,
            "min": 9960.0,
            "max": 4999950.0,
            "count": 500
        },
        "DroneAgent.Step.sum": {
            "value": 4999950.0,
            "min": 9960.0,
            "max": 4999950.0,
            "count": 500
        },
        "DroneAgent.Policy.ExtrinsicValueEstimate.mean": {
            "value": 0.33895936608314514,
            "min": -0.18748867511749268,
            "max": 0.7833819389343262,
            "count": 500
        },
        "DroneAgent.Policy.ExtrinsicValueEstimate.sum": {
            "value": 54.57245635986328,
            "min": -30.560653686523438,
            "max": 126.44047546386719,
            "count": 500
        },
        "DroneAgent.Policy.GailValueEstimate.mean": {
            "value": 0.44897523522377014,
            "min": 0.2510766088962555,
            "max": 7.448694229125977,
            "count": 500
        },
        "DroneAgent.Policy.GailValueEstimate.sum": {
            "value": 72.2850112915039,
            "min": 40.17225646972656,
            "max": 1176.8936767578125,
            "count": 500
        },
        "DroneAgent.Environment.EpisodeLength.mean": {
            "value": 1044.5,
            "min": 358.9166666666667,
            "max": 1799.0,
            "count": 500
        },
        "DroneAgent.Environment.EpisodeLength.sum": {
            "value": 8356.0,
            "min": 439.0,
            "max": 23630.0,
            "count": 500
        },
        "DroneAgent.Environment.CumulativeReward.mean": {
            "value": 7.007127572200261,
            "min": -1.2434596568346024,
            "max": 8.639320421032608,
            "count": 500
        },
        "DroneAgent.Environment.CumulativeReward.sum": {
            "value": 56.05702057760209,
            "min": -4.681677332613617,
            "max": 94.99679843266495,
            "count": 500
        },
        "DroneAgent.Policy.ExtrinsicReward.mean": {
            "value": 7.007127572200261,
            "min": -1.2434596568346024,
            "max": 8.639320421032608,
            "count": 500
        },
        "DroneAgent.Policy.ExtrinsicReward.sum": {
            "value": 56.05702057760209,
            "min": -4.681677332613617,
            "max": 94.99679843266495,
            "count": 500
        },
        "DroneAgent.Policy.GailReward.mean": {
            "value": 9.231302265192541,
            "min": 2.4047122082696055,
            "max": 386.40595338753025,
            "count": 500
        },
        "DroneAgent.Policy.GailReward.sum": {
            "value": 73.85041812154033,
            "min": 3.2112580645480193,
            "max": 5409.683347425424,
            "count": 500
        },
        "DroneAgent.IsTraining.mean": {
            "value": 1.0,
            "min": 1.0,
            "max": 1.0,
            "count": 500
        },
        "DroneAgent.IsTraining.sum": {
            "value": 1.0,
            "min": 1.0,
            "max": 1.0,
            "count": 500
        },
        "DroneAgent.Losses.PolicyLoss.mean": {
            "value": 0.09006392368028174,
            "min": 0.059893538237884056,
            "max": 0.12815787020372227,
            "count": 251
        },
        "DroneAgent.Losses.PolicyLoss.sum": {
            "value": 0.09006392368028174,
            "min": 0.059893538237884056,
            "max": 0.12815787020372227,
            "count": 251
        },
        "DroneAgent.Losses.ValueLoss.mean": {
            "value": 0.028397346031852067,
            "min": 0.008474942890461534,
            "max": 22.823430323600768,
            "count": 251
        },
        "DroneAgent.Losses.ValueLoss.sum": {
            "value": 0.028397346031852067,
            "min": 0.008474942890461534,
            "max": 22.823430323600768,
            "count": 251
        },
        "DroneAgent.Policy.LearningRate.mean": {
            "value": 3.457299654280049e-06,
            "min": 3.457299654280049e-06,
            "max": 0.00099591420040858,
            "count": 251
        },
        "DroneAgent.Policy.LearningRate.sum": {
            "value": 3.457299654280049e-06,
            "min": 3.457299654280049e-06,
            "max": 0.00099591420040858,
            "count": 251
        },
        "DroneAgent.Policy.Epsilon.mean": {
            "value": 0.10034572000000001,
            "min": 0.10034572000000001,
            "max": 0.19959142000000002,
            "count": 251
        },
        "DroneAgent.Policy.Epsilon.sum": {
            "value": 0.10034572000000001,
            "min": 0.10034572000000001,
            "max": 0.19959142000000002,
            "count": 251
        },
        "DroneAgent.Policy.Beta.mean": {
            "value": 0.01,
            "min": 0.01,
            "max": 0.01,
            "count": 251
        },
        "DroneAgent.Policy.Beta.sum": {
            "value": 0.01,
            "min": 0.01,
            "max": 0.01,
            "count": 251
        },
        "DroneAgent.Policy.GAILPolicyEstimate.mean": {
            "value": 0.009203096240526065,
            "min": 0.004613796673947945,
            "max": 0.0760160923935473,
            "count": 251
        },
        "DroneAgent.Policy.GAILPolicyEstimate.sum": {
            "value": 0.009203096240526065,
            "min": 0.004613796673947945,
            "max": 0.0760160923935473,
            "count": 251
        },
        "DroneAgent.Policy.GAILExpertEstimate.mean": {
            "value": 0.9960667848587036,
            "min": 0.9383686929941177,
            "max": 0.9976280212402344,
            "count": 251
        },
        "DroneAgent.Policy.GAILExpertEstimate.sum": {
            "value": 0.9960667848587036,
            "min": 0.9383686929941177,
            "max": 0.9976280212402344,
            "count": 251
        },
        "DroneAgent.Losses.GAILLoss.mean": {
            "value": 0.014117822551634162,
            "min": 0.007249785179737955,
            "max": 0.20083814207464457,
            "count": 251
        },
        "DroneAgent.Losses.GAILLoss.sum": {
            "value": 0.014117822551634162,
            "min": 0.007249785179737955,
            "max": 0.20083814207464457,
            "count": 251
        },
        "DroneAgent.Policy.GAILGradMagLoss.mean": {
            "value": 0.01655438479501754,
            "min": 0.01472448450513184,
            "max": 0.4856025779619813,
            "count": 251
        },
        "DroneAgent.Policy.GAILGradMagLoss.sum": {
            "value": 0.01655438479501754,
            "min": 0.01472448450513184,
            "max": 0.4856025779619813,
            "count": 251
        },
        "DroneAgent.Losses.PretrainingLoss.mean": {
            "value": 0.0,
            "min": 0.0,
            "max": 1.7518319650129839,
            "count": 251
        },
        "DroneAgent.Losses.PretrainingLoss.sum": {
            "value": 0.0,
            "min": 0.0,
            "max": 1.7518319650129839,
            "count": 251
        }
    },
    "metadata": {
        "timer_format_version": "0.1.0",
        "start_time_seconds": "1699590513",
        "python_version": "3.9.13 (tags/v3.9.13:6de2ca5, May 17 2022, 16:36:42) [MSC v.1929 64 bit (AMD64)]",
        "command_line_arguments": "C:\\Users\\thoma\\AppData\\Local\\Programs\\Python\\Python39\\Scripts\\mlagents-learn config\\DroneAgent.yaml --initialize-from=DroneAgentNew1 --run-id=DroneAgentNew2",
        "mlagents_version": "0.30.0",
        "mlagents_envs_version": "0.30.0",