{
    "name": "root",
    "metadata": {
        "timer_format_version": "0.1.0",
        "start_time_seconds": "1696209749",
        "python_version": "3.9.13 (tags/v3.9.13:6de2ca5, May 17 2022, 16:36:42) [MSC v.1929 64 bit (AMD64)]",
        "command_line_arguments": "F:\\Unity projects\\Oblig2\\Drone_MLagents\\venv\\Scripts\\mlagents-learn --run-id=DroneAgent10",
        "mlagents_version": "0.30.0",
        "mlagents_envs_version": "0.30.0",
        "communication_protocol_version": "1.5.0",
        "pytorch_version": "2.0.1+cu117",
        "numpy_version": "1.21.2",
        "end_time_seconds": "1696209852"
    },
    "total": 103.070846,
    "count": 1,
    "self": 10.004058799999996,
    "children": {
        "run_training.setup": {
            "total": 0.02106269999999988,
            "count": 1,
            "self": 0.02106269999999988
        },
        "TrainerController.start_learning": {
            "total": 93.0457245,
            "count": 1,
            "self": 0.12035109999939664,
            "children": {
                "TrainerController._reset_env": {
                    "total": 6.5753124,
                    "count": 1,
                    "self": 6.5753124
                },
                "TrainerController.advance": {
                    "total": 86.24728220000061,
                    "count": 10011,
                    "self": 0.10659260000011272,
                    "children": {
                        "env_step": {
                            "total": 85.33274750000035,
                            "count": 10011,
                            "self": 67.52294490000018,
                            "children": {
                                "SubprocessEnvManager._take_step": {
                                    "total": 17.734920400000217,
                                    "count": 10012,
                                    "self": 0.41207610000001793,
                                    "children": {
                                        "TorchPolicy.evaluate": {
                                            "total": 17.3228443000002,
                                            "count": 10012,
                                            "self": 17.3228443000002
                                        }
                                    }
                                },
                                "workers": {
                                    "total": 0.07488219999995316,
                                    "count": 10010,
                                    "self": 0.0,
                                    "children": {
                                        "worker_root": {
                                            "total": 54.20275909999999,
                                            "count": 10010,
                                            "is_parallel": true,
                                            "self": 24.983586299999825,
                                            "children": {
                                                "steps_from_proto": {
                                                    "total": 0.0005109999999932668,
                                                    "count": 2,
                                                    "is_parallel": true,
                                                    "self": 0.000202799999997616,
                                                    "children": {
                                                        "_process_rank_one_or_two_observation": {
                                                            "total": 0.00030819999999565084,
                                                            "count": 4,
                                                            "is_parallel": true,
                                                            "self": 0.00030819999999565084
                                                        }
                                                    }
                                                },
                                                "UnityEnvironment.step": {
                                                    "total": 29.21866180000017,
                                                    "count": 10010,
                                                    "is_parallel": true,
                                                    "self": 0.4278731000002338,
                                                    "children": {
                                                        "UnityEnvironment._generate_step_input": {
                                                            "total": 0.3905799000003345,
                                                            "count": 10010,
                                                            "is_parallel": true,
                                                            "self": 0.3905799000003345
                                                        },
                                                        "communicator.exchange": {
                                                            "total": 27.377596299999727,
                                                            "count": 10010,
                                                            "is_parallel": true,
                                                            "self": 27.377596299999727
                                                        },
                                                        "steps_from_proto": {
                                                            "total": 1.0226124999998714,
                                                            "count": 10010,
                                                            "is_parallel": true,
                                                            "self": 0.5290904999999517,
                                                            "children": {
                                                                "_process_rank_one_or_two_observation": {
                                                                    "total": 0.49352199999991964,
                                                                    "count": 20020,
                                                                    "is_parallel": true,
                                                                    "self": 0.49352199999991964
                                                                }
                                                            }
                                                        }
                                                    }
                                                }
                                            }
                                        }
                                    }
                                }
                            }
                        },
                        "trainer_advance": {
                            "total": 0.8079421000001439,
                            "count": 10010,
                            "self": 0.1325680000000542,
                            "children": {
                                "process_trajectory": {
                                    "total": 0.6753741000000897,
                                    "count": 10010,
                                    "self": 0.6753741000000897
                                }
                            }
                        }
                    }
                },
                "trainer_threads": {
                    "total": 7.999999951380232e-07,
                    "count": 1,
                    "self": 7.999999951380232e-07
                },
                "TrainerController._save_models": {
                    "total": 0.1027780000000007,
                    "count": 1,
                    "self": 0.0009714999999914653,