{
    "name": "root",
    "gauges": {
        "DroneAgent.Policy.Entropy.mean": {
            "value": 7.873553276062012,
            "min": 7.371652126312256,
            "max": 7.873594760894775,
            "count": 500
        },
        "DroneAgent.Policy.Entropy.sum": {
            "value": 79680.359375,
            "min": 71357.59375,
            "max": 80604.828125,
            "count": 500
        },
        "DroneAgent.Step.mean": {
            "value": 4999947.0,
            "min": 9939.0,
            "max": 4999947.0,
            "count": 500
        },
        "DroneAgent.Step.sum": {
            "value": 4999947.0,
            "min": 9939.0,
            "max": 4999947.0,
            "count": 500
        },
        "DroneAgent.Policy.ExtrinsicValueEstimate.mean": {
            "value": 0.1764673888683319,
            "min": 0.09332652390003204,
            "max": 0.23787571489810944,
            "count": 500
        },
        "DroneAgent.Policy.ExtrinsicValueEstimate.sum": {
            "value": 28.05831527709961,
            "min": 15.025569915771484,
            "max": 37.108612060546875,
            "count": 500
        },
        "DroneAgent.Policy.GailValueEstimate.mean": {
            "value": -2.126809931723983e-06,
            "min": -0.0017822301015257835,
            "max": 0.0061719478107988834,
            "count": 500
        },
        "DroneAgent.Policy.GailValueEstimate.sum": {
            "value": -0.00033816276118159294,
            "min": -0.2798101305961609,
            "max": 0.9936835765838623,
            "count": 500
        },
        "DroneAgent.Environment.EpisodeLength.mean": {
            "value": 1146.0,
            "min": 168.5,
            "max": 5999.0,
            "count": 491
        },
        "DroneAgent.Environment.EpisodeLength.sum": {
            "value": 4584.0,
            "min": 228.0,
            "max": 46631.0,
            "count": 491
        },
        "DroneAgent.Environment.CumulativeReward.mean": {
            "value": 1.4679515264579095,
            "min": -1.020501032937318,
            "max": 12.503193431242835,
            "count": 491
        },
        "DroneAgent.Environment.CumulativeReward.sum": {
            "value": 5.871806105831638,
            "min": -2.041002065874636,
            "max": 76.55804529500892,
            "count": 491
        },
        "DroneAgent.Policy.ExtrinsicReward.mean": {
            "value": 1.4679515264579095,
            "min": -1.020501032937318,
            "max": 12.503193431242835,
            "count": 491
        },
        "DroneAgent.Policy.ExtrinsicReward.sum": {
            "value": 5.871806105831638,
            "min": -2.041002065874636,
            "max": 76.55804529500892,
            "count": 491
        },
        "DroneAgent.Policy.GailReward.mean": {
            "value": 0.00017833879409551168,
            "min": 0.0001139650680856974,
            "max": 0.022527949492475857,
            "count": 491
        },
        "DroneAgent.Policy.GailReward.sum": {
            "value": 0.0007133551763820467,
            "min": 0.0003418952042570922,
            "max": 0.13789973973944547,
            "count": 491
        },
        "DroneAgent.IsTraining.mean": {
            "value": 1.0,
            "min": 1.0,
            "max": 1.0,
            "count": 500
        },
        "DroneAgent.IsTraining.sum": {
            "value": 1.0,
            "min": 1.0,
            "max": 1.0,
            "count": 500
        },
        "DroneAgent.Losses.PolicyLoss.mean": {
            "value": 0.0834647805604618,
            "min": 0.052767467976082116,
            "max": 0.10629698490956799,
            "count": 246
        },
        "DroneAgent.Losses.PolicyLoss.sum": {
            "value": 0.0834647805604618,
            "min": 0.052767467976082116,
            "max": 0.10629698490956799,
            "count": 246
        },
        "DroneAgent.Losses.ValueLoss.mean": {
            "value": 0.0021017730854509865,
            "min": 0.0003890571686497424,
            "max": 0.002956694984459318,
            "count": 246
        },
        "DroneAgent.Losses.ValueLoss.sum": {
            "value": 0.0021017730854509865,
            "min": 0.0003890571686497424,
            "max": 0.002956694984459318,
            "count": 246
        },
        "DroneAgent.Policy.LearningRate.mean": {
            "value": 4.982999501800042e-07,
            "min": 4.982999501800042e-07,
            "max": 0.00099592720040728,
            "count": 246
        },
        "DroneAgent.Policy.LearningRate.sum": {
            "value": 4.982999501800042e-07,
            "min": 4.982999501800042e-07,
            "max": 0.00099592720040728,
            "count": 246
        },
        "DroneAgent.Policy.Epsilon.mean": {
            "value": 0.10004982,
            "min": 0.10004982,
            "max": 0.19959272,
            "count": 246
        },
        "DroneAgent.Policy.Epsilon.sum": {
            "value": 0.10004982,
            "min": 0.10004982,
            "max": 0.19959272,
            "count": 246
        },
        "DroneAgent.Policy.Beta.mean": {
            "value": 0.01,
            "min": 0.01,
            "max": 0.01,
            "count": 246
        },
        "DroneAgent.Policy.Beta.sum": {
            "value": 0.01,
            "min": 0.01,
            "max": 0.01,
            "count": 246
        },
        "DroneAgent.Policy.GAILPolicyEstimate.mean": {
            "value": 0.0001057129424566483,
            "min": 3.0317633510890117e-05,
            "max": 0.0005842092517923447,
            "count": 246
        },
        "DroneAgent.Policy.GAILPolicyEstimate.sum": {
            "value": 0.0001057129424566483,
            "min": 3.0317633510890117e-05,
            "max": 0.0005842092517923447,
            "count": 246
        },
        "DroneAgent.Policy.GAILExpertEstimate.mean": {
            "value": 0.9999261125922203,
            "min": 0.9997938215732575,
            "max": 0.999992898106575,
            "count": 246
        },
        "DroneAgent.Policy.GAILExpertEstimate.sum": {
            "value": 0.9999261125922203,
            "min": 0.9997938215732575,
            "max": 0.999992898106575,
            "count": 246
        },
        "DroneAgent.Losses.GAILLoss.mean": {
            "value": 0.00018356873192715284,
            "min": 7.077873556227132e-05,
            "max": 0.00085317633311206,
            "count": 246
        },
        "DroneAgent.Losses.GAILLoss.sum": {
            "value": 0.00018356873192715284,
            "min": 7.077873556227132e-05,
            "max": 0.00085317633311206,
            "count": 246
        },
        "DroneAgent.Policy.GAILGradMagLoss.mean": {
            "value": 0.0005821105056384113,
            "min": 0.0002239458764961455,
            "max": 0.001772164319845615,
            "count": 246
        },
        "DroneAgent.Policy.GAILGradMagLoss.sum": {
            "value": 0.0005821105056384113,
            "min": 0.0002239458764961455,
            "max": 0.001772164319845615,
            "count": 246
        },
        "DroneAgent.Losses.PretrainingLoss.mean": {
            "value": 0.0,
            "min": 0.0,
            "max": 192342.0462962963,
            "count": 246
        },
        "DroneAgent.Losses.PretrainingLoss.sum": {
            "value": 0.0,
            "min": 0.0,
            "max": 192342.0462962963,
            "count": 246
        }
    },
    "metadata": {
        "timer_format_version": "0.1.0",
        "start_time_seconds": "1699339703",
        "python_version": "3.9.13 (tags/v3.9.13:6de2ca5, May 17 2022, 16:36:42) [MSC v.1929 64 bit (AMD64)]",
        "command_line_arguments": "C:\\Users\\thoma\\AppData\\Local\\Programs\\Python\\Python39\\Scripts\\mlagents-learn config\\DroneAgent.yaml --initialize-from=DroneAgentMoveingTrack1 --run-id=DroneAgentMoveingTrack2",
        "mlagents_version": "0.30.0",
        "mlagents_envs_version": "0.30.0",