{
    "name": "root",
    "gauges": {
        "DroneAgent.Policy.Entropy.mean": {
            "value": 4.034534931182861,
            "min": 3.4704959392547607,
            "max": 4.034544944763184,
            "count": 500
        },
        "DroneAgent.Policy.Entropy.sum": {
            "value": 39736.1328125,
            "min": 33168.203125,
            "max": 41424.1796875,
            "count": 500
        },
        "DroneAgent.Step.mean": {
            "value": 4999967.0,
            "min": 9952.0,
            "max": 4999967.0,
            "count": 500
        },
        "DroneAgent.Step.sum": {
            "value": 4999967.0,
            "min": 9952.0,
            "max": 4999967.0,
            "count": 500
        },
        "DroneAgent.Policy.ExtrinsicValueEstimate.mean": {
            "value": 0.1554604023694992,
            "min": 0.04129033908247948,
            "max": 0.3603598177433014,
            "count": 500
        },
        "DroneAgent.Policy.ExtrinsicValueEstimate.sum": {
            "value": 24.718204498291016,
            "min": 6.647744655609131,
            "max": 56.21613311767578,
            "count": 500
        },
        "DroneAgent.Policy.GailValueEstimate.mean": {
            "value": 0.006041870918124914,
            "min": -0.0003799199184868485,
            "max": 0.03821919858455658,
            "count": 500
        },
        "DroneAgent.Policy.GailValueEstimate.sum": {
            "value": 0.9606574773788452,
            "min": -0.05964742600917816,
            "max": 6.076852321624756,
            "count": 500
        },
        "DroneAgent.Environment.EpisodeLength.mean": {
            "value": 3124.2,
            "min": 338.0,
            "max": 5999.0,
            "count": 453
        },
        "DroneAgent.Environment.EpisodeLength.sum": {
            "value": 15621.0,
            "min": 338.0,
            "max": 39829.0,
            "count": 453
        },
        "DroneAgent.Environment.CumulativeReward.mean": {
            "value": 6.904237626772374,
            "min": -0.8124294697772712,
            "max": 19.271444831974804,
            "count": 453
        },
        "DroneAgent.Environment.CumulativeReward.sum": {
            "value": 34.52118813386187,
            "min": -2.6371540639083833,
            "max": 98.21738579683006,
            "count": 453
        },
        "DroneAgent.Policy.ExtrinsicReward.mean": {
            "value": 6.904237626772374,
            "min": -0.8124294697772712,
            "max": 19.271444831974804,
            "count": 453
        },
        "DroneAgent.Policy.ExtrinsicReward.sum": {
            "value": 34.52118813386187,
            "min": -2.6371540639083833,
            "max": 98.21738579683006,
            "count": 453
        },
        "DroneAgent.Policy.GailReward.mean": {
            "value": 0.42926023061041807,
            "min": 0.007138661614590092,
            "max": 3.8789445359740022,
            "count": 453
        },
        "DroneAgent.Policy.GailReward.sum": {
            "value": 2.1463011530520903,
            "min": 0.007138661614590092,
            "max": 15.256091120276304,
            "count": 453
        },
        "DroneAgent.IsTraining.mean": {
            "value": 1.0,
            "min": 1.0,
            "max": 1.0,
            "count": 500
        },
        "DroneAgent.IsTraining.sum": {
            "value": 1.0,
            "min": 1.0,
            "max": 1.0,
            "count": 500
        },
        "DroneAgent.Losses.PolicyLoss.mean": {
            "value": 0.0729546005371958,
            "min": 0.05019745022873394,
            "max": 0.11929748903494328,
            "count": 244
        },
        "DroneAgent.Losses.PolicyLoss.sum": {
            "value": 0.0729546005371958,
            "min": 0.05019745022873394,
            "max": 0.11929748903494328,
            "count": 244
        },
        "DroneAgent.Losses.ValueLoss.mean": {
            "value": 0.0006545051975990646,
            "min": 0.0004340344199590618,
            "max": 0.0024255511016235687,
            "count": 244
        },
        "DroneAgent.Losses.ValueLoss.sum": {
            "value": 0.0006545051975990646,
            "min": 0.0004340344199590618,
            "max": 0.0024255511016235687,
            "count": 244
        },
        "DroneAgent.Policy.LearningRate.mean": {
            "value": 3.269299673079972e-06,
            "min": 3.269299673079972e-06,
            "max": 0.00099570560042944,
            "count": 244
        },
        "DroneAgent.Policy.LearningRate.sum": {
            "value": 3.269299673079972e-06,
            "min": 3.269299673079972e-06,
            "max": 0.00099570560042944,
            "count": 244
        },
        "DroneAgent.Policy.Epsilon.mean": {
            "value": 0.10032692000000001,
            "min": 0.10032692000000001,
            "max": 0.19957056,
            "count": 244
        },
        "DroneAgent.Policy.Epsilon.sum": {
            "value": 0.10032692000000001,
            "min": 0.10032692000000001,
            "max": 0.19957056,
            "count": 244
        },
        "DroneAgent.Policy.Beta.mean": {
            "value": 0.01,
            "min": 0.01,
            "max": 0.01,
            "count": 244
        },
        "DroneAgent.Policy.Beta.sum": {
            "value": 0.01,
            "min": 0.01,
            "max": 0.01,
            "count": 244
        },
        "DroneAgent.Policy.GAILPolicyEstimate.mean": {
            "value": 0.00046675176636199465,
            "min": 0.00015621512754933066,
            "max": 0.00222378236358054,
            "count": 244
        },
        "DroneAgent.Policy.GAILPolicyEstimate.sum": {
            "value": 0.00046675176636199465,
            "min": 0.00015621512754933066,
            "max": 0.00222378236358054,
            "count": 244
        },
        "DroneAgent.Policy.GAILExpertEstimate.mean": {
            "value": 0.9997834235429763,
            "min": 0.9991271167993545,
            "max": 0.9998936370015145,
            "count": 244
        },
        "DroneAgent.Policy.GAILExpertEstimate.sum": {
            "value": 0.9997834235429763,
            "min": 0.9991271167993545,
            "max": 0.9998936370015145,
            "count": 244
        },
        "DroneAgent.Losses.GAILLoss.mean": {
            "value": 0.0007092895921232412,
            "min": 0.00037817400589119644,
            "max": 0.002906088858435396,
            "count": 244
        },
        "DroneAgent.Losses.GAILLoss.sum": {
            "value": 0.0007092895921232412,
            "min": 0.00037817400589119644,
            "max": 0.002906088858435396,
            "count": 244
        },
        "DroneAgent.Policy.GAILGradMagLoss.mean": {
            "value": 0.0016350004138075747,
            "min": 0.0010233824810711666,
            "max": 0.005211709064315073,
            "count": 244
        },
        "DroneAgent.Policy.GAILGradMagLoss.sum": {
            "value": 0.0016350004138075747,
            "min": 0.0010233824810711666,
            "max": 0.005211709064315073,
            "count": 244
        },
        "DroneAgent.Losses.PretrainingLoss.mean": {
            "value": 0.0,
            "min": 0.0,
            "max": 98.10796299687138,
            "count": 244
        },
        "DroneAgent.Losses.PretrainingLoss.sum": {
            "value": 0.0,
            "min": 0.0,
            "max": 98.10796299687138,
            "count": 244
        }
    },
    "metadata": {
        "timer_format_version": "0.1.0",
        "start_time_seconds": "1697623672",
        "python_version": "3.9.13 (tags/v3.9.13:6de2ca5, May 17 2022, 16:36:42) [MSC v.1929 64 bit (AMD64)]",
        "command_line_arguments": "F:\\Unity projects\\Oblig2\\Drone_MLagents\\venv\\Scripts\\mlagents-learn config/DroneAgent.yaml --initialize-from=DroneAgentTrackNew5 --run-id=DroneAgentTrackNew6",
        "mlagents_version": "0.30.0",
        "mlagents_envs_version": "0.30.0",