{
    "name": "root",
    "gauges": {
        "DroneAgent.Policy.Entropy.mean": {
            "value": -7.463238716125488,
            "min": -7.469664573669434,
            "max": -7.463238716125488,
            "count": 7
        },
        "DroneAgent.Policy.Entropy.sum": {
            "value": -74893.6015625,
            "min": -77445.484375,
            "max": -73179.25,
            "count": 7
        },
        "DroneAgent.Step.mean": {
            "value": 69948.0,
            "min": 9991.0,
            "max": 69948.0,
            "count": 7
        },
        "DroneAgent.Step.sum": {
            "value": 69948.0,
            "min": 9991.0,
            "max": 69948.0,
            "count": 7
        },
        "DroneAgent.Policy.ExtrinsicValueEstimate.mean": {
            "value": -0.004680955782532692,
            "min": -0.024281218647956848,
            "max": 0.042737413197755814,
            "count": 7
        },
        "DroneAgent.Policy.ExtrinsicValueEstimate.sum": {
            "value": -0.7536339163780212,
            "min": -3.8121511936187744,
            "max": 6.837985992431641,
            "count": 7
        },
        "DroneAgent.Policy.GailValueEstimate.mean": {
            "value": 0.3839372992515564,
            "min": 0.3806917667388916,
            "max": 0.5873466730117798,
            "count": 7
        },
        "DroneAgent.Policy.GailValueEstimate.sum": {
            "value": 61.81390380859375,
            "min": 61.29137420654297,
            "max": 92.21342468261719,
            "count": 7
        },
        "DroneAgent.Environment.EpisodeLength.mean": {
            "value": 1392.6666666666667,
            "min": 930.5,
            "max": 1499.0,
            "count": 7
        },
        "DroneAgent.Environment.EpisodeLength.sum": {
            "value": 12534.0,
            "min": 1861.0,
            "max": 13491.0,
            "count": 7
        },
        "DroneAgent.Environment.CumulativeReward.mean": {
            "value": -0.9509927092327012,
            "min": -1.1575556863099337,
            "max": 0.2979999091476202,
            "count": 7
        },
        "DroneAgent.Environment.CumulativeReward.sum": {
            "value": -8.55893438309431,
            "min": -10.180934431031346,
            "max": 0.5959998182952404,
            "count": 7
        },
        "DroneAgent.Policy.ExtrinsicReward.mean": {
            "value": -0.9509927092327012,
            "min": -1.1575556863099337,
            "max": 0.2979999091476202,
            "count": 7
        },
        "DroneAgent.Policy.ExtrinsicReward.sum": {
            "value": -8.55893438309431,
            "min": -10.180934431031346,
            "max": 0.5959998182952404,
            "count": 7
        },
        "DroneAgent.Policy.GailReward.mean": {
            "value": 0.7511068719099935,
            "min": 0.7511068719099935,
            "max": 4.516611582487494,
            "count": 7
        },
        "DroneAgent.Policy.GailReward.sum": {
            "value": 6.759961847189941,
            "min": 3.0703349405084737,
            "max": 31.616281077412456,
            "count": 7
        },
        "DroneAgent.IsTraining.mean": {
            "value": 1.0,
            "min": 1.0,
            "max": 1.0,
            "count": 7
        },
        "DroneAgent.IsTraining.sum": {
            "value": 1.0,
            "min": 1.0,
            "max": 1.0,
            "count": 7
        },
        "DroneAgent.Losses.PolicyLoss.mean": {
            "value": 0.26115787997841833,
            "min": 0.24548481504122416,
            "max": 0.28866778016090394,
            "count": 6
        },
        "DroneAgent.Losses.PolicyLoss.sum": {
            "value": 0.26115787997841833,
            "min": 0.24548481504122416,
            "max": 0.28866778016090394,
            "count": 6
        },
        "DroneAgent.Losses.ValueLoss.mean": {
            "value": 0.003267897211480886,
            "min": 0.0024505967429528635,
            "max": 0.010357348372538884,
            "count": 6
        },
        "DroneAgent.Losses.ValueLoss.sum": {
            "value": 0.003267897211480886,
            "min": 0.0024505967429528635,
            "max": 0.010357348372538884,
            "count": 6
        },
        "DroneAgent.Policy.LearningRate.mean": {
            "value": 0.0002635218121593999,
            "min": 0.0002635218121593999,
            "max": 0.00029381340206219997,
            "count": 6
        },
        "DroneAgent.Policy.LearningRate.sum": {
            "value": 0.0002635218121593999,
            "min": 0.0002635218121593999,
            "max": 0.00029381340206219997,
            "count": 6
        },
        "DroneAgent.Policy.Epsilon.mean": {
            "value": 0.18784060000000008,
            "min": 0.18784060000000008,
            "max": 0.1979378,
            "count": 6
        },
        "DroneAgent.Policy.Epsilon.sum": {
            "value": 0.18784060000000008,
            "min": 0.18784060000000008,
            "max": 0.1979378,
            "count": 6
        },
        "DroneAgent.Policy.Beta.mean": {
            "value": 0.005000000000000001,
            "min": 0.005000000000000001,
            "max": 0.005000000000000001,
            "count": 6
        },
        "DroneAgent.Policy.Beta.sum": {
            "value": 0.005000000000000001,
            "min": 0.005000000000000001,
            "max": 0.005000000000000001,
            "count": 6
        },
        "DroneAgent.Policy.GAILPolicyEstimate.mean": {
            "value": 0.05216720172514518,
            "min": 0.05216720172514518,
            "max": 0.09813070371747017,
            "count": 6
        },
        "DroneAgent.Policy.GAILPolicyEstimate.sum": {
            "value": 0.05216720172514518,
            "min": 0.05216720172514518,
            "max": 0.09813070371747017,
            "count": 6
        },
        "DroneAgent.Policy.GAILExpertEstimate.mean": {
            "value": 0.9984339555104573,
            "min": 0.9980926354726155,
            "max": 0.9994184811909993,
            "count": 6
        },
        "DroneAgent.Policy.GAILExpertEstimate.sum": {
            "value": 0.9984339555104573,
            "min": 0.9980926354726155,
            "max": 0.9994184811909993,
            "count": 6
        },
        "DroneAgent.Losses.GAILLoss.mean": {
            "value": 0.05965572334825993,
            "min": 0.05965572334825993,
            "max": 0.11818964332342148,
            "count": 6
        },
        "DroneAgent.Losses.GAILLoss.sum": {
            "value": 0.05965572334825993,
            "min": 0.05965572334825993,
            "max": 0.11818964332342148,
            "count": 6
        },
        "DroneAgent.Policy.GAILGradMagLoss.mean": {
            "value": 0.24692264993985494,
            "min": 0.06467773541808128,
            "max": 0.4332384164134661,
            "count": 6
        },
        "DroneAgent.Policy.GAILGradMagLoss.sum": {
            "value": 0.24692264993985494,
            "min": 0.06467773541808128,
            "max": 0.4332384164134661,
            "count": 6
        },
        "DroneAgent.Losses.PretrainingLoss.mean": {
            "value": 0.026579317395333892,
            "min": 0.026579317395333892,
            "max": 0.15309510380029678,
            "count": 6
        },
        "DroneAgent.Losses.PretrainingLoss.sum": {
            "value": 0.026579317395333892,
            "min": 0.026579317395333892,
            "max": 0.15309510380029678,
            "count": 6
        }
    },
    "metadata": {
        "timer_format_version": "0.1.0",
        "start_time_seconds": "1696473585",
        "python_version": "3.9.13 (tags/v3.9.13:6de2ca5, May 17 2022, 16:36:42) [MSC v.1929 64 bit (AMD64)]",
        "command_line_arguments": "F:\\Unity projects\\Oblig2\\Drone_MLagents\\venv\\Scripts\\mlagents-learn config/DroneAgentNew.yaml --initialize-from=DroneAgentRework3 --run-id=DroneAgentNewConfig3",
        "mlagents_version": "0.30.0",