{
    "name": "root",
    "gauges": {
        "DroneAgent.Policy.Entropy.mean": {
            "value": 5.837832450866699,
            "min": 5.738152503967285,
            "max": 5.863690376281738,
            "count": 500
        },
        "DroneAgent.Policy.Entropy.sum": {
            "value": 57864.59375,
            "min": 54045.5390625,
            "max": 65842.6875,
            "count": 500
        },
        "DroneAgent.Step.mean": {
            "value": 4999958.0,
            "min": 9984.0,
            "max": 4999958.0,
            "count": 500
        },
        "DroneAgent.Step.sum": {
            "value": 4999958.0,
            "min": 9984.0,
            "max": 4999958.0,
            "count": 500
        },
        "DroneAgent.Policy.ExtrinsicValueEstimate.mean": {
            "value": 1.270328164100647,
            "min": -1.3192673921585083,
            "max": 1.362850546836853,
            "count": 500
        },
        "DroneAgent.Policy.ExtrinsicValueEstimate.sum": {
            "value": 209.60415649414062,
            "min": -218.99838256835938,
            "max": 220.40200805664062,
            "count": 500
        },
        "DroneAgent.Policy.GailValueEstimate.mean": {
            "value": 0.0020882422104477882,
            "min": -0.001074152416549623,
            "max": 0.14905527234077454,
            "count": 500
        },
        "DroneAgent.Policy.GailValueEstimate.sum": {
            "value": 0.3445599675178528,
            "min": -0.17830929160118103,
            "max": 24.743175506591797,
            "count": 500
        },
        "DroneAgent.IsTraining.mean": {
            "value": 1.0,
            "min": 1.0,
            "max": 1.0,
            "count": 500
        },
        "DroneAgent.IsTraining.sum": {
            "value": 1.0,
            "min": 1.0,
            "max": 1.0,
            "count": 500
        },
        "DroneAgent.Environment.EpisodeLength.mean": {
            "value": 599.0,
            "min": 291.0,
            "max": 599.0,
            "count": 491
        },
        "DroneAgent.Environment.EpisodeLength.sum": {
            "value": 8985.0,
            "min": 291.0,
            "max": 13556.0,
            "count": 491
        },
        "DroneAgent.Environment.CumulativeReward.mean": {
            "value": 7.7750443217655025,
            "min": -8.4200901966542,
            "max": 8.716608251134554,
            "count": 494
        },
        "DroneAgent.Environment.CumulativeReward.sum": {
            "value": 116.62566482648253,
            "min": -175.4261368215084,
            "max": 181.8396090120077,
            "count": 494
        },
        "DroneAgent.Policy.ExtrinsicReward.mean": {
            "value": 7.7750443217655025,
            "min": -8.4200901966542,
            "max": 8.716608251134554,
            "count": 494
        },
        "DroneAgent.Policy.ExtrinsicReward.sum": {
            "value": 116.62566482648253,
            "min": -175.4261368215084,
            "max": 181.8396090120077,
            "count": 494
        },
        "DroneAgent.Policy.GailReward.mean": {
            "value": 0.004831006660996214,
            "min": 2.1386356404917706e-05,
            "max": 3.943003272680156,
            "count": 494
        },
        "DroneAgent.Policy.GailReward.sum": {
            "value": 0.07246509991494321,
            "min": 2.1386356404917706e-05,
            "max": 82.80306872628327,
            "count": 494
        },
        "DroneAgent.Losses.PolicyLoss.mean": {
            "value": 0.09179735774960136,
            "min": 0.05275863595306873,
            "max": 0.1370902768219821,
            "count": 254
        },
        "DroneAgent.Losses.PolicyLoss.sum": {
            "value": 0.09179735774960136,
            "min": 0.05275863595306873,
            "max": 0.1370902768219821,
            "count": 254
        },
        "DroneAgent.Losses.ValueLoss.mean": {
            "value": 0.003594714743667282,
            "min": 6.427500445624901e-05,
            "max": 0.028838772792369127,
            "count": 254
        },
        "DroneAgent.Losses.ValueLoss.sum": {
            "value": 0.003594714743667282,
            "min": 6.427500445624901e-05,
            "max": 0.028838772792369127,
            "count": 254
        },
        "DroneAgent.Policy.LearningRate.mean": {
            "value": 3.011699698840003e-06,
            "min": 3.011699698840003e-06,
            "max": 0.00099586720041328,
            "count": 254
        },
        "DroneAgent.Policy.LearningRate.sum": {
            "value": 3.011699698840003e-06,
            "min": 3.011699698840003e-06,
            "max": 0.00099586720041328,
            "count": 254
        },
        "DroneAgent.Policy.Epsilon.mean": {
            "value": 0.10030116,
            "min": 0.10030116,
            "max": 0.19958672,
            "count": 254
        },
        "DroneAgent.Policy.Epsilon.sum": {
            "value": 0.10030116,
            "min": 0.10030116,
            "max": 0.19958672,
            "count": 254
        },
        "DroneAgent.Policy.Beta.mean": {
            "value": 0.01,
            "min": 0.01,
            "max": 0.01,
            "count": 254
        },
        "DroneAgent.Policy.Beta.sum": {
            "value": 0.01,
            "min": 0.01,
            "max": 0.01,
            "count": 254
        },
        "DroneAgent.Policy.GAILPolicyEstimate.mean": {
            "value": 3.2108143855236195e-06,
            "min": 3.2108143855236195e-06,
            "max": 0.004220697332971213,
            "count": 254
        },
        "DroneAgent.Policy.GAILPolicyEstimate.sum": {
            "value": 3.2108143855236195e-06,
            "min": 3.2108143855236195e-06,
            "max": 0.004220697332971213,
            "count": 254
        },
        "DroneAgent.Policy.GAILExpertEstimate.mean": {
            "value": 0.9999996662139893,
            "min": 0.999713945388794,
            "max": 0.9999999389052391,
            "count": 254
        },
        "DroneAgent.Policy.GAILExpertEstimate.sum": {
            "value": 0.9999996662139893,
            "min": 0.999713945388794,
            "max": 0.9999999389052391,
            "count": 254
        },
        "DroneAgent.Losses.GAILLoss.mean": {
            "value": 3.335808996762779e-06,
            "min": 3.335808996762779e-06,
            "max": 0.004890411164888064,
            "count": 254
        },
        "DroneAgent.Losses.GAILLoss.sum": {
            "value": 3.335808996762779e-06,
            "min": 3.335808996762779e-06,
            "max": 0.004890411164888064,
            "count": 254
        },
        "DroneAgent.Policy.GAILGradMagLoss.mean": {
            "value": 6.351604552037315e-05,
            "min": 6.351604552037315e-05,
            "max": 0.06723755420207453,
            "count": 254
        },
        "DroneAgent.Policy.GAILGradMagLoss.sum": {
            "value": 6.351604552037315e-05,
            "min": 6.351604552037315e-05,
            "max": 0.06723755420207453,
            "count": 254
        },
        "DroneAgent.Losses.PretrainingLoss.mean": {
            "value": 0.0,
            "min": 0.0,
            "max": 25942.24939236111,
            "count": 254
        },
        "DroneAgent.Losses.PretrainingLoss.sum": {
            "value": 0.0,
            "min": 0.0,
            "max": 25942.24939236111,
            "count": 254
        }
    },
    "metadata": {
        "timer_format_version": "0.1.0",
        "start_time_seconds": "1700076104",
        "python_version": "3.9.13 (tags/v3.9.13:6de2ca5, May 17 2022, 16:36:42) [MSC v.1929 64 bit (AMD64)]",
        "command_line_arguments": "C:\\Users\\thoma\\AppData\\Local\\Programs\\Python\\Python39\\Scripts\\mlagents-learn config\\DroneAgent.yaml --initialize-from=DroneAgentMG8 --run-id=DroneAgentMG9",
        "mlagents_version": "0.30.0",
        "mlagents_envs_version": "0.30.0",
        "communication_protocol_version": "1.5.0",