{
    "name": "root",
    "gauges": {
        "DroneAgent.Policy.Entropy.mean": {
            "value": 1.2738208770751953,
            "min": 1.2738208770751953,
            "max": 1.3701720237731934,
            "count": 2
        },
        "DroneAgent.Policy.Entropy.sum": {
            "value": 25863.66015625,
            "min": 25863.66015625,
            "max": 27819.97265625,
            "count": 2
        },
        "DroneAgent.Step.mean": {
            "value": 39968.0,
            "min": 19984.0,
            "max": 39968.0,
            "count": 2
        },
        "DroneAgent.Step.sum": {
            "value": 39968.0,
            "min": 19984.0,
            "max": 39968.0,
            "count": 2
        },
        "DroneAgent.Policy.ExtrinsicValueEstimate.mean": {
            "value": -0.09947779774665833,
            "min": -0.09947779774665833,
            "max": 0.8580102920532227,
            "count": 2
        },
        "DroneAgent.Policy.ExtrinsicValueEstimate.sum": {
            "value": -31.733417510986328,
            "min": -31.733417510986328,
            "max": 273.7052917480469,
            "count": 2
        },
        "DroneAgent.Policy.GailValueEstimate.mean": {
            "value": 4.972729682922363,
            "min": 4.972729682922363,
            "max": 8.505769729614258,
            "count": 2
        },
        "DroneAgent.Policy.GailValueEstimate.sum": {
            "value": 1586.30078125,
            "min": 1586.30078125,
            "max": 2713.340576171875,
            "count": 2
        },
        "DroneAgent.Losses.PolicyLoss.mean": {
            "value": 0.04757901551775864,
            "min": 0.04757901551775864,
            "max": 0.05356111628221004,
            "count": 2
        },
        "DroneAgent.Losses.PolicyLoss.sum": {
            "value": 0.8088432638018969,
            "min": 0.8088432638018969,
            "max": 0.8569778605153606,
            "count": 2
        },
        "DroneAgent.Losses.ValueLoss.mean": {
            "value": 0.010203426877047778,
            "min": 0.010203426877047778,
            "max": 0.8864563858695647,
            "count": 2
        },
        "DroneAgent.Losses.ValueLoss.sum": {
            "value": 0.17345825690981223,
            "min": 0.17345825690981223,
            "max": 14.183302173913034,
            "count": 2
        },
        "DroneAgent.Policy.LearningRate.mean": {
            "value": 0.0002982211770635294,
            "min": 0.0002982211770635294,
            "max": 0.00029940978019674,
            "count": 2
        },
        "DroneAgent.Policy.LearningRate.sum": {
            "value": 0.00506976001008,
            "min": 0.00479055648314784,
            "max": 0.00506976001008,
            "count": 2
        },
        "DroneAgent.Policy.Epsilon.mean": {
            "value": 0.1994070588235294,
            "min": 0.1994070588235294,
            "max": 0.19980326,
            "count": 2
        },
        "DroneAgent.Policy.Epsilon.sum": {
            "value": 3.38992,
            "min": 3.19685216,
            "max": 3.38992,
            "count": 2
        },
        "DroneAgent.Policy.Beta.mean": {
            "value": 0.0004970945882352941,
            "min": 0.0004970945882352941,
            "max": 0.0004990359739999999,
            "count": 2
        },
        "DroneAgent.Policy.Beta.sum": {
            "value": 0.008450608,
            "min": 0.007984575583999998,
            "max": 0.008450608,
            "count": 2
        },
        "DroneAgent.Policy.GAILPolicyEstimate.mean": {
            "value": 0.08513113074474225,
            "min": 0.08513113074474225,
            "max": 0.14896396012045443,
            "count": 2
        },
        "DroneAgent.Policy.GAILPolicyEstimate.sum": {
            "value": 1.4472292226606183,
            "min": 1.4472292226606183,
            "max": 2.383423361927271,
            "count": 2
        },
        "DroneAgent.Policy.GAILExpertEstimate.mean": {
            "value": 0.9693240772525804,
            "min": 0.8726971484942451,
            "max": 0.9693240772525804,
            "count": 2
        },
        "DroneAgent.Policy.GAILExpertEstimate.sum": {
            "value": 16.478509313293866,
            "min": 13.963154375907921,
            "max": 16.478509313293866,
            "count": 2
        },
        "DroneAgent.Losses.GAILLoss.mean": {
            "value": 0.12031772543861419,
            "min": 0.12031772543861419,
            "max": 0.3110695594943883,
            "count": 2
        },
        "DroneAgent.Losses.GAILLoss.sum": {
            "value": 2.045401332456441,
            "min": 2.045401332456441,
            "max": 4.977112951910213,
            "count": 2
        },
        "DroneAgent.Policy.GAILGradMagLoss.mean": {
            "value": 0.20339086756151933,
            "min": 0.20339086756151933,
            "max": 3.1097891027595668,
            "count": 2
        },
        "DroneAgent.Policy.GAILGradMagLoss.sum": {
            "value": 3.4576447485458286,
            "min": 3.4576447485458286,
            "max": 49.75662564415307,
            "count": 2
        },
        "DroneAgent.Losses.PretrainingLoss.mean": {
            "value": 0.803977760973739,
            "min": 0.803977760973739,
            "max": 0.9620033512130761,
            "count": 2
        },
        "DroneAgent.Losses.PretrainingLoss.sum": {
            "value": 13.667621936553562,
            "min": 13.667621936553562,
            "max": 15.392053619409218,
            "count": 2
        },
        "DroneAgent.Environment.EpisodeLength.mean": {
            "value": 999.0,
            "min": 999.0,
            "max": 999.0,
            "count": 2
        },
        "DroneAgent.Environment.EpisodeLength.sum": {
            "value": 17982.0,
            "min": 17982.0,
            "max": 17982.0,
            "count": 2
        },
        "DroneAgent.Environment.CumulativeReward.mean": {
            "value": 0.0,
            "min": 0.0,
            "max": 0.0,
            "count": 2
        },
        "DroneAgent.Environment.CumulativeReward.sum": {
            "value": 0.0,
            "min": 0.0,
            "max": 0.0,
            "count": 2
        },
        "DroneAgent.Policy.ExtrinsicReward.mean": {
            "value": 0.0,
            "min": 0.0,
            "max": 0.0,
            "count": 2
        },
        "DroneAgent.Policy.ExtrinsicReward.sum": {
            "value": 0.0,
            "min": 0.0,
            "max": 0.0,
            "count": 2
        },
        "DroneAgent.Policy.GailReward.mean": {
            "value": 48.245850152439544,
            "min": 48.245850152439544,
            "max": 92.96643888950348,
            "count": 2
        },
        "DroneAgent.Policy.GailReward.sum": {
            "value": 868.4253027439117,
            "min": 868.4253027439117,
            "max": 1673.3959000110626,
            "count": 2
        },
        "DroneAgent.IsTraining.mean": {
            "value": 1.0,
            "min": 1.0,
            "max": 1.0,
            "count": 2
        },
        "DroneAgent.IsTraining.sum": {
            "value": 1.0,
            "min": 1.0,
            "max": 1.0,
            "count": 2
        }
    },
    "metadata": {
        "timer_format_version": "0.1.0",
        "start_time_seconds": "1696253708",
        "python_version": "3.9.13 (tags/v3.9.13:6de2ca5, May 17 2022, 16:36:42) [MSC v.1929 64 bit (AMD64)]",
        "command_line_arguments": "F:\\Unity projects\\Oblig2\\Drone_MLagents\\venv\\Scripts\\mlagents-learn config/DroneAgent.yaml --run-id=DroneAgentGoalCloneTrainingUp6",
        "mlagents_version": "0.30.0",
        "mlagents_envs_version": "0.30.0",
        "communication_protocol_version": "1.5.0",
        "pytorch_version": "2.0.1+cu117",
        "numpy_version": "1.21.2",
        "end_time_seconds": "1696253824"
    },
    "total": 115.9301979,
    "count": 1,
    "self": 0.0056713999999971065,