{
    "name": "root",
    "gauges": {
        "DroneAgent.Policy.Entropy.mean": {
            "value": 1.3885761499404907,
            "min": 1.3885761499404907,
            "max": 1.4189382791519165,
            "count": 8
        },
        "DroneAgent.Policy.Entropy.sum": {
            "value": 14017.67578125,
            "min": 13114.0107421875,
            "max": 14983.98828125,
            "count": 8
        },
        "DroneAgent.Step.mean": {
            "value": 79977.0,
            "min": 9984.0,
            "max": 79977.0,
            "count": 8
        },
        "DroneAgent.Step.sum": {
            "value": 79977.0,
            "min": 9984.0,
            "max": 79977.0,
            "count": 8
        },
        "DroneAgent.Policy.ExtrinsicValueEstimate.mean": {
            "value": 1.103990912437439,
            "min": 0.4098565876483917,
            "max": 1.103990912437439,
            "count": 8
        },
        "DroneAgent.Policy.ExtrinsicValueEstimate.sum": {
            "value": 176.6385498046875,
            "min": 63.937625885009766,
            "max": 176.6385498046875,
            "count": 8
        },
        "DroneAgent.Policy.GailValueEstimate.mean": {
            "value": 2.19511079788208,
            "min": -0.7985020279884338,
            "max": 2.19511079788208,
            "count": 8
        },
        "DroneAgent.Policy.GailValueEstimate.sum": {
            "value": 351.2177429199219,
            "min": -124.56631469726562,
            "max": 351.2177429199219,
            "count": 8
        },
        "DroneAgent.IsTraining.mean": {
            "value": 1.0,
            "min": 1.0,
            "max": 1.0,
            "count": 8
        },
        "DroneAgent.IsTraining.sum": {
            "value": 1.0,
            "min": 1.0,
            "max": 1.0,
            "count": 8
        },
        "DroneAgent.Losses.PolicyLoss.mean": {
            "value": 0.1550048559710073,
            "min": 0.01620997836192449,
            "max": 0.15831849778381488,
            "count": 7
        },
        "DroneAgent.Losses.PolicyLoss.sum": {
            "value": 0.1550048559710073,
            "min": 0.01620997836192449,
            "max": 0.15831849778381488,
            "count": 7
        },
        "DroneAgent.Losses.ValueLoss.mean": {
            "value": 0.02451631110161543,
            "min": 0.02451631110161543,
            "max": 0.11758940753837427,
            "count": 7
        },
        "DroneAgent.Losses.ValueLoss.sum": {
            "value": 0.02451631110161543,
            "min": 0.02451631110161543,
            "max": 0.11758940753837427,
            "count": 7
        },
        "DroneAgent.Policy.LearningRate.mean": {
            "value": 0.00029569884143371996,
            "min": 0.00029569884143371996,
            "max": 0.0002993664002111999,
            "count": 7
        },
        "DroneAgent.Policy.LearningRate.sum": {
            "value": 0.00029569884143371996,
            "min": 0.00029569884143371996,
            "max": 0.0002993664002111999,
            "count": 7
        },
        "DroneAgent.Policy.Epsilon.mean": {
            "value": 0.19856627999999996,
            "min": 0.19856627999999996,
            "max": 0.19978880000000007,
            "count": 7
        },
        "DroneAgent.Policy.Epsilon.sum": {
            "value": 0.19856627999999996,
            "min": 0.19856627999999996,
            "max": 0.19978880000000007,
            "count": 7
        },
        "DroneAgent.Policy.Beta.mean": {
            "value": 0.005000000000000001,
            "min": 0.005000000000000001,
            "max": 0.005000000000000001,
            "count": 7
        },
        "DroneAgent.Policy.Beta.sum": {
            "value": 0.005000000000000001,
            "min": 0.005000000000000001,
            "max": 0.005000000000000001,
            "count": 7
        },
        "DroneAgent.Policy.GAILPolicyEstimate.mean": {
            "value": 0.2597889582316081,
            "min": 0.2597889582316081,
            "max": 0.44071340560913086,
            "count": 7
        },
        "DroneAgent.Policy.GAILPolicyEstimate.sum": {
            "value": 0.2597889582316081,
            "min": 0.2597889582316081,
            "max": 0.44071340560913086,
            "count": 7
        },
        "DroneAgent.Policy.GAILExpertEstimate.mean": {
            "value": 0.7896628061930339,
            "min": 0.506093156337738,
            "max": 0.7896628061930339,
            "count": 7
        },
        "DroneAgent.Policy.GAILExpertEstimate.sum": {
            "value": 0.7896628061930339,
            "min": 0.506093156337738,
            "max": 0.7896628061930339,
            "count": 7
        },
        "DroneAgent.Losses.GAILLoss.mean": {
            "value": 0.5862993578116099,
            "min": 0.5862993578116099,
            "max": 1.1994731783866883,
            "count": 7
        },
        "DroneAgent.Losses.GAILLoss.sum": {
            "value": 0.5862993578116099,
            "min": 0.5862993578116099,
            "max": 1.1994731783866883,
            "count": 7
        },
        "DroneAgent.Policy.GAILGradMagLoss.mean": {
            "value": 0.3026767070094744,
            "min": 0.3026767070094744,
            "max": 9.31711451212565,
            "count": 7
        },
        "DroneAgent.Policy.GAILGradMagLoss.sum": {
            "value": 0.3026767070094744,
            "min": 0.3026767070094744,
            "max": 9.31711451212565,
            "count": 7
        },
        "DroneAgent.Losses.PretrainingLoss.mean": {
            "value": 1.03210464892564,
            "min": 1.03210464892564,
            "max": 1.1674206963291875,
            "count": 7
        },
        "DroneAgent.Losses.PretrainingLoss.sum": {
            "value": 1.03210464892564,
            "min": 1.03210464892564,
            "max": 1.1674206963291875,
            "count": 7
        },
        "DroneAgent.Environment.EpisodeLength.mean": {
            "value": 723.7333333333333,
            "min": 671.125,
            "max": 749.0,
            "count": 7
        },
        "DroneAgent.Environment.EpisodeLength.sum": {
            "value": 10856.0,
            "min": 8972.0,
            "max": 13082.0,
            "count": 7
        },
        "DroneAgent.Environment.CumulativeReward.mean": {
            "value": 13.295814789831638,
            "min": 2.9168514917294184,
            "max": 14.122971634070078,
            "count": 7
        },
        "DroneAgent.Environment.CumulativeReward.sum": {
            "value": 186.14140705764294,
            "min": 43.75277237594128,
            "max": 235.0016854852438,
            "count": 7
        },
        "DroneAgent.Policy.ExtrinsicReward.mean": {
            "value": 13.295814789831638,
            "min": 2.9168514917294184,
            "max": 14.122971634070078,
            "count": 7
        },
        "DroneAgent.Policy.ExtrinsicReward.sum": {
            "value": 186.14140705764294,
            "min": 43.75277237594128,
            "max": 235.0016854852438,
            "count": 7
        },
        "DroneAgent.Policy.GailReward.mean": {
            "value": 21.323342576622963,
            "min": 21.323342576622963,
            "max": 44.527308551888716,
            "count": 7
        },
        "DroneAgent.Policy.GailReward.sum": {
            "value": 298.5267960727215,
            "min": 280.5844612121582,
            "max": 846.0188624858856,
            "count": 7
        }
    },
    "metadata": {
        "timer_format_version": "0.1.0",
        "start_time_seconds": "1696725840",
        "python_version": "3.9.13 (tags/v3.9.13:6de2ca5, May 17 2022, 16:36:42) [MSC v.1929 64 bit (AMD64)]",
        "command_line_arguments": "F:\\Unity projects\\Oblig2\\Drone_MLagents\\venv\\Scripts\\mlagents-learn config/DroneAgentNew.yaml --run-id=DroneAgentLETSGO1",
        "mlagents_version": "0.30.0",
        "mlagents_envs_version": "0.30.0",