{
    "name": "root",
    "gauges": {
        "DroneAgent.Policy.Entropy.mean": {
            "value": 0.8353652358055115,
            "min": 0.7562556862831116,
            "max": 0.8353652358055115,
            "count": 284
        },
        "DroneAgent.Policy.Entropy.sum": {
            "value": 8370.359375,
            "min": 7386.57373046875,
            "max": 8784.640625,
            "count": 284
        },
        "DroneAgent.Step.mean": {
            "value": 2839966.0,
            "min": 9938.0,
            "max": 2839966.0,
            "count": 284
        },
        "DroneAgent.Step.sum": {
            "value": 2839966.0,
            "min": 9938.0,
            "max": 2839966.0,
            "count": 284
        },
        "DroneAgent.Policy.ExtrinsicValueEstimate.mean": {
            "value": -0.11134728044271469,
            "min": -0.43590426445007324,
            "max": 0.40294361114501953,
            "count": 284
        },
        "DroneAgent.Policy.ExtrinsicValueEstimate.sum": {
            "value": -17.926912307739258,
            "min": -77.59095764160156,
            "max": 81.39460754394531,
            "count": 284
        },
        "DroneAgent.Policy.GailValueEstimate.mean": {
            "value": 0.03149875998497009,
            "min": 0.0008713428396731615,
            "max": 4.295469284057617,
            "count": 284
        },
        "DroneAgent.Policy.GailValueEstimate.sum": {
            "value": 5.071300506591797,
            "min": 0.1429002285003662,
            "max": 816.13916015625,
            "count": 284
        },
        "DroneAgent.Environment.EpisodeLength.mean": {
            "value": 673.5,
            "min": 144.72727272727272,
            "max": 749.0,
            "count": 284
        },
        "DroneAgent.Environment.EpisodeLength.sum": {
            "value": 9429.0,
            "min": 7191.0,
            "max": 12617.0,
            "count": 284
        },
        "DroneAgent.Environment.CumulativeReward.mean": {
            "value": -0.4169244338312031,
            "min": -1.0442533352528698,
            "max": -0.13601776279392652,
            "count": 284
        },
        "DroneAgent.Environment.CumulativeReward.sum": {
            "value": -6.253866507468047,
            "min": -57.170532624819316,
            "max": -2.040266441908898,
            "count": 284
        },
        "DroneAgent.Policy.ExtrinsicReward.mean": {
            "value": -0.4169244338312031,
            "min": -1.0442533352528698,
            "max": -0.13601776279392652,
            "count": 284
        },
        "DroneAgent.Policy.ExtrinsicReward.sum": {
            "value": -6.253866507468047,
            "min": -57.170532624819316,
            "max": -2.040266441908898,
            "count": 284
        },
        "DroneAgent.Policy.GailReward.mean": {
            "value": 0.28107517187115777,
            "min": 0.0975220252559428,
            "max": 0.568948128531233,
            "count": 284
        },
        "DroneAgent.Policy.GailReward.sum": {
            "value": 4.216127578067367,
            "min": 1.529584510358009,
            "max": 37.55057648306138,
            "count": 284
        },
        "DroneAgent.Losses.PolicyLoss.mean": {
            "value": 0.0942780822593098,
            "min": 0.07507899266978105,
            "max": 0.22718552636603515,
            "count": 284
        },
        "DroneAgent.Losses.PolicyLoss.sum": {
            "value": 0.0942780822593098,
            "min": 0.07507899266978105,
            "max": 0.40302817095071075,
            "count": 284
        },
        "DroneAgent.Losses.ValueLoss.mean": {
            "value": 0.0010396423507093762,
            "min": 0.00016329715132693914,
            "max": 2.323745736479759,
            "count": 284
        },
        "DroneAgent.Losses.ValueLoss.sum": {
            "value": 0.0010396423507093762,
            "min": 0.00016329715132693914,
            "max": 2.323745736479759,
            "count": 284
        },
        "DroneAgent.Policy.LearningRate.mean": {
            "value": 0.00013006883664374002,
            "min": 0.00013006883664374002,
            "max": 0.00029953434015522,
            "count": 284
        },
        "DroneAgent.Policy.LearningRate.sum": {
            "value": 0.00013006883664374002,
            "min": 0.00013006883664374002,
            "max": 0.0005922239425920201,
            "count": 284
        },
        "DroneAgent.Policy.Epsilon.mean": {
            "value": 0.14335626,
            "min": 0.14335626,
            "max": 0.19984478000000003,
            "count": 284
        },
        "DroneAgent.Policy.Epsilon.sum": {
            "value": 0.14335626,
            "min": 0.14335626,
            "max": 0.39740798,
            "count": 284
        },
        "DroneAgent.Policy.Beta.mean": {
            "value": 0.005000000000000001,
            "min": 0.005000000000000001,
            "max": 0.005000000000000001,
            "count": 284
        },
        "DroneAgent.Policy.Beta.sum": {
            "value": 0.005000000000000001,
            "min": 0.005000000000000001,
            "max": 0.010000000000000002,
            "count": 284
        },
        "DroneAgent.Policy.GAILPolicyEstimate.mean": {
            "value": 0.020025171603386602,
            "min": 0.01447201189196979,
            "max": 0.15540880983074506,
            "count": 284
        },
        "DroneAgent.Policy.GAILPolicyEstimate.sum": {
            "value": 0.020025171603386602,
            "min": 0.01447201189196979,
            "max": 0.19219931351641814,
            "count": 284
        },
        "DroneAgent.Policy.GAILExpertEstimate.mean": {
            "value": 0.9932954629262288,
            "min": 0.7546470900376637,
            "max": 0.9937911371390025,
            "count": 284
        },
        "DroneAgent.Policy.GAILExpertEstimate.sum": {
            "value": 0.9932954629262288,
            "min": 0.7546470900376637,
            "max": 1.9760668655236562,
            "count": 284
        },
        "DroneAgent.Losses.GAILLoss.mean": {
            "value": 0.029917335820694765,
            "min": 0.025209879595786334,
            "max": 1.2947445034980773,
            "count": 284
        },
        "DroneAgent.Losses.GAILLoss.sum": {
            "value": 0.029917335820694765,
            "min": 0.025209879595786334,
            "max": 2.032846772670746,
            "count": 284
        },
        "DroneAgent.Policy.GAILGradMagLoss.mean": {
            "value": 0.029891028131047884,
            "min": 0.026493285534282526,
            "max": 0.9118256449699402,
            "count": 284
        },
        "DroneAgent.Policy.GAILGradMagLoss.sum": {
            "value": 0.029891028131047884,
            "min": 0.026493285534282526,
            "max": 0.9213122636079789,
            "count": 284
        },
        "DroneAgent.Losses.PretrainingLoss.mean": {
            "value": 0.0,
            "min": 0.0,
            "max": 1.1271532564832454,
            "count": 284
        },
        "DroneAgent.Losses.PretrainingLoss.sum": {
            "value": 0.0,
            "min": 0.0,
            "max": 1.3852147815520304,
            "count": 284
        },
        "DroneAgent.IsTraining.mean": {
            "value": 1.0,
            "min": 1.0,
            "max": 1.0,
            "count": 284
        },
        "DroneAgent.IsTraining.sum": {
            "value": 1.0,
            "min": 1.0,
            "max": 1.0,
            "count": 284
        }
    },
    "metadata": {
        "timer_format_version": "0.1.0",
        "start_time_seconds": "1696543417",
        "python_version": "3.9.13 (tags/v3.9.13:6de2ca5, May 17 2022, 16:36:42) [MSC v.1929 64 bit (AMD64)]",
        "command_line_arguments": "F:\\Unity projects\\Oblig2\\Drone_MLagents\\venv\\Scripts\\mlagents-learn config/DroneAgentNew.yaml --initialize-from=DroneAgent_Reworked --run-id=DroneAgent_reworked_ChangingGoal",
        "mlagents_version": "0.30.0",