{
    "name": "root",
    "metadata": {
        "timer_format_version": "0.1.0",
        "start_time_seconds": "1696257476",
        "python_version": "3.9.13 (tags/v3.9.13:6de2ca5, May 17 2022, 16:36:42) [MSC v.1929 64 bit (AMD64)]",
        "command_line_arguments": "F:\\Unity projects\\Oblig2\\Drone_MLagents\\venv\\Scripts\\mlagents-learn config/DroneAgent.yaml --run-id=DroneAgentGoalRay5",
        "mlagents_version": "0.30.0",
        "mlagents_envs_version": "0.30.0",
        "communication_protocol_version": "1.5.0",
        "pytorch_version": "2.0.1+cu117",
        "numpy_version": "1.21.2",
        "end_time_seconds": "1696257493"
    },
    "total": 17.116534899999998,
    "count": 1,
    "self": 0.006622299999996528,
    "children": {
        "run_training.setup": {
            "total": 0.07182630000000012,
            "count": 1,
            "self": 0.07182630000000012
        },
        "TrainerController.start_learning": {
            "total": 17.0380863,
            "count": 1,
            "self": 7.589999999879637e-05,
            "children": {
                "TrainerController._reset_env": {
                    "total": 17.0370804,
                    "count": 1,
                    "self": 16.4343286,
                    "children": {
                        "demo_to_buffer": {
                            "total": 0.6027518000000001,
                            "count": 1,
                            "self": 1.9399999999336615e-05,
                            "children": {
                                "load_demonstration": {
                                    "total": 0.01188070000000252,
                                    "count": 1,
                                    "self": 0.011760900000002295,
                                    "children": {
                                        "read_file": {
                                            "total": 0.00011980000000022528,
                                            "count": 1,
                                            "self": 0.00011980000000022528
                                        }
                                    }
                                },
                                "make_demo_buffer": {
                                    "total": 0.5908516999999982,
                                    "count": 1,
                                    "self": 0.12903110000000595,
                                    "children": {
                                        "steps_from_proto": {
                                            "total": 0.46182059999999225,
                                            "count": 6978,
                                            "self": 0.28343069999991855,
                                            "children": {
                                                "_process_rank_one_or_two_observation": {
                                                    "total": 0.1783899000000737,
                                                    "count": 13956,
                                                    "self": 0.1783899000000737
                                                }
                                            }
                                        }
                                    }
                                }
                            }
                        }
                    }
                },
                "TrainerController._save_models": {
                    "total": 0.0009300000000003195,
                    "count": 1,
                    "self": 0.00014179999999797133,
                    "children": {
                        "RLTrainer._checkpoint": {
                            "total": 0.0007882000000023481,
                            "count": 1,
                            "self": 0.0007882000000023481
                        }
                    }
                }
            }
        }
    }
}