{
    "name": "root",
    "gauges": {
        "DroneAgent.Policy.Entropy.mean": {
            "value": 0.8245493173599243,
            "min": 0.8245493173599243,
            "max": 1.1954097747802734,
            "count": 361
        },
        "DroneAgent.Policy.Entropy.sum": {
            "value": 8093.7763671875,
            "min": 8093.7763671875,
            "max": 12752.6318359375,
            "count": 361
        },
        "DroneAgent.Step.mean": {
            "value": 3609939.0,
            "min": 9977.0,
            "max": 3609939.0,
            "count": 361
        },
        "DroneAgent.Step.sum": {
            "value": 3609939.0,
            "min": 9977.0,
            "max": 3609939.0,
            "count": 361
        },
        "DroneAgent.Policy.ExtrinsicValueEstimate.mean": {
            "value": -0.02219444140791893,
            "min": -0.11631011962890625,
            "max": 0.02389882691204548,
            "count": 361
        },
        "DroneAgent.Policy.ExtrinsicValueEstimate.sum": {
            "value": -3.5511107444763184,
            "min": -18.842239379882812,
            "max": 3.823812246322632,
            "count": 361
        },
        "DroneAgent.Policy.GailValueEstimate.mean": {
            "value": 0.2521774172782898,
            "min": 0.19866088032722473,
            "max": 0.9877710342407227,
            "count": 361
        },
        "DroneAgent.Policy.GailValueEstimate.sum": {
            "value": 40.348388671875,
            "min": 31.78573989868164,
            "max": 158.04336547851562,
            "count": 361
        },
        "DroneAgent.Environment.EpisodeLength.mean": {
            "value": 999.0,
            "min": 632.0,
            "max": 999.0,
            "count": 361
        },
        "DroneAgent.Environment.EpisodeLength.sum": {
            "value": 10989.0,
            "min": 632.0,
            "max": 13905.0,
            "count": 361
        },
        "DroneAgent.Environment.CumulativeReward.mean": {
            "value": -0.06379815516199662,
            "min": -1.0681458520703018,
            "max": 0.24781605188359712,
            "count": 361
        },
        "DroneAgent.Environment.CumulativeReward.sum": {
            "value": -0.7017797067819629,
            "min": -9.57383757334901,
            "max": 2.230344466952374,
            "count": 361
        },
        "DroneAgent.Policy.ExtrinsicReward.mean": {
            "value": -0.06379815516199662,
            "min": -1.0681458520703018,
            "max": 0.24781605188359712,
            "count": 361
        },
        "DroneAgent.Policy.ExtrinsicReward.sum": {
            "value": -0.7017797067819629,
            "min": -9.57383757334901,
            "max": 2.230344466952374,
            "count": 361
        },
        "DroneAgent.Policy.GailReward.mean": {
            "value": 6.287656180814586,
            "min": 0.6588245150633156,
            "max": 14.648182632316919,
            "count": 361
        },
        "DroneAgent.Policy.GailReward.sum": {
            "value": 69.16421798896044,
            "min": 0.6588245150633156,
            "max": 161.13000895548612,
            "count": 361
        },
        "DroneAgent.IsTraining.mean": {
            "value": 1.0,
            "min": 1.0,
            "max": 1.0,
            "count": 361
        },
        "DroneAgent.IsTraining.sum": {
            "value": 1.0,
            "min": 1.0,
            "max": 1.0,
            "count": 361
        },
        "DroneAgent.Losses.PolicyLoss.mean": {
            "value": 0.11368699169252068,
            "min": 0.07106371250656593,
            "max": 0.1450699065841036,
            "count": 180
        },
        "DroneAgent.Losses.PolicyLoss.sum": {
            "value": 0.11368699169252068,
            "min": 0.07106371250656593,
            "max": 0.1450699065841036,
            "count": 180
        },
        "DroneAgent.Losses.ValueLoss.mean": {
            "value": 0.0023700648176600224,
            "min": 0.0004061556006490719,
            "max": 0.07935535326832906,
            "count": 180
        },
        "DroneAgent.Losses.ValueLoss.sum": {
            "value": 0.0023700648176600224,
            "min": 0.0004061556006490719,
            "max": 0.07935535326832906,
            "count": 180
        },
        "DroneAgent.Policy.LearningRate.mean": {
            "value": 0.00027966027203398,
            "min": 0.00027966027203398,
            "max": 0.000995950000405,
            "count": 180
        },
        "DroneAgent.Policy.LearningRate.sum": {
            "value": 0.00027966027203398,
            "min": 0.00027966027203398,
            "max": 0.000995950000405,
            "count": 180
        },
        "DroneAgent.Policy.Epsilon.mean": {
            "value": 0.12796602,
            "min": 0.12796602,
            "max": 0.19959500000000002,
            "count": 180
        },
        "DroneAgent.Policy.Epsilon.sum": {
            "value": 0.12796602,
            "min": 0.12796602,
            "max": 0.19959500000000002,
            "count": 180
        },
        "DroneAgent.Policy.Beta.mean": {
            "value": 0.01,
            "min": 0.01,
            "max": 0.01,
            "count": 180
        },
        "DroneAgent.Policy.Beta.sum": {
            "value": 0.01,
            "min": 0.01,
            "max": 0.01,
            "count": 180
        },
        "DroneAgent.Policy.GAILPolicyEstimate.mean": {
            "value": 0.06041092788800597,
            "min": 0.04707296481356025,
            "max": 0.08142836196348072,
            "count": 180
        },
        "DroneAgent.Policy.GAILPolicyEstimate.sum": {
            "value": 0.06041092788800597,
            "min": 0.04707296481356025,
            "max": 0.08142836196348072,
            "count": 180
        },
        "DroneAgent.Policy.GAILExpertEstimate.mean": {
            "value": 0.9621526300907135,
            "min": 0.9407293304800988,
            "max": 0.974579393863678,
            "count": 180
        },
        "DroneAgent.Policy.GAILExpertEstimate.sum": {
            "value": 0.9621526300907135,
            "min": 0.9407293304800988,
            "max": 0.974579393863678,
            "count": 180
        },
        "DroneAgent.Losses.GAILLoss.mean": {
            "value": 0.12227876298129559,
            "min": 0.08762240707874298,
            "max": 0.18179116994142533,
            "count": 180
        },
        "DroneAgent.Losses.GAILLoss.sum": {
            "value": 0.12227876298129559,
            "min": 0.08762240707874298,
            "max": 0.18179116994142533,
            "count": 180
        },
        "DroneAgent.Policy.GAILGradMagLoss.mean": {
            "value": 0.035879971086978914,
            "min": 0.029281464009545743,
            "max": 0.08918842016719282,
            "count": 180
        },
        "DroneAgent.Policy.GAILGradMagLoss.sum": {
            "value": 0.035879971086978914,
            "min": 0.029281464009545743,
            "max": 0.08918842016719282,
            "count": 180
        },
        "DroneAgent.Losses.PretrainingLoss.mean": {
            "value": 0.0,
            "min": 0.0,
            "max": 2.0960047046343484,
            "count": 180
        },
        "DroneAgent.Losses.PretrainingLoss.sum": {
            "value": 0.0,
            "min": 0.0,
            "max": 2.0960047046343484,
            "count": 180
        }
    },
    "metadata": {
        "timer_format_version": "0.1.0",
        "start_time_seconds": "1696864536",
        "python_version": "3.9.13 (tags/v3.9.13:6de2ca5, May 17 2022, 16:36:42) [MSC v.1929 64 bit (AMD64)]",
        "command_line_arguments": "F:\\Unity projects\\Oblig2\\Drone_MLagents\\venv\\Scripts\\mlagents-learn config/DroneAgent.yaml --initialize-from=DroneAgentNow1 --run-id=DroneAgentNow2",
        "mlagents_version": "0.30.0",
        "mlagents_envs_version": "0.30.0",
        "communication_protocol_version": "1.5.0",
        "pytorch_version": "1.7.1+cu110",