{
    "name": "root",
    "gauges": {
        "DroneAgent.Policy.Entropy.mean": {
            "value": 9.101539611816406,
            "min": 8.608839988708496,
            "max": 9.101539611816406,
            "count": 500
        },
        "DroneAgent.Policy.Entropy.sum": {
            "value": 90405.59375,
            "min": 81243.78125,
            "max": 94414.15625,
            "count": 500
        },
        "DroneAgent.Step.mean": {
            "value": 4999966.0,
            "min": 9984.0,
            "max": 4999966.0,
            "count": 500
        },
        "DroneAgent.Step.sum": {
            "value": 4999966.0,
            "min": 9984.0,
            "max": 4999966.0,
            "count": 500
        },
        "DroneAgent.Policy.ExtrinsicValueEstimate.mean": {
            "value": 0.25805678963661194,
            "min": 0.13215991854667664,
            "max": 0.5079618692398071,
            "count": 500
        },
        "DroneAgent.Policy.ExtrinsicValueEstimate.sum": {
            "value": 41.031028747558594,
            "min": 20.616947174072266,
            "max": 79.24205017089844,
            "count": 500
        },
        "DroneAgent.Policy.GailValueEstimate.mean": {
            "value": 0.003510077716782689,
            "min": -0.012722579762339592,
            "max": 0.0566597580909729,
            "count": 500
        },
        "DroneAgent.Policy.GailValueEstimate.sum": {
            "value": 0.5581023693084717,
            "min": -1.997444987297058,
            "max": 8.952241897583008,
            "count": 500
        },
        "DroneAgent.IsTraining.mean": {
            "value": 1.0,
            "min": 1.0,
            "max": 1.0,
            "count": 500
        },
        "DroneAgent.IsTraining.sum": {
            "value": 1.0,
            "min": 1.0,
            "max": 1.0,
            "count": 500
        },
        "DroneAgent.Losses.PolicyLoss.mean": {
            "value": 0.08386417211149819,
            "min": 0.05188624083530158,
            "max": 0.14156585857272147,
            "count": 245
        },
        "DroneAgent.Losses.PolicyLoss.sum": {
            "value": 0.08386417211149819,
            "min": 0.05188624083530158,
            "max": 0.14156585857272147,
            "count": 245
        },
        "DroneAgent.Losses.ValueLoss.mean": {
            "value": 0.00357202422892442,
            "min": 0.0018972669204231352,
            "max": 0.007470015130820684,
            "count": 245
        },
        "DroneAgent.Losses.ValueLoss.sum": {
            "value": 0.00357202422892442,
            "min": 0.0018972669204231352,
            "max": 0.007470015130820684,
            "count": 245
        },
        "DroneAgent.Policy.LearningRate.mean": {
            "value": 2.278699772140019e-06,
            "min": 2.278699772140019e-06,
            "max": 0.00099569920043008,
            "count": 245
        },
        "DroneAgent.Policy.LearningRate.sum": {
            "value": 2.278699772140019e-06,
            "min": 2.278699772140019e-06,
            "max": 0.00099569920043008,
            "count": 245
        },
        "DroneAgent.Policy.Epsilon.mean": {
            "value": 0.10022785999999999,
            "min": 0.10022785999999999,
            "max": 0.19956992,
            "count": 245
        },
        "DroneAgent.Policy.Epsilon.sum": {
            "value": 0.10022785999999999,
            "min": 0.10022785999999999,
            "max": 0.19956992,
            "count": 245
        },
        "DroneAgent.Policy.Beta.mean": {
            "value": 0.01,
            "min": 0.01,
            "max": 0.01,
            "count": 245
        },
        "DroneAgent.Policy.Beta.sum": {
            "value": 0.01,
            "min": 0.01,
            "max": 0.01,
            "count": 245
        },
        "DroneAgent.Policy.GAILPolicyEstimate.mean": {
            "value": 7.85690318463983e-05,
            "min": 1.1336893237956502e-06,
            "max": 0.0013278759003696905,
            "count": 245
        },
        "DroneAgent.Policy.GAILPolicyEstimate.sum": {
            "value": 7.85690318463983e-05,
            "min": 1.1336893237956502e-06,
            "max": 0.0013278759003696905,
            "count": 245
        },
        "DroneAgent.Policy.GAILExpertEstimate.mean": {
            "value": 0.999996292591095,
            "min": 0.999654284119606,
            "max": 1.0,
            "count": 245
        },
        "DroneAgent.Policy.GAILExpertEstimate.sum": {
            "value": 0.999996292591095,
            "min": 0.999654284119606,
            "max": 1.0,
            "count": 245
        },
        "DroneAgent.Losses.GAILLoss.mean": {
            "value": 8.532630204172165e-05,
            "min": 1.2354529516755975e-06,
            "max": 0.0015082026963682438,
            "count": 245
        },
        "DroneAgent.Losses.GAILLoss.sum": {
            "value": 8.532630204172165e-05,
            "min": 1.2354529516755975e-06,
            "max": 0.0015082026963682438,
            "count": 245
        },
        "DroneAgent.Policy.GAILGradMagLoss.mean": {
            "value": 0.00018582976917969063,
            "min": 4.0823021572578e-05,
            "max": 0.015774576577223344,
            "count": 245
        },
        "DroneAgent.Policy.GAILGradMagLoss.sum": {
            "value": 0.00018582976917969063,
            "min": 4.0823021572578e-05,
            "max": 0.015774576577223344,
            "count": 245
        },
        "DroneAgent.Losses.PretrainingLoss.mean": {
            "value": 0.0,
            "min": 0.0,
            "max": 4395206144.0,
            "count": 245
        },
        "DroneAgent.Losses.PretrainingLoss.sum": {
            "value": 0.0,
            "min": 0.0,
            "max": 4395206144.0,
            "count": 245
        },
        "DroneAgent.Environment.EpisodeLength.mean": {
            "value": 4006.75,
            "min": 1033.0,
            "max": 4999.0,
            "count": 455
        },
        "DroneAgent.Environment.EpisodeLength.sum": {
            "value": 16027.0,
            "min": 1033.0,
            "max": 84983.0,
            "count": 455
        },
        "DroneAgent.Environment.CumulativeReward.mean": {
            "value": 9.562578478071373,
            "min": 2.2946276247967035,
            "max": 17.250724204350263,
            "count": 455
        },
        "DroneAgent.Environment.CumulativeReward.sum": {
            "value": 38.25031391228549,
            "min": 2.2946276247967035,
            "max": 200.98905787966214,
            "count": 455
        },
        "DroneAgent.Policy.ExtrinsicReward.mean": {
            "value": 9.562578478071373,
            "min": 2.2946276247967035,
            "max": 17.250724204350263,
            "count": 455
        },
        "DroneAgent.Policy.ExtrinsicReward.sum": {
            "value": 38.25031391228549,
            "min": 2.2946276247967035,
            "max": 200.98905787966214,
            "count": 455
        },
        "DroneAgent.Policy.GailReward.mean": {
            "value": 0.26408553712182314,
            "min": 7.510188311243837e-07,
            "max": 7.218918427679576,
            "count": 455
        },
        "DroneAgent.Policy.GailReward.sum": {
            "value": 1.0563421484872926,
            "min": 7.510188311243837e-07,
            "max": 21.656755283038727,
            "count": 455
        }
    },
    "metadata": {
        "timer_format_version": "0.1.0",
        "start_time_seconds": "1700214207",
        "python_version": "3.9.13 (tags/v3.9.13:6de2ca5, May 17 2022, 16:36:42) [MSC v.1929 64 bit (AMD64)]",
        "command_line_arguments": "C:\\Users\\thoma\\AppData\\Local\\Programs\\Python\\Python39\\Scripts\\mlagents-learn config\\DroneAgent.yaml --initialize-from=DroneAgentMG20 --run-id=DroneAgentMG21",
        "mlagents_version": "0.30.0",
        "mlagents_envs_version": "0.30.0",
        "communication_protocol_version": "1.5.0",