{
    "name": "root",
    "gauges": {
        "DroneAgent.Policy.Entropy.mean": {
            "value": 9.674192428588867,
            "min": 9.544112205505371,
            "max": 9.675226211547852,
            "count": 500
        },
        "DroneAgent.Policy.Entropy.sum": {
            "value": 97719.015625,
            "min": 89919.6328125,
            "max": 102869.1484375,
            "count": 500
        },
        "DroneAgent.Step.mean": {
            "value": 4999977.0,
            "min": 9972.0,
            "max": 4999977.0,
            "count": 500
        },
        "DroneAgent.Step.sum": {
            "value": 4999977.0,
            "min": 9972.0,
            "max": 4999977.0,
            "count": 500
        },
        "DroneAgent.Policy.ExtrinsicValueEstimate.mean": {
            "value": 0.42210355401039124,
            "min": 0.11754777282476425,
            "max": 0.5322705507278442,
            "count": 500
        },
        "DroneAgent.Policy.ExtrinsicValueEstimate.sum": {
            "value": 67.95867156982422,
            "min": 18.454999923706055,
            "max": 84.21940612792969,
            "count": 500
        },
        "DroneAgent.Policy.GailValueEstimate.mean": {
            "value": -2.2958685804042034e-05,
            "min": -0.0029425951652228832,
            "max": 0.009776042774319649,
            "count": 500
        },
        "DroneAgent.Policy.GailValueEstimate.sum": {
            "value": -0.0036963485181331635,
            "min": -0.47670042514801025,
            "max": 1.6228231191635132,
            "count": 500
        },
        "DroneAgent.Environment.EpisodeLength.mean": {
            "value": 773.0,
            "min": 217.0,
            "max": 999.0,
            "count": 498
        },
        "DroneAgent.Environment.EpisodeLength.sum": {
            "value": 6957.0,
            "min": 434.0,
            "max": 22280.0,
            "count": 498
        },
        "DroneAgent.Environment.CumulativeReward.mean": {
            "value": 3.225625741259945,
            "min": -0.32772225327789783,
            "max": 5.5472732210881075,
            "count": 498
        },
        "DroneAgent.Environment.CumulativeReward.sum": {
            "value": 29.030631671339506,
            "min": -0.6554445065557957,
            "max": 72.73063605136122,
            "count": 498
        },
        "DroneAgent.Policy.ExtrinsicReward.mean": {
            "value": 3.225625741259945,
            "min": -0.32772225327789783,
            "max": 5.5472732210881075,
            "count": 498
        },
        "DroneAgent.Policy.ExtrinsicReward.sum": {
            "value": 29.030631671339506,
            "min": -0.6554445065557957,
            "max": 72.73063605136122,
            "count": 498
        },
        "DroneAgent.Policy.GailReward.mean": {
            "value": 0.001471833169558666,
            "min": 3.815965994206916e-05,
            "max": 0.02998440046212636,
            "count": 498
        },
        "DroneAgent.Policy.GailReward.sum": {
            "value": 0.013246498526027994,
            "min": 0.00030527727953655326,
            "max": 0.5498584292805296,
            "count": 498
        },
        "DroneAgent.IsTraining.mean": {
            "value": 1.0,
            "min": 1.0,
            "max": 1.0,
            "count": 500
        },
        "DroneAgent.IsTraining.sum": {
            "value": 1.0,
            "min": 1.0,
            "max": 1.0,
            "count": 500
        },
        "DroneAgent.Losses.PolicyLoss.mean": {
            "value": 0.07930174074499519,
            "min": 0.0565686158137396,
            "max": 0.11353484073188155,
            "count": 249
        },
        "DroneAgent.Losses.PolicyLoss.sum": {
            "value": 0.07930174074499519,
            "min": 0.0565686158137396,
            "max": 0.11353484073188155,
            "count": 249
        },
        "DroneAgent.Losses.ValueLoss.mean": {
            "value": 0.0023788417514879257,
            "min": 0.001052030100254342,
            "max": 0.0044561232905834915,
            "count": 249
        },
        "DroneAgent.Losses.ValueLoss.sum": {
            "value": 0.0023788417514879257,
            "min": 0.001052030100254342,
            "max": 0.0044561232905834915,
            "count": 249
        },
        "DroneAgent.Policy.LearningRate.mean": {
            "value": 3.4254996574600227e-06,
            "min": 3.4254996574600227e-06,
            "max": 0.00099580560041944,
            "count": 249
        },
        "DroneAgent.Policy.LearningRate.sum": {
            "value": 3.4254996574600227e-06,
            "min": 3.4254996574600227e-06,
            "max": 0.00099580560041944,
            "count": 249
        },
        "DroneAgent.Policy.Epsilon.mean": {
            "value": 0.10034254000000001,
            "min": 0.10034254000000001,
            "max": 0.19958056000000002,
            "count": 249
        },
        "DroneAgent.Policy.Epsilon.sum": {
            "value": 0.10034254000000001,
            "min": 0.10034254000000001,
            "max": 0.19958056000000002,
            "count": 249
        },
        "DroneAgent.Policy.Beta.mean": {
            "value": 0.01,
            "min": 0.01,
            "max": 0.01,
            "count": 249
        },
        "DroneAgent.Policy.Beta.sum": {
            "value": 0.01,
            "min": 0.01,
            "max": 0.01,
            "count": 249
        },
        "DroneAgent.Policy.GAILPolicyEstimate.mean": {
            "value": 0.00022658580446943688,
            "min": 3.0880759726414905e-05,
            "max": 0.00046659291356263564,
            "count": 249
        },
        "DroneAgent.Policy.GAILPolicyEstimate.sum": {
            "value": 0.00022658580446943688,
            "min": 3.0880759726414905e-05,
            "max": 0.00046659291356263564,
            "count": 249
        },
        "DroneAgent.Policy.GAILExpertEstimate.mean": {
            "value": 0.9999712228775024,
            "min": 0.9994467064738274,
            "max": 0.9999827459454537,
            "count": 249
        },
        "DroneAgent.Policy.GAILExpertEstimate.sum": {
            "value": 0.9999712228775024,
            "min": 0.9994467064738274,
            "max": 0.9999827459454537,
            "count": 249
        },
        "DroneAgent.Losses.GAILLoss.mean": {
            "value": 0.00027117700815324495,
            "min": 7.251095714764234e-05,
            "max": 0.0011643308454949875,
            "count": 249
        },
        "DroneAgent.Losses.GAILLoss.sum": {
            "value": 0.00027117700815324495,
            "min": 7.251095714764234e-05,
            "max": 0.0011643308454949875,
            "count": 249
        },
        "DroneAgent.Policy.GAILGradMagLoss.mean": {
            "value": 0.00032184816045628396,
            "min": 0.00016699977404641687,
            "max": 0.0014562182421286706,
            "count": 249
        },
        "DroneAgent.Policy.GAILGradMagLoss.sum": {
            "value": 0.00032184816045628396,
            "min": 0.00016699977404641687,
            "max": 0.0014562182421286706,
            "count": 249
        },
        "DroneAgent.Losses.PretrainingLoss.mean": {
            "value": 0.0,
            "min": 0.0,
            "max": 22849143.62962963,
            "count": 249
        },
        "DroneAgent.Losses.PretrainingLoss.sum": {
            "value": 0.0,
            "min": 0.0,
            "max": 22849143.62962963,
            "count": 249
        }
    },
    "metadata": {
        "timer_format_version": "0.1.0",
        "start_time_seconds": "1699478349",
        "python_version": "3.9.13 (tags/v3.9.13:6de2ca5, May 17 2022, 16:36:42) [MSC v.1929 64 bit (AMD64)]",
        "command_line_arguments": "C:\\Users\\thoma\\AppData\\Local\\Programs\\Python\\Python39\\Scripts\\mlagents-learn config\\DroneAgent.yaml --initialize-from=DroneAgentMoveingTrack5 --run-id=DroneAgentMoveingTrack6",
        "mlagents_version": "0.30.0",