{
    "name": "root",
    "metadata": {
        "timer_format_version": "0.1.0",
        "start_time_seconds": "1696298542",
        "python_version": "3.9.13 (tags/v3.9.13:6de2ca5, May 17 2022, 16:36:42) [MSC v.1929 64 bit (AMD64)]",
        "command_line_arguments": "F:\\Unity projects\\Oblig2\\Drone_MLagents\\venv\\Scripts\\mlagents-learn config/DroneAgent.yaml --run-id=DroneAgentSimpleForward",
        "mlagents_version": "0.30.0",
        "mlagents_envs_version": "0.30.0",
        "communication_protocol_version": "1.5.0",
        "pytorch_version": "2.0.1+cu117",
        "numpy_version": "1.21.2",
        "end_time_seconds": "1696298647"
    },
    "total": 104.99778579999999,
    "count": 1,
    "self": 0.005666299999987245,
    "children": {
        "run_training.setup": {
            "total": 0.07061849999999992,
            "count": 1,
            "self": 0.07061849999999992
        },
        "TrainerController.start_learning": {
            "total": 104.921501,
            "count": 1,
            "self": 0.07017849999976988,
            "children": {
                "TrainerController._reset_env": {
                    "total": 43.379251599999996,
                    "count": 1,
                    "self": 40.76296999999999,
                    "children": {
                        "demo_to_buffer": {
                            "total": 2.6162816000000078,
                            "count": 2,
                            "self": 0.00010749999999859483,
                            "children": {
                                "load_demonstration": {
                                    "total": 0.05353440000000376,
                                    "count": 2,
                                    "self": 0.05253569999999996,
                                    "children": {
                                        "read_file": {
                                            "total": 0.0009987000000037938,
                                            "count": 2,
                                            "self": 0.0009987000000037938
                                        }
                                    }
                                },
                                "make_demo_buffer": {
                                    "total": 2.5626397000000054,
                                    "count": 2,
                                    "self": 0.30209400000023834,
                                    "children": {
                                        "steps_from_proto": {
                                            "total": 2.260545699999767,
                                            "count": 14348,
                                            "self": 0.8386294000014232,
                                            "children": {
                                                "_process_rank_one_or_two_observation": {
                                                    "total": 1.421916299998344,
                                                    "count": 114784,
                                                    "self": 1.421916299998344
                                                }
                                            }
                                        }
                                    }
                                }
                            }
                        }
                    }
                },
                "TrainerController.advance": {
                    "total": 61.357124500000225,
                    "count": 5817,
                    "self": 0.06196150000035061,
                    "children": {
                        "env_step": {
                            "total": 56.44943010000009,
                            "count": 5817,
                            "self": 44.07408570000041,
                            "children": {
                                "SubprocessEnvManager._take_step": {
                                    "total": 12.33343860000003,
                                    "count": 5817,
                                    "self": 0.22879829999993007,
                                    "children": {
                                        "TorchPolicy.evaluate": {
                                            "total": 12.1046403000001,
                                            "count": 5817,
                                            "self": 12.1046403000001
                                        }
                                    }
                                },
                                "workers": {
                                    "total": 0.04190579999965394,
                                    "count": 5816,
                                    "self": 0.0,
                                    "children": {
                                        "worker_root": {
                                            "total": 38.4128845000002,
                                            "count": 5816,
                                            "is_parallel": true,
                                            "self": 24.219706100000245,
                                            "children": {
                                                "steps_from_proto": {
                                                    "total": 0.00033260000000012724,
                                                    "count": 1,
                                                    "is_parallel": true,
                                                    "self": 9.73000000001889e-05,
                                                    "children": {
                                                        "_process_rank_one_or_two_observation": {
                                                            "total": 0.00023529999999993834,
                                                            "count": 8,
                                                            "is_parallel": true,
                                                            "self": 0.00023529999999993834
                                                        }
                                                    }
                                                },
                                                "UnityEnvironment.step": {
                                                    "total": 14.192845799999958,
                                                    "count": 5816,
                                                    "is_parallel": true,
                                                    "self": 0.31526309999981095,
                                                    "children": {
                                                        "UnityEnvironment._generate_step_input": {
                                                            "total": 0.2210474999998766,
                                                            "count": 5816,
                                                            "is_parallel": true,
                                                            "self": 0.2210474999998766
                                                        },
                                                        "communicator.exchange": {
                                                            "total": 12.496496600000285,
                                                            "count": 5816,
                                                            "is_parallel": true,
                                                            "self": 12.496496600000285
                                                        },
                                                        "steps_from_proto": {
                                                            "total": 1.1600385999999858,
                                                            "count": 5816,
                                                            "is_parallel": true,