{
    "name": "root",
    "metadata": {
        "timer_format_version": "0.1.0",
        "start_time_seconds": "1696210385",
        "python_version": "3.9.13 (tags/v3.9.13:6de2ca5, May 17 2022, 16:36:42) [MSC v.1929 64 bit (AMD64)]",
        "command_line_arguments": "F:\\Unity projects\\Oblig2\\Drone_MLagents\\venv\\Scripts\\mlagents-learn config/DroneAgent.yaml --run-id=DroneAgentTest1",
        "mlagents_version": "0.30.0",
        "mlagents_envs_version": "0.30.0",
        "communication_protocol_version": "1.5.0",
        "pytorch_version": "2.0.1+cu117",
        "numpy_version": "1.21.2",
        "end_time_seconds": "1696210499"
    },
    "total": 113.4582767,
    "count": 1,
    "self": 0.004501400000009426,
    "children": {
        "run_training.setup": {
            "total": 0.0689270999999998,
            "count": 1,
            "self": 0.0689270999999998
        },
        "TrainerController.start_learning": {
            "total": 113.3848482,
            "count": 1,
            "self": 0.2072918999997455,
            "children": {
                "TrainerController._reset_env": {
                    "total": 7.3948751999999995,
                    "count": 1,
                    "self": 7.3948751999999995
                },
                "TrainerController.advance": {
                    "total": 105.65826950000023,
                    "count": 17126,
                    "self": 0.1847647999994706,
                    "children": {
                        "env_step": {
                            "total": 100.67003490000018,
                            "count": 17126,
                            "self": 68.8057965000005,
                            "children": {
                                "SubprocessEnvManager._take_step": {
                                    "total": 31.729542099999428,
                                    "count": 17127,
                                    "self": 0.6945993999989106,
                                    "children": {
                                        "TorchPolicy.evaluate": {
                                            "total": 31.034942700000517,
                                            "count": 17127,
                                            "self": 31.034942700000517
                                        }
                                    }
                                },
                                "workers": {
                                    "total": 0.13469630000025035,
                                    "count": 17125,
                                    "self": 0.0,
                                    "children": {
                                        "worker_root": {
                                            "total": 95.82795460000042,
                                            "count": 17125,
                                            "is_parallel": true,
                                            "self": 46.64942390000034,
                                            "children": {
                                                "steps_from_proto": {
                                                    "total": 0.0005543000000001186,
                                                    "count": 2,
                                                    "is_parallel": true,
                                                    "self": 0.0002684999999997828,
                                                    "children": {
                                                        "_process_rank_one_or_two_observation": {
                                                            "total": 0.0002858000000003358,
                                                            "count": 4,
                                                            "is_parallel": true,
                                                            "self": 0.0002858000000003358
                                                        }
                                                    }
                                                },
                                                "UnityEnvironment.step": {
                                                    "total": 49.177976400000084,
                                                    "count": 17125,
                                                    "is_parallel": true,
                                                    "self": 0.7351755000011906,
                                                    "children": {
                                                        "UnityEnvironment._generate_step_input": {
                                                            "total": 0.64337279999949,
                                                            "count": 17125,
                                                            "is_parallel": true,
                                                            "self": 0.64337279999949
                                                        },
                                                        "communicator.exchange": {
                                                            "total": 46.07646769999961,
                                                            "count": 17125,
                                                            "is_parallel": true,
                                                            "self": 46.07646769999961
                                                        },
                                                        "steps_from_proto": {
                                                            "total": 1.7229603999997902,
                                                            "count": 17125,
                                                            "is_parallel": true,
                                                            "self": 0.8841231999998111,
                                                            "children": {
                                                                "_process_rank_one_or_two_observation": {
                                                                    "total": 0.8388371999999791,
                                                                    "count": 34250,
                                                                    "is_parallel": true,
                                                                    "self": 0.8388371999999791
                                                                }
                                                            }
                                                        }
                                                    }
                                                }
                                            }
                                        }
                                    }
                                }
                            }
                        },
                        "trainer_advance": {
                            "total": 4.803469800000588,
                            "count": 17125,
                            "self": 0.23586179999987067,
                            "children": {
                                "process_trajectory": {
                                    "total": 1.1949006000007252,
                                    "count": 17125,
                                    "self": 1.1949006000007252
                                },
                                "_update_policy": {
                                    "total": 3.3727073999999924,
                                    "count": 15,
                                    "self": 1.7894554000000973,
                                    "children": {
                                        "TorchPPOOptimizer.update": {
                                            "total": 1.583251999999895,
                                            "count": 180,