{
    "name": "root",
    "gauges": {
        "DroneAgent.Policy.Entropy.mean": {
            "value": 3.7418549060821533,
            "min": 3.166243314743042,
            "max": 3.7418549060821533,
            "count": 500
        },
        "DroneAgent.Policy.Entropy.sum": {
            "value": 36696.37109375,
            "min": 31105.71875,
            "max": 38660.84375,
            "count": 500
        },
        "DroneAgent.Step.mean": {
            "value": 4999950.0,
            "min": 9978.0,
            "max": 4999950.0,
            "count": 500
        },
        "DroneAgent.Step.sum": {
            "value": 4999950.0,
            "min": 9978.0,
            "max": 4999950.0,
            "count": 500
        },
        "DroneAgent.Policy.ExtrinsicValueEstimate.mean": {
            "value": 0.2599112391471863,
            "min": -0.09578721970319748,
            "max": 0.4709746241569519,
            "count": 500
        },
        "DroneAgent.Policy.ExtrinsicValueEstimate.sum": {
            "value": 41.065975189208984,
            "min": -15.230167388916016,
            "max": 74.88496398925781,
            "count": 500
        },
        "DroneAgent.Policy.GailValueEstimate.mean": {
            "value": 0.0209017563611269,
            "min": -0.0006521023460663855,
            "max": 0.10548391193151474,
            "count": 500
        },
        "DroneAgent.Policy.GailValueEstimate.sum": {
            "value": 3.3024773597717285,
            "min": -0.1030321717262268,
            "max": 16.877426147460938,
            "count": 500
        },
        "DroneAgent.Environment.EpisodeLength.mean": {
            "value": 1809.2,
            "min": 257.0,
            "max": 2999.0,
            "count": 498
        },
        "DroneAgent.Environment.EpisodeLength.sum": {
            "value": 9046.0,
            "min": 257.0,
            "max": 31043.0,
            "count": 498
        },
        "DroneAgent.Environment.CumulativeReward.mean": {
            "value": 3.8276189466938377,
            "min": -2.0660160968379517,
            "max": 10.430350508114012,
            "count": 498
        },
        "DroneAgent.Environment.CumulativeReward.sum": {
            "value": 19.138094733469188,
            "min": -14.462112677865662,
            "max": 65.74365686863894,
            "count": 498
        },
        "DroneAgent.Policy.ExtrinsicReward.mean": {
            "value": 3.8276189466938377,
            "min": -2.0660160968379517,
            "max": 10.430350508114012,
            "count": 498
        },
        "DroneAgent.Policy.ExtrinsicReward.sum": {
            "value": 19.138094733469188,
            "min": -14.462112677865662,
            "max": 65.74365686863894,
            "count": 498
        },
        "DroneAgent.Policy.GailReward.mean": {
            "value": 0.5719348444449338,
            "min": 0.02130025369077231,
            "max": 13.651101389626847,
            "count": 498
        },
        "DroneAgent.Policy.GailReward.sum": {
            "value": 2.859674222224669,
            "min": 0.02137257157357908,
            "max": 32.44395747122039,
            "count": 498
        },
        "DroneAgent.IsTraining.mean": {
            "value": 1.0,
            "min": 1.0,
            "max": 1.0,
            "count": 500
        },
        "DroneAgent.IsTraining.sum": {
            "value": 1.0,
            "min": 1.0,
            "max": 1.0,
            "count": 500
        },
        "DroneAgent.Losses.PolicyLoss.mean": {
            "value": 0.06757284289924428,
            "min": 0.05161326551969978,
            "max": 0.11304011028259993,
            "count": 246
        },
        "DroneAgent.Losses.PolicyLoss.sum": {
            "value": 0.06757284289924428,
            "min": 0.05161326551969978,
            "max": 0.11304011028259993,
            "count": 246
        },
        "DroneAgent.Losses.ValueLoss.mean": {
            "value": 0.005318910867208615,
            "min": 0.0007973845444212202,
            "max": 0.01853558011353016,
            "count": 246
        },
        "DroneAgent.Losses.ValueLoss.sum": {
            "value": 0.005318910867208615,
            "min": 0.0007973845444212202,
            "max": 0.01853558011353016,
            "count": 246
        },
        "DroneAgent.Policy.LearningRate.mean": {
            "value": 4.048899595119963e-06,
            "min": 4.048899595119963e-06,
            "max": 0.00099599780040022,
            "count": 246
        },
        "DroneAgent.Policy.LearningRate.sum": {
            "value": 4.048899595119963e-06,
            "min": 4.048899595119963e-06,
            "max": 0.00099599780040022,
            "count": 246
        },
        "DroneAgent.Policy.Epsilon.mean": {
            "value": 0.10040488,
            "min": 0.10040488,
            "max": 0.19959978,
            "count": 246
        },
        "DroneAgent.Policy.Epsilon.sum": {
            "value": 0.10040488,
            "min": 0.10040488,
            "max": 0.19959978,
            "count": 246
        },
        "DroneAgent.Policy.Beta.mean": {
            "value": 0.01,
            "min": 0.01,
            "max": 0.01,
            "count": 246
        },
        "DroneAgent.Policy.Beta.sum": {
            "value": 0.01,
            "min": 0.01,
            "max": 0.01,
            "count": 246
        },
        "DroneAgent.Policy.GAILPolicyEstimate.mean": {
            "value": 0.000462707144106389,
            "min": 0.00036795004143641563,
            "max": 0.005833009332036454,
            "count": 246
        },
        "DroneAgent.Policy.GAILPolicyEstimate.sum": {
            "value": 0.000462707144106389,
            "min": 0.00036795004143641563,
            "max": 0.005833009332036454,
            "count": 246
        },
        "DroneAgent.Policy.GAILExpertEstimate.mean": {
            "value": 0.9999475404620171,
            "min": 0.9994797646999359,
            "max": 0.9999903336167335,
            "count": 246
        },
        "DroneAgent.Policy.GAILExpertEstimate.sum": {
            "value": 0.9999475404620171,
            "min": 0.9994797646999359,
            "max": 0.9999903336167335,
            "count": 246
        },
        "DroneAgent.Losses.GAILLoss.mean": {
            "value": 0.0005261219506792258,
            "min": 0.0004053971581015503,
            "max": 0.007323840614299115,
            "count": 246
        },
        "DroneAgent.Losses.GAILLoss.sum": {
            "value": 0.0005261219506792258,
            "min": 0.0004053971581015503,
            "max": 0.007323840614299115,
            "count": 246
        },
        "DroneAgent.Policy.GAILGradMagLoss.mean": {
            "value": 0.0010927915129286703,
            "min": 0.0008717109747522044,
            "max": 0.008279219122050563,
            "count": 246
        },
        "DroneAgent.Policy.GAILGradMagLoss.sum": {
            "value": 0.0010927915129286703,
            "min": 0.0008717109747522044,
            "max": 0.008279219122050563,
            "count": 246
        },
        "DroneAgent.Losses.PretrainingLoss.mean": {
            "value": 0.0,
            "min": 0.0,
            "max": 81.01370052761501,
            "count": 246
        },
        "DroneAgent.Losses.PretrainingLoss.sum": {
            "value": 0.0,
            "min": 0.0,
            "max": 81.01370052761501,
            "count": 246
        }
    },
    "metadata": {
        "timer_format_version": "0.1.0",
        "start_time_seconds": "1699753824",
        "python_version": "3.9.13 (tags/v3.9.13:6de2ca5, May 17 2022, 16:36:42) [MSC v.1929 64 bit (AMD64)]",
        "command_line_arguments": "C:\\Users\\thoma\\AppData\\Local\\Programs\\Python\\Python39\\Scripts\\mlagents-learn config\\DroneAgent.yaml --initialize-from=DroneAgentMG2 --run-id=DroneAgentMGO",
        "mlagents_version": "0.30.0",
        "mlagents_envs_version": "0.30.0",
        "communication_protocol_version": "1.5.0",