{
    "name": "root",
    "gauges": {
        "DroneAgent.Policy.Entropy.mean": {
            "value": 4.973696708679199,
            "min": 4.38833475112915,
            "max": 4.973696708679199,
            "count": 500
        },
        "DroneAgent.Policy.Entropy.sum": {
            "value": 48359.25390625,
            "min": 41295.9453125,
            "max": 51907.5234375,
            "count": 500
        },
        "DroneAgent.Step.mean": {
            "value": 4999964.0,
            "min": 9984.0,
            "max": 4999964.0,
            "count": 500
        },
        "DroneAgent.Step.sum": {
            "value": 4999964.0,
            "min": 9984.0,
            "max": 4999964.0,
            "count": 500
        },
        "DroneAgent.Policy.ExtrinsicValueEstimate.mean": {
            "value": 0.2289823740720749,
            "min": 0.038696594536304474,
            "max": 0.38527631759643555,
            "count": 500
        },
        "DroneAgent.Policy.ExtrinsicValueEstimate.sum": {
            "value": 35.950233459472656,
            "min": 6.152758598327637,
            "max": 60.10310745239258,
            "count": 500
        },
        "DroneAgent.Policy.GailValueEstimate.mean": {
            "value": 0.004654095973819494,
            "min": -0.01188031304627657,
            "max": 0.05256081372499466,
            "count": 500
        },
        "DroneAgent.Policy.GailValueEstimate.sum": {
            "value": 0.7306931018829346,
            "min": -1.8652091026306152,
            "max": 8.23237419128418,
            "count": 500
        },
        "DroneAgent.IsTraining.mean": {
            "value": 1.0,
            "min": 1.0,
            "max": 1.0,
            "count": 500
        },
        "DroneAgent.IsTraining.sum": {
            "value": 1.0,
            "min": 1.0,
            "max": 1.0,
            "count": 500
        },
        "DroneAgent.Losses.PolicyLoss.mean": {
            "value": 0.0825539908837527,
            "min": 0.06001261984929442,
            "max": 0.1136448722332716,
            "count": 244
        },
        "DroneAgent.Losses.PolicyLoss.sum": {
            "value": 0.0825539908837527,
            "min": 0.06001261984929442,
            "max": 0.1136448722332716,
            "count": 244
        },
        "DroneAgent.Losses.ValueLoss.mean": {
            "value": 0.004200920864241198,
            "min": 0.002873866484151222,
            "max": 0.02059721206314862,
            "count": 244
        },
        "DroneAgent.Losses.ValueLoss.sum": {
            "value": 0.004200920864241198,
            "min": 0.002873866484151222,
            "max": 0.02059721206314862,
            "count": 244
        },
        "DroneAgent.Policy.LearningRate.mean": {
            "value": 2.1992997800799564e-06,
            "min": 2.1992997800799564e-06,
            "max": 0.00099569920043008,
            "count": 244
        },
        "DroneAgent.Policy.LearningRate.sum": {
            "value": 2.1992997800799564e-06,
            "min": 2.1992997800799564e-06,
            "max": 0.00099569920043008,
            "count": 244
        },
        "DroneAgent.Policy.Epsilon.mean": {
            "value": 0.10021991999999999,
            "min": 0.10021991999999999,
            "max": 0.19956992,
            "count": 244
        },
        "DroneAgent.Policy.Epsilon.sum": {
            "value": 0.10021991999999999,
            "min": 0.10021991999999999,
            "max": 0.19956992,
            "count": 244
        },
        "DroneAgent.Policy.Beta.mean": {
            "value": 0.01,
            "min": 0.01,
            "max": 0.01,
            "count": 244
        },
        "DroneAgent.Policy.Beta.sum": {
            "value": 0.01,
            "min": 0.01,
            "max": 0.01,
            "count": 244
        },
        "DroneAgent.Policy.GAILPolicyEstimate.mean": {
            "value": 0.0001153225380349454,
            "min": 3.743197155472444e-05,
            "max": 0.002994322991240317,
            "count": 244
        },
        "DroneAgent.Policy.GAILPolicyEstimate.sum": {
            "value": 0.0001153225380349454,
            "min": 3.743197155472444e-05,
            "max": 0.002994322991240317,
            "count": 244
        },
        "DroneAgent.Policy.GAILExpertEstimate.mean": {
            "value": 0.9999945372343063,
            "min": 0.9990749821066857,
            "max": 0.9999998956918716,
            "count": 244
        },
        "DroneAgent.Policy.GAILExpertEstimate.sum": {
            "value": 0.9999945372343063,
            "min": 0.9990749821066857,
            "max": 0.9999998956918716,
            "count": 244
        },
        "DroneAgent.Losses.GAILLoss.mean": {
            "value": 0.00012400883317695844,
            "min": 4.226595699492463e-05,
            "max": 0.0055473413005984185,
            "count": 244
        },
        "DroneAgent.Losses.GAILLoss.sum": {
            "value": 0.00012400883317695844,
            "min": 4.226595699492463e-05,
            "max": 0.0055473413005984185,
            "count": 244
        },
        "DroneAgent.Policy.GAILGradMagLoss.mean": {
            "value": 0.00028523381661216263,
            "min": 0.00028523381661216263,
            "max": 0.07712960133940214,
            "count": 244
        },
        "DroneAgent.Policy.GAILGradMagLoss.sum": {
            "value": 0.00028523381661216263,
            "min": 0.00028523381661216263,
            "max": 0.07712960133940214,
            "count": 244
        },
        "DroneAgent.Losses.PretrainingLoss.mean": {
            "value": 0.0,
            "min": 0.0,
            "max": 1124.3002848307292,
            "count": 244
        },
        "DroneAgent.Losses.PretrainingLoss.sum": {
            "value": 0.0,
            "min": 0.0,
            "max": 1124.3002848307292,
            "count": 244
        },
        "DroneAgent.Environment.EpisodeLength.mean": {
            "value": 4551.0,
            "min": 616.0,
            "max": 5999.0,
            "count": 449
        },
        "DroneAgent.Environment.EpisodeLength.sum": {
            "value": 9102.0,
            "min": 616.0,
            "max": 53991.0,
            "count": 449
        },
        "DroneAgent.Environment.CumulativeReward.mean": {
            "value": 6.64168103877455,
            "min": -0.44486114017975825,
            "max": 19.52818732423475,
            "count": 447
        },
        "DroneAgent.Environment.CumulativeReward.sum": {
            "value": 13.2833620775491,
            "min": -1.3345834205392748,
            "max": 86.88764793524751,
            "count": 447
        },
        "DroneAgent.Policy.ExtrinsicReward.mean": {
            "value": 6.64168103877455,
            "min": -0.44486114017975825,
            "max": 19.52818732423475,
            "count": 447
        },
        "DroneAgent.Policy.ExtrinsicReward.sum": {
            "value": 13.2833620775491,
            "min": -1.3345834205392748,
            "max": 86.88764793524751,
            "count": 447
        },
        "DroneAgent.Policy.GailReward.mean": {
            "value": 0.03960054223974807,
            "min": 0.004950602739541843,
            "max": 5.9169756116697165,
            "count": 447
        },
        "DroneAgent.Policy.GailReward.sum": {
            "value": 0.07920108447949614,
            "min": 0.004950602739541843,
            "max": 17.75092683500915,
            "count": 447
        }
    },
    "metadata": {
        "timer_format_version": "0.1.0",
        "start_time_seconds": "1699981168",
        "python_version": "3.9.13 (tags/v3.9.13:6de2ca5, May 17 2022, 16:36:42) [MSC v.1929 64 bit (AMD64)]",
        "command_line_arguments": "C:\\Users\\thoma\\AppData\\Local\\Programs\\Python\\Python39\\Scripts\\mlagents-learn config\\DroneAgent.yaml --initialize-from=DroneAgentMG4 --run-id=DroneAgentMG5",
        "mlagents_version": "0.30.0",
        "mlagents_envs_version": "0.30.0",