{
    "name": "root",
    "gauges": {
        "DroneAgent.Policy.Entropy.mean": {
            "value": 6.823358535766602,
            "min": 6.338095664978027,
            "max": 6.823389053344727,
            "count": 500
        },
        "DroneAgent.Policy.Entropy.sum": {
            "value": 67592.1875,
            "min": 62645.234375,
            "max": 69796.140625,
            "count": 500
        },
        "DroneAgent.Step.mean": {
            "value": 4999940.0,
            "min": 9990.0,
            "max": 4999940.0,
            "count": 500
        },
        "DroneAgent.Step.sum": {
            "value": 4999940.0,
            "min": 9990.0,
            "max": 4999940.0,
            "count": 500
        },
        "DroneAgent.Policy.ExtrinsicValueEstimate.mean": {
            "value": 0.5144791603088379,
            "min": 0.4443337619304657,
            "max": 0.8784610033035278,
            "count": 500
        },
        "DroneAgent.Policy.ExtrinsicValueEstimate.sum": {
            "value": 81.80218505859375,
            "min": 71.53773498535156,
            "max": 137.0399169921875,
            "count": 500
        },
        "DroneAgent.Policy.GailValueEstimate.mean": {
            "value": 0.00019483410869725049,
            "min": -0.0015773129416629672,
            "max": 0.0041321865282952785,
            "count": 500
        },
        "DroneAgent.Policy.GailValueEstimate.sum": {
            "value": 0.030978623777627945,
            "min": -0.24921543896198273,
            "max": 0.6593530178070068,
            "count": 500
        },
        "DroneAgent.Environment.EpisodeLength.mean": {
            "value": 3038.714285714286,
            "min": 461.0,
            "max": 3748.4,
            "count": 497
        },
        "DroneAgent.Environment.EpisodeLength.sum": {
            "value": 21271.0,
            "min": 717.0,
            "max": 23089.0,
            "count": 497
        },
        "DroneAgent.Environment.CumulativeReward.mean": {
            "value": 19.473134631108092,
            "min": 1.9007429160177707,
            "max": 23.520540662645363,
            "count": 497
        },
        "DroneAgent.Environment.CumulativeReward.sum": {
            "value": 136.31194241775665,
            "min": 4.1715809823945165,
            "max": 152.86407048544788,
            "count": 497
        },
        "DroneAgent.Policy.ExtrinsicReward.mean": {
            "value": 19.473134631108092,
            "min": 1.9007429160177707,
            "max": 23.520540662645363,
            "count": 497
        },
        "DroneAgent.Policy.ExtrinsicReward.sum": {
            "value": 136.31194241775665,
            "min": 4.1715809823945165,
            "max": 152.86407048544788,
            "count": 497
        },
        "DroneAgent.Policy.GailReward.mean": {
            "value": 0.010184807006300265,
            "min": 1.859686696548124e-06,
            "max": 0.09227366792084817,
            "count": 497
        },
        "DroneAgent.Policy.GailReward.sum": {
            "value": 0.07129364904410185,
            "min": 9.29843348274062e-06,
            "max": 0.5132985416392821,
            "count": 497
        },
        "DroneAgent.IsTraining.mean": {
            "value": 1.0,
            "min": 1.0,
            "max": 1.0,
            "count": 500
        },
        "DroneAgent.IsTraining.sum": {
            "value": 1.0,
            "min": 1.0,
            "max": 1.0,
            "count": 500
        },
        "DroneAgent.Losses.PolicyLoss.mean": {
            "value": 0.0858210668899119,
            "min": 0.05141304227872752,
            "max": 0.11025765781814698,
            "count": 247
        },
        "DroneAgent.Losses.PolicyLoss.sum": {
            "value": 0.0858210668899119,
            "min": 0.05141304227872752,
            "max": 0.11025765781814698,
            "count": 247
        },
        "DroneAgent.Losses.ValueLoss.mean": {
            "value": 0.0033595596469240263,
            "min": 0.0019417217379668727,
            "max": 0.01019517919048667,
            "count": 247
        },
        "DroneAgent.Losses.ValueLoss.sum": {
            "value": 0.0033595596469240263,
            "min": 0.0019417217379668727,
            "max": 0.01019517919048667,
            "count": 247
        },
        "DroneAgent.Policy.LearningRate.mean": {
            "value": 3.4512996548799873e-06,
            "min": 3.4512996548799873e-06,
            "max": 0.00099587920041208,
            "count": 247
        },
        "DroneAgent.Policy.LearningRate.sum": {
            "value": 3.4512996548799873e-06,
            "min": 3.4512996548799873e-06,
            "max": 0.00099587920041208,
            "count": 247
        },
        "DroneAgent.Policy.Epsilon.mean": {
            "value": 0.10034512000000002,
            "min": 0.10034512000000002,
            "max": 0.19958792,
            "count": 247
        },
        "DroneAgent.Policy.Epsilon.sum": {
            "value": 0.10034512000000002,
            "min": 0.10034512000000002,
            "max": 0.19958792,
            "count": 247
        },
        "DroneAgent.Policy.Beta.mean": {
            "value": 0.01,
            "min": 0.01,
            "max": 0.01,
            "count": 247
        },
        "DroneAgent.Policy.Beta.sum": {
            "value": 0.01,
            "min": 0.01,
            "max": 0.01,
            "count": 247
        },
        "DroneAgent.Policy.GAILPolicyEstimate.mean": {
            "value": 1.836846612466303e-05,
            "min": 2.171084494051456e-06,
            "max": 0.000135435618375368,
            "count": 247
        },
        "DroneAgent.Policy.GAILPolicyEstimate.sum": {
            "value": 1.836846612466303e-05,
            "min": 2.171084494051456e-06,
            "max": 0.000135435618375368,
            "count": 247
        },
        "DroneAgent.Policy.GAILExpertEstimate.mean": {
            "value": 1.0,
            "min": 0.9999375864863396,
            "max": 1.0,
            "count": 247
        },
        "DroneAgent.Policy.GAILExpertEstimate.sum": {
            "value": 1.0,
            "min": 0.9999375864863396,
            "max": 1.0,
            "count": 247
        },
        "DroneAgent.Losses.GAILLoss.mean": {
            "value": 1.8639647089546685e-05,
            "min": 2.0339204358066352e-06,
            "max": 0.0001456019002077369,
            "count": 247
        },
        "DroneAgent.Losses.GAILLoss.sum": {
            "value": 1.8639647089546685e-05,
            "min": 2.0339204358066352e-06,
            "max": 0.0001456019002077369,
            "count": 247
        },
        "DroneAgent.Policy.GAILGradMagLoss.mean": {
            "value": 2.5130020526376028e-05,
            "min": 1.6231086328843956e-05,
            "max": 0.003440154739655554,
            "count": 247
        },
        "DroneAgent.Policy.GAILGradMagLoss.sum": {
            "value": 2.5130020526376028e-05,
            "min": 1.6231086328843956e-05,
            "max": 0.003440154739655554,
            "count": 247
        },
        "DroneAgent.Losses.PretrainingLoss.mean": {
            "value": 0.0,
            "min": 0.0,
            "max": 99614.26171875,
            "count": 247
        },
        "DroneAgent.Losses.PretrainingLoss.sum": {
            "value": 0.0,
            "min": 0.0,
            "max": 99614.26171875,
            "count": 247
        }
    },
    "metadata": {
        "timer_format_version": "0.1.0",
        "start_time_seconds": "1697397492",
        "python_version": "3.9.13 (tags/v3.9.13:6de2ca5, May 17 2022, 16:36:42) [MSC v.1929 64 bit (AMD64)]",
        "command_line_arguments": "F:\\Unity projects\\Oblig2\\Drone_MLagents\\venv\\Scripts\\mlagents-learn config\\DroneAgent.yaml --initialize-from=DroneAgentTrack10 --run-id=DroneAgentTrack11",
        "mlagents_version": "0.30.0",
        "mlagents_envs_version": "0.30.0",
        "communication_protocol_version": "1.5.0",