{
    "name": "root",
    "gauges": {
        "DroneAgent.Policy.Entropy.mean": {
            "value": 9.202308654785156,
            "min": 8.609342575073242,
            "max": 9.202325820922852,
            "count": 500
        },
        "DroneAgent.Policy.Entropy.sum": {
            "value": 90247.0390625,
            "min": 81021.6171875,
            "max": 94498.28125,
            "count": 500
        },
        "DroneAgent.Step.mean": {
            "value": 4999994.0,
            "min": 9984.0,
            "max": 4999994.0,
            "count": 500
        },
        "DroneAgent.Step.sum": {
            "value": 4999994.0,
            "min": 9984.0,
            "max": 4999994.0,
            "count": 500
        },
        "DroneAgent.Policy.ExtrinsicValueEstimate.mean": {
            "value": 0.10600734502077103,
            "min": 0.03024553321301937,
            "max": 0.38749808073043823,
            "count": 500
        },
        "DroneAgent.Policy.ExtrinsicValueEstimate.sum": {
            "value": 16.749160766601562,
            "min": 4.778794288635254,
            "max": 60.44969940185547,
            "count": 500
        },
        "DroneAgent.Policy.GailValueEstimate.mean": {
            "value": 0.0013982240343466401,
            "min": -0.0023977095261216164,
            "max": 0.01061155367642641,
            "count": 500
        },
        "DroneAgent.Policy.GailValueEstimate.sum": {
            "value": 0.2209194004535675,
            "min": -0.37404268980026245,
            "max": 1.687237024307251,
            "count": 500
        },
        "DroneAgent.IsTraining.mean": {
            "value": 1.0,
            "min": 1.0,
            "max": 1.0,
            "count": 500
        },
        "DroneAgent.IsTraining.sum": {
            "value": 1.0,
            "min": 1.0,
            "max": 1.0,
            "count": 500
        },
        "DroneAgent.Losses.PolicyLoss.mean": {
            "value": 0.07936790391686373,
            "min": 0.03207152562681585,
            "max": 0.11502028782851995,
            "count": 244
        },
        "DroneAgent.Losses.PolicyLoss.sum": {
            "value": 0.07936790391686373,
            "min": 0.03207152562681585,
            "max": 0.11502028782851995,
            "count": 244
        },
        "DroneAgent.Losses.ValueLoss.mean": {
            "value": 0.000244681671165381,
            "min": 2.7741407257053653e-05,
            "max": 0.0019543003058061005,
            "count": 244
        },
        "DroneAgent.Losses.ValueLoss.sum": {
            "value": 0.000244681671165381,
            "min": 2.7741407257053653e-05,
            "max": 0.0019543003058061005,
            "count": 244
        },
        "DroneAgent.Policy.LearningRate.mean": {
            "value": 3.7488996251199962e-06,
            "min": 3.7488996251199962e-06,
            "max": 0.00099569920043008,
            "count": 244
        },
        "DroneAgent.Policy.LearningRate.sum": {
            "value": 3.7488996251199962e-06,
            "min": 3.7488996251199962e-06,
            "max": 0.00099569920043008,
            "count": 244
        },
        "DroneAgent.Policy.Epsilon.mean": {
            "value": 0.10037487999999999,
            "min": 0.10037487999999999,
            "max": 0.19956992,
            "count": 244
        },
        "DroneAgent.Policy.Epsilon.sum": {
            "value": 0.10037487999999999,
            "min": 0.10037487999999999,
            "max": 0.19956992,
            "count": 244
        },
        "DroneAgent.Policy.Beta.mean": {
            "value": 0.01,
            "min": 0.01,
            "max": 0.01,
            "count": 244
        },
        "DroneAgent.Policy.Beta.sum": {
            "value": 0.01,
            "min": 0.01,
            "max": 0.01,
            "count": 244
        },
        "DroneAgent.Policy.GAILPolicyEstimate.mean": {
            "value": 0.0012250402294739615,
            "min": 0.000756279162123974,
            "max": 0.0035380828892812135,
            "count": 244
        },
        "DroneAgent.Policy.GAILPolicyEstimate.sum": {
            "value": 0.0012250402294739615,
            "min": 0.000756279162123974,
            "max": 0.0035380828892812135,
            "count": 244
        },
        "DroneAgent.Policy.GAILExpertEstimate.mean": {
            "value": 0.9995576649904251,
            "min": 0.9979133740067482,
            "max": 0.9999276027083397,
            "count": 244
        },
        "DroneAgent.Policy.GAILExpertEstimate.sum": {
            "value": 0.9995576649904251,
            "min": 0.9979133740067482,
            "max": 0.9999276027083397,
            "count": 244
        },
        "DroneAgent.Losses.GAILLoss.mean": {
            "value": 0.0019678725351695904,
            "min": 0.0008774577141593909,
            "max": 0.009633769345236942,
            "count": 244
        },
        "DroneAgent.Losses.GAILLoss.sum": {
            "value": 0.0019678725351695904,
            "min": 0.0008774577141593909,
            "max": 0.009633769345236942,
            "count": 244
        },
        "DroneAgent.Policy.GAILGradMagLoss.mean": {
            "value": 0.0020815947398659775,
            "min": 0.0011244076707953355,
            "max": 0.006486757201491855,
            "count": 244
        },
        "DroneAgent.Policy.GAILGradMagLoss.sum": {
            "value": 0.0020815947398659775,
            "min": 0.0011244076707953355,
            "max": 0.006486757201491855,
            "count": 244
        },
        "DroneAgent.Losses.PretrainingLoss.mean": {
            "value": 0.0,
            "min": 0.0,
            "max": 27468860453.925926,
            "count": 244
        },
        "DroneAgent.Losses.PretrainingLoss.sum": {
            "value": 0.0,
            "min": 0.0,
            "max": 27468860453.925926,
            "count": 244
        },
        "DroneAgent.Environment.EpisodeLength.mean": {
            "value": 5112.0,
            "min": 883.0,
            "max": 7499.0,
            "count": 397
        },
        "DroneAgent.Environment.EpisodeLength.sum": {
            "value": 10224.0,
            "min": 883.0,
            "max": 70631.0,
            "count": 397
        },
        "DroneAgent.Environment.CumulativeReward.mean": {
            "value": 4.971676309942268,
            "min": -0.5400456243078224,
            "max": 9.21263777720742,
            "count": 396
        },
        "DroneAgent.Environment.CumulativeReward.sum": {
            "value": 9.943352619884536,
            "min": -2.1601824972312897,
            "max": 48.42014916223707,
            "count": 396
        },
        "DroneAgent.Policy.ExtrinsicReward.mean": {
            "value": 4.971676309942268,
            "min": -0.5400456243078224,
            "max": 9.21263777720742,
            "count": 396
        },
        "DroneAgent.Policy.ExtrinsicReward.sum": {
            "value": 9.943352619884536,
            "min": -2.1601824972312897,
            "max": 48.42014916223707,
            "count": 396
        },
        "DroneAgent.Policy.GailReward.mean": {
            "value": 0.12681002304211564,
            "min": 0.0004664090529757914,
            "max": 0.9179059850740168,
            "count": 396
        },
        "DroneAgent.Policy.GailReward.sum": {
            "value": 0.2536200460842313,
            "min": 0.0004664090529757914,
            "max": 3.9245544269554684,
            "count": 396
        }
    },
    "metadata": {
        "timer_format_version": "0.1.0",
        "start_time_seconds": "1697502294",
        "python_version": "3.9.13 (tags/v3.9.13:6de2ca5, May 17 2022, 16:36:42) [MSC v.1929 64 bit (AMD64)]",
        "command_line_arguments": "F:\\Unity projects\\Oblig2\\Drone_MLagents\\venv\\Scripts\\mlagents-learn config/DroneAgent.yaml --initialize-from=DroneAgentTrackNO3 --run-id=DroneAgentTrackNO4",
        "mlagents_version": "0.30.0",
        "mlagents_envs_version": "0.30.0",