{
    "name": "root",
    "gauges": {
        "DroneAgent.Policy.Entropy.mean": {
            "value": 6.3014092445373535,
            "min": 6.1713032722473145,
            "max": 6.3014092445373535,
            "count": 187
        },
        "DroneAgent.Policy.Entropy.sum": {
            "value": 63782.86328125,
            "min": 54182.390625,
            "max": 67721.421875,
            "count": 187
        },
        "DroneAgent.Step.mean": {
            "value": 1869937.0,
            "min": 9984.0,
            "max": 1869937.0,
            "count": 187
        },
        "DroneAgent.Step.sum": {
            "value": 1869937.0,
            "min": 9984.0,
            "max": 1869937.0,
            "count": 187
        },
        "DroneAgent.Policy.ExtrinsicValueEstimate.mean": {
            "value": 0.4432545006275177,
            "min": -0.047190554440021515,
            "max": 0.845322847366333,
            "count": 187
        },
        "DroneAgent.Policy.ExtrinsicValueEstimate.sum": {
            "value": 73.13699340820312,
            "min": -7.40891695022583,
            "max": 131.870361328125,
            "count": 187
        },
        "DroneAgent.Policy.GailValueEstimate.mean": {
            "value": 0.0028224659617990255,
            "min": -0.005765482783317566,
            "max": 0.010540124028921127,
            "count": 187
        },
        "DroneAgent.Policy.GailValueEstimate.sum": {
            "value": 0.46570688486099243,
            "min": -0.9513046741485596,
            "max": 1.654799461364746,
            "count": 187
        },
        "DroneAgent.IsTraining.mean": {
            "value": 1.0,
            "min": 1.0,
            "max": 1.0,
            "count": 187
        },
        "DroneAgent.IsTraining.sum": {
            "value": 1.0,
            "min": 1.0,
            "max": 1.0,
            "count": 187
        },
        "DroneAgent.Losses.PolicyLoss.mean": {
            "value": 0.08026266971137375,
            "min": 0.05994566732551902,
            "max": 0.11003378091845661,
            "count": 89
        },
        "DroneAgent.Losses.PolicyLoss.sum": {
            "value": 0.08026266971137375,
            "min": 0.05994566732551902,
            "max": 0.11003378091845661,
            "count": 89
        },
        "DroneAgent.Losses.ValueLoss.mean": {
            "value": 0.006908108975039795,
            "min": 0.0029279239824973047,
            "max": 0.007803306292043999,
            "count": 89
        },
        "DroneAgent.Losses.ValueLoss.sum": {
            "value": 0.006908108975039795,
            "min": 0.0029279239824973047,
            "max": 0.007803306292043999,
            "count": 89
        },
        "DroneAgent.Policy.LearningRate.mean": {
            "value": 0.00062701783729822,
            "min": 0.00062701783729822,
            "max": 0.00099569920043008,
            "count": 89
        },
        "DroneAgent.Policy.LearningRate.sum": {
            "value": 0.00062701783729822,
            "min": 0.00062701783729822,
            "max": 0.00099569920043008,
            "count": 89
        },
        "DroneAgent.Policy.Epsilon.mean": {
            "value": 0.16270178000000002,
            "min": 0.16270178000000002,
            "max": 0.19956992,
            "count": 89
        },
        "DroneAgent.Policy.Epsilon.sum": {
            "value": 0.16270178000000002,
            "min": 0.16270178000000002,
            "max": 0.19956992,
            "count": 89
        },
        "DroneAgent.Policy.Beta.mean": {
            "value": 0.01,
            "min": 0.01,
            "max": 0.01,
            "count": 89
        },
        "DroneAgent.Policy.Beta.sum": {
            "value": 0.01,
            "min": 0.01,
            "max": 0.01,
            "count": 89
        },
        "DroneAgent.Policy.GAILPolicyEstimate.mean": {
            "value": 4.8257085128966534e-05,
            "min": 3.011887581623185e-05,
            "max": 0.0008499561032958347,
            "count": 89
        },
        "DroneAgent.Policy.GAILPolicyEstimate.sum": {
            "value": 4.8257085128966534e-05,
            "min": 3.011887581623185e-05,
            "max": 0.0008499561032958347,
            "count": 89
        },
        "DroneAgent.Policy.GAILExpertEstimate.mean": {
            "value": 0.999999986588955,
            "min": 0.9997499719262123,
            "max": 0.999999986588955,
            "count": 89
        },
        "DroneAgent.Policy.GAILExpertEstimate.sum": {
            "value": 0.999999986588955,
            "min": 0.9997499719262123,
            "max": 0.999999986588955,
            "count": 89
        },
        "DroneAgent.Losses.GAILLoss.mean": {
            "value": 4.902294082498315e-05,
            "min": 3.094987825260631e-05,
            "max": 0.0009552587008087698,
            "count": 89
        },
        "DroneAgent.Losses.GAILLoss.sum": {
            "value": 4.902294082498315e-05,
            "min": 3.094987825260631e-05,
            "max": 0.0009552587008087698,
            "count": 89
        },
        "DroneAgent.Policy.GAILGradMagLoss.mean": {
            "value": 0.0002518603649150464,
            "min": 6.961578465052299e-05,
            "max": 0.0013362830589358054,
            "count": 89
        },
        "DroneAgent.Policy.GAILGradMagLoss.sum": {
            "value": 0.0002518603649150464,
            "min": 6.961578465052299e-05,
            "max": 0.0013362830589358054,
            "count": 89
        },
        "DroneAgent.Losses.PretrainingLoss.mean": {
            "value": 0.0,
            "min": 0.0,
            "max": 32048.700303819445,
            "count": 89
        },
        "DroneAgent.Losses.PretrainingLoss.sum": {
            "value": 0.0,
            "min": 0.0,
            "max": 32048.700303819445,
            "count": 89
        },
        "DroneAgent.Environment.EpisodeLength.mean": {
            "value": 1249.0,
            "min": 674.0,
            "max": 1999.0,
            "count": 138
        },
        "DroneAgent.Environment.EpisodeLength.sum": {
            "value": 23731.0,
            "min": 674.0,
            "max": 26979.0,
            "count": 138
        },
        "DroneAgent.Environment.CumulativeReward.mean": {
            "value": 5.580204237595592,
            "min": -1.6511553367599845,
            "max": 8.939202792942524,
            "count": 143
        },
        "DroneAgent.Environment.CumulativeReward.sum": {
            "value": 106.02388051431626,
            "min": -10.060600357595831,
            "max": 138.42502191569656,
            "count": 143
        },
        "DroneAgent.Policy.ExtrinsicReward.mean": {
            "value": 5.580204237595592,
            "min": -1.6511553367599845,
            "max": 8.939202792942524,
            "count": 143
        },
        "DroneAgent.Policy.ExtrinsicReward.sum": {
            "value": 106.02388051431626,
            "min": -10.060600357595831,
            "max": 138.42502191569656,
            "count": 143
        },
        "DroneAgent.Policy.GailReward.mean": {
            "value": 0.018594892178136223,
            "min": 2.3156968142146184e-05,
            "max": 0.5968379570447571,
            "count": 143
        },
        "DroneAgent.Policy.GailReward.sum": {
            "value": 0.3533029513845882,
            "min": 2.3156968142146184e-05,
            "max": 4.5963692388403405,
            "count": 143
        }
    },
    "metadata": {
        "timer_format_version": "0.1.0",
        "start_time_seconds": "1700122684",
        "python_version": "3.9.13 (tags/v3.9.13:6de2ca5, May 17 2022, 16:36:42) [MSC v.1929 64 bit (AMD64)]",
        "command_line_arguments": "C:\\Users\\thoma\\AppData\\Local\\Programs\\Python\\Python39\\Scripts\\mlagents-learn config\\DroneAgent.yaml --initialize-from=DroneAgentMG14 --run-id=DroneAgentMG15",
        "mlagents_version": "0.30.0",
        "mlagents_envs_version": "0.30.0",