{
    "name": "root",
    "gauges": {
        "DroneAgent.Policy.Entropy.mean": {
            "value": -8.056678771972656,
            "min": -8.056678771972656,
            "max": -8.054048538208008,
            "count": 56
        },
        "DroneAgent.Policy.Entropy.sum": {
            "value": -161689.484375,
            "min": -163814.1875,
            "max": -158232.609375,
            "count": 56
        },
        "DroneAgent.Step.mean": {
            "value": 1119952.0,
            "min": 19963.0,
            "max": 1119952.0,
            "count": 56
        },
        "DroneAgent.Step.sum": {
            "value": 1119952.0,
            "min": 19963.0,
            "max": 1119952.0,
            "count": 56
        },
        "DroneAgent.Policy.ExtrinsicValueEstimate.mean": {
            "value": 0.012349488213658333,
            "min": -0.4223485291004181,
            "max": 0.10344855487346649,
            "count": 56
        },
        "DroneAgent.Policy.ExtrinsicValueEstimate.sum": {
            "value": 3.951836347579956,
            "min": -149.51138305664062,
            "max": 34.42994689941406,
            "count": 56
        },
        "DroneAgent.Policy.GailValueEstimate.mean": {
            "value": 0.052297044545412064,
            "min": 0.015160408802330494,
            "max": 5.538477420806885,
            "count": 56
        },
        "DroneAgent.Policy.GailValueEstimate.sum": {
            "value": 16.73505401611328,
            "min": 4.851330757141113,
            "max": 1816.62060546875,
            "count": 56
        },
        "DroneAgent.Losses.PolicyLoss.mean": {
            "value": 0.28104713484127486,
            "min": 0.15742523943711267,
            "max": 0.30876363165262677,
            "count": 56
        },
        "DroneAgent.Losses.PolicyLoss.sum": {
            "value": 5.058848427142948,
            "min": 2.991079549305141,
            "max": 5.538577063474803,
            "count": 56
        },
        "DroneAgent.Losses.ValueLoss.mean": {
            "value": 0.002606436158876696,
            "min": 0.0010326917201159073,
            "max": 1.7447710980467188,
            "count": 56
        },
        "DroneAgent.Losses.ValueLoss.sum": {
            "value": 0.04691585085978053,
            "min": 0.019621142682202237,
            "max": 27.9163375687475,
            "count": 56
        },
        "DroneAgent.Policy.LearningRate.mean": {
            "value": 0.00023342410219197331,
            "min": 0.00023342410219197331,
            "max": 0.0002993659402113533,
            "count": 56
        },
        "DroneAgent.Policy.LearningRate.sum": {
            "value": 0.00420163383945552,
            "min": 0.003951048902983759,
            "max": 0.0052781148806284196,
            "count": 56
        },
        "DroneAgent.Policy.Epsilon.mean": {
            "value": 0.1778080266666667,
            "min": 0.1778080266666667,
            "max": 0.1997886466666667,
            "count": 56
        },
        "DroneAgent.Policy.Epsilon.sum": {
            "value": 3.2005444800000005,
            "min": 2.81701624,
            "max": 3.65937158,
            "count": 56
        },
        "DroneAgent.Policy.Beta.mean": {
            "value": 0.0003912593306666667,
            "min": 0.0003912593306666667,
            "max": 0.0004989643686666667,
            "count": 56
        },
        "DroneAgent.Policy.Beta.sum": {
            "value": 0.007042667952,
            "min": 0.006603379576000001,
            "max": 0.008810920742000001,
            "count": 56
        },
        "DroneAgent.Policy.GAILPolicyEstimate.mean": {
            "value": 0.00310436291140461,
            "min": 0.0008696277329120182,
            "max": 0.1143474287702702,
            "count": 56
        },
        "DroneAgent.Policy.GAILPolicyEstimate.sum": {
            "value": 0.05587853240528298,
            "min": 0.016522926925328345,
            "max": 1.8295588603243231,
            "count": 56
        },
        "DroneAgent.Policy.GAILExpertEstimate.mean": {
            "value": 0.9917581583614701,
            "min": 0.8520878262652292,
            "max": 0.9917581583614701,
            "count": 56
        },
        "DroneAgent.Policy.GAILExpertEstimate.sum": {
            "value": 17.851646850506462,
            "min": 12.781317393978437,
            "max": 18.799835056066513,
            "count": 56
        },
        "DroneAgent.Losses.GAILLoss.mean": {
            "value": 0.011878948188731791,
            "min": 0.011878948188731791,
            "max": 0.2939869300927967,
            "count": 56
        },
        "DroneAgent.Losses.GAILLoss.sum": {
            "value": 0.21382106739717224,
            "min": 0.21382106739717224,
            "max": 4.703790881484747,
            "count": 56
        },
        "DroneAgent.Policy.GAILGradMagLoss.mean": {
            "value": 0.015714026340800855,
            "min": 0.015714026340800855,
            "max": 1.0933324450916715,
            "count": 56
        },
        "DroneAgent.Policy.GAILGradMagLoss.sum": {
            "value": 0.2828524741344154,
            "min": 0.2828524741344154,
            "max": 16.39998667637507,
            "count": 56
        },
        "DroneAgent.Losses.PretrainingLoss.mean": {
            "value": 0.0010725952830506246,
            "min": 0.0010725952830506246,
            "max": 0.045545659917924135,
            "count": 56
        },
        "DroneAgent.Losses.PretrainingLoss.sum": {
            "value": 0.019306715094911244,
            "min": 0.019306715094911244,
            "max": 0.683184898768862,
            "count": 56
        },
        "DroneAgent.Environment.EpisodeLength.mean": {
            "value": 999.0,
            "min": 268.3285714285714,
            "max": 999.0,
            "count": 56
        },
        "DroneAgent.Environment.EpisodeLength.sum": {
            "value": 20979.0,
            "min": 13986.0,
            "max": 25007.0,
            "count": 56
        },
        "DroneAgent.Environment.CumulativeReward.mean": {
            "value": 0.20000000949949026,
            "min": -0.9463342873113496,
            "max": 0.20000000949949026,
            "count": 56
        },
        "DroneAgent.Environment.CumulativeReward.sum": {
            "value": 4.2000001994892955,
            "min": -66.24340011179447,
            "max": 4.2000001994892955,
            "count": 56
        },
        "DroneAgent.Policy.ExtrinsicReward.mean": {
            "value": 0.20000000949949026,
            "min": -0.9463342873113496,
            "max": 0.20000000949949026,
            "count": 56
        },
        "DroneAgent.Policy.ExtrinsicReward.sum": {
            "value": 4.2000001994892955,
            "min": -66.24340011179447,
            "max": 4.2000001994892955,
            "count": 56
        },
        "DroneAgent.Policy.GailReward.mean": {
            "value": 1.9819839602735425,
            "min": 0.19297900663514156,
            "max": 53.240197493206885,
            "count": 56
        },
        "DroneAgent.Policy.GailReward.sum": {
            "value": 41.621663165744394,
            "min": 9.45949243679388,
            "max": 1691.429115329869,
            "count": 56
        },
        "DroneAgent.IsTraining.mean": {
            "value": 1.0,
            "min": 1.0,
            "max": 1.0,
            "count": 56
        },
        "DroneAgent.IsTraining.sum": {
            "value": 1.0,
            "min": 1.0,
            "max": 1.0,
            "count": 56
        }
    },
    "metadata": {
        "timer_format_version": "0.1.0",
        "start_time_seconds": "1696341610",
        "python_version": "3.9.13 (tags/v3.9.13:6de2ca5, May 17 2022, 16:36:42) [MSC v.1929 64 bit (AMD64)]",
        "command_line_arguments": "F:\\Unity projects\\Oblig2\\Drone_MLagents\\venv\\Scripts\\mlagents-learn config/DroneAgent.yaml --initialize-from=DroneAgentMoveForward6 --run-id=DroneAgentMoveForwardnewTraining3",