{
    "name": "root",
    "gauges": {
        "DroneAgent.Policy.Entropy.mean": {
            "value": 10.263089179992676,
            "min": 9.794462203979492,
            "max": 10.263158798217773,
            "count": 500
        },
        "DroneAgent.Policy.Entropy.sum": {
            "value": 101512.21875,
            "min": 92733.3203125,
            "max": 106356.828125,
            "count": 500
        },
        "DroneAgent.Step.mean": {
            "value": 4999974.0,
            "min": 9984.0,
            "max": 4999974.0,
            "count": 500
        },
        "DroneAgent.Step.sum": {
            "value": 4999974.0,
            "min": 9984.0,
            "max": 4999974.0,
            "count": 500
        },
        "DroneAgent.Policy.ExtrinsicValueEstimate.mean": {
            "value": 0.355477511882782,
            "min": 0.16885164380073547,
            "max": 0.7257252931594849,
            "count": 500
        },
        "DroneAgent.Policy.ExtrinsicValueEstimate.sum": {
            "value": 57.23188018798828,
            "min": 27.016263961791992,
            "max": 113.21315002441406,
            "count": 500
        },
        "DroneAgent.Policy.GailValueEstimate.mean": {
            "value": 0.0027459049597382545,
            "min": -0.006167491432279348,
            "max": 0.013242793269455433,
            "count": 500
        },
        "DroneAgent.Policy.GailValueEstimate.sum": {
            "value": 0.4420906901359558,
            "min": -0.9867986440658569,
            "max": 2.1056041717529297,
            "count": 500
        },
        "DroneAgent.IsTraining.mean": {
            "value": 1.0,
            "min": 1.0,
            "max": 1.0,
            "count": 500
        },
        "DroneAgent.IsTraining.sum": {
            "value": 1.0,
            "min": 1.0,
            "max": 1.0,
            "count": 500
        },
        "DroneAgent.Environment.EpisodeLength.mean": {
            "value": 1603.5,
            "min": 362.0,
            "max": 1999.0,
            "count": 499
        },
        "DroneAgent.Environment.EpisodeLength.sum": {
            "value": 12828.0,
            "min": 362.0,
            "max": 20994.0,
            "count": 499
        },
        "DroneAgent.Environment.CumulativeReward.mean": {
            "value": 6.269958698248956,
            "min": 1.8622185526881367,
            "max": 10.009537683955083,
            "count": 499
        },
        "DroneAgent.Environment.CumulativeReward.sum": {
            "value": 50.15966958599165,
            "min": 2.4576449394226074,
            "max": 81.574831251055,
            "count": 499
        },
        "DroneAgent.Policy.ExtrinsicReward.mean": {
            "value": 6.269958698248956,
            "min": 1.8622185526881367,
            "max": 10.009537683955083,
            "count": 499
        },
        "DroneAgent.Policy.ExtrinsicReward.sum": {
            "value": 50.15966958599165,
            "min": 2.4576449394226074,
            "max": 81.574831251055,
            "count": 499
        },
        "DroneAgent.Policy.GailReward.mean": {
            "value": 0.0012442471369384922,
            "min": 1.7345004934554709e-06,
            "max": 0.6232694102705983,
            "count": 499
        },
        "DroneAgent.Policy.GailReward.sum": {
            "value": 0.009953977095507938,
            "min": 1.7345004934554709e-06,
            "max": 7.47923292324718,
            "count": 499
        },
        "DroneAgent.Losses.PolicyLoss.mean": {
            "value": 0.09368486540406593,
            "min": 0.05800090839620679,
            "max": 0.1150958841200918,
            "count": 249
        },
        "DroneAgent.Losses.PolicyLoss.sum": {
            "value": 0.09368486540406593,
            "min": 0.05800090839620679,
            "max": 0.1150958841200918,
            "count": 249
        },
        "DroneAgent.Losses.ValueLoss.mean": {
            "value": 0.006144835823215544,
            "min": 0.002929762576241046,
            "max": 0.006994657457107678,
            "count": 249
        },
        "DroneAgent.Losses.ValueLoss.sum": {
            "value": 0.006144835823215544,
            "min": 0.002929762576241046,
            "max": 0.006994657457107678,
            "count": 249
        },
        "DroneAgent.Policy.LearningRate.mean": {
            "value": 1.0200998980000208e-06,
            "min": 1.0200998980000208e-06,
            "max": 0.00099571040042896,
            "count": 249
        },
        "DroneAgent.Policy.LearningRate.sum": {
            "value": 1.0200998980000208e-06,
            "min": 1.0200998980000208e-06,
            "max": 0.00099571040042896,
            "count": 249
        },
        "DroneAgent.Policy.Epsilon.mean": {
            "value": 0.100102,
            "min": 0.100102,
            "max": 0.19957104,
            "count": 249
        },
        "DroneAgent.Policy.Epsilon.sum": {
            "value": 0.100102,
            "min": 0.100102,
            "max": 0.19957104,
            "count": 249
        },
        "DroneAgent.Policy.Beta.mean": {
            "value": 0.01,
            "min": 0.01,
            "max": 0.01,
            "count": 249
        },
        "DroneAgent.Policy.Beta.sum": {
            "value": 0.01,
            "min": 0.01,
            "max": 0.01,
            "count": 249
        },
        "DroneAgent.Policy.GAILPolicyEstimate.mean": {
            "value": 8.46675303819211e-05,
            "min": 1.6191730132988914e-05,
            "max": 0.0005956163800533432,
            "count": 249
        },
        "DroneAgent.Policy.GAILPolicyEstimate.sum": {
            "value": 8.46675303819211e-05,
            "min": 1.6191730132988914e-05,
            "max": 0.0005956163800533432,
            "count": 249
        },
        "DroneAgent.Policy.GAILExpertEstimate.mean": {
            "value": 0.9999996319413185,
            "min": 0.999736039340496,
            "max": 0.9999999985098839,
            "count": 249
        },
        "DroneAgent.Policy.GAILExpertEstimate.sum": {
            "value": 0.9999996319413185,
            "min": 0.999736039340496,
            "max": 0.9999999985098839,
            "count": 249
        },
        "DroneAgent.Losses.GAILLoss.mean": {
            "value": 8.86972726220847e-05,
            "min": 1.6705438599995404e-05,
            "max": 0.0006524033334869728,
            "count": 249
        },
        "DroneAgent.Losses.GAILLoss.sum": {
            "value": 8.86972726220847e-05,
            "min": 1.6705438599995404e-05,
            "max": 0.0006524033334869728,
            "count": 249
        },
        "DroneAgent.Policy.GAILGradMagLoss.mean": {
            "value": 0.0003677751733448531,
            "min": 7.26929876691429e-05,
            "max": 0.0036723476616316473,
            "count": 249
        },
        "DroneAgent.Policy.GAILGradMagLoss.sum": {
            "value": 0.0003677751733448531,
            "min": 7.26929876691429e-05,
            "max": 0.0036723476616316473,
            "count": 249
        },
        "DroneAgent.Losses.PretrainingLoss.mean": {
            "value": 0.0,
            "min": 0.0,
            "max": 7482814287052.8,
            "count": 249
        },
        "DroneAgent.Losses.PretrainingLoss.sum": {
            "value": 0.0,
            "min": 0.0,
            "max": 7482814287052.8,
            "count": 249
        }
    },
    "metadata": {
        "timer_format_version": "0.1.0",
        "start_time_seconds": "1700264103",
        "python_version": "3.9.13 (tags/v3.9.13:6de2ca5, May 17 2022, 16:36:42) [MSC v.1929 64 bit (AMD64)]",
        "command_line_arguments": "C:\\Users\\thoma\\AppData\\Local\\Programs\\Python\\Python39\\Scripts\\mlagents-learn config\\DroneAgent.yaml --initialize-from=DroneAgentSpeed --run-id=DroneAgentSpeed1",
        "mlagents_version": "0.30.0",
        "mlagents_envs_version": "0.30.0",
        "communication_protocol_version": "1.5.0",