{
    "name": "root",
    "gauges": {
        "DroneAgent.Policy.Entropy.mean": {
            "value": 1.8889988660812378,
            "min": 1.7563031911849976,
            "max": 1.964816927909851,
            "count": 500
        },
        "DroneAgent.Policy.Entropy.sum": {
            "value": 19160.115234375,
            "min": 17209.509765625,
            "max": 21125.7109375,
            "count": 500
        },
        "DroneAgent.Step.mean": {
            "value": 4999995.0,
            "min": 9984.0,
            "max": 4999995.0,
            "count": 500
        },
        "DroneAgent.Step.sum": {
            "value": 4999995.0,
            "min": 9984.0,
            "max": 4999995.0,
            "count": 500
        },
        "DroneAgent.Policy.ExtrinsicValueEstimate.mean": {
            "value": 0.16366881132125854,
            "min": -0.2452174425125122,
            "max": 0.24527990818023682,
            "count": 500
        },
        "DroneAgent.Policy.ExtrinsicValueEstimate.sum": {
            "value": 26.350679397583008,
            "min": -39.48000717163086,
            "max": 39.24478530883789,
            "count": 500
        },
        "DroneAgent.Policy.GailValueEstimate.mean": {
            "value": 0.08284308016300201,
            "min": 0.013676723465323448,
            "max": 7.120540142059326,
            "count": 500
        },
        "DroneAgent.Policy.GailValueEstimate.sum": {
            "value": 13.337736129760742,
            "min": 2.2019524574279785,
            "max": 1146.406982421875,
            "count": 500
        },
        "DroneAgent.IsTraining.mean": {
            "value": 1.0,
            "min": 1.0,
            "max": 1.0,
            "count": 500
        },
        "DroneAgent.IsTraining.sum": {
            "value": 1.0,
            "min": 1.0,
            "max": 1.0,
            "count": 500
        },
        "DroneAgent.Environment.EpisodeLength.mean": {
            "value": 943.8181818181819,
            "min": 631.125,
            "max": 2083.3,
            "count": 499
        },
        "DroneAgent.Environment.EpisodeLength.sum": {
            "value": 10382.0,
            "min": 889.0,
            "max": 23384.0,
            "count": 499
        },
        "DroneAgent.Environment.CumulativeReward.mean": {
            "value": 2.3382700620727106,
            "min": -2.283766939038677,
            "max": 2.9998284794597163,
            "count": 499
        },
        "DroneAgent.Environment.CumulativeReward.sum": {
            "value": 25.720970682799816,
            "min": -31.972737146541476,
            "max": 35.66391594149172,
            "count": 499
        },
        "DroneAgent.Policy.ExtrinsicReward.mean": {
            "value": 2.3382700620727106,
            "min": -2.283766939038677,
            "max": 2.9998284794597163,
            "count": 499
        },
        "DroneAgent.Policy.ExtrinsicReward.sum": {
            "value": 25.720970682799816,
            "min": -31.972737146541476,
            "max": 35.66391594149172,
            "count": 499
        },
        "DroneAgent.Policy.GailReward.mean": {
            "value": 0.37691346582226454,
            "min": 0.1961760715311052,
            "max": 609.2475199276456,
            "count": 499
        },
        "DroneAgent.Policy.GailReward.sum": {
            "value": 4.14604812404491,
            "min": 0.8182491047484746,
            "max": 3758.745042814382,
            "count": 499
        },
        "DroneAgent.Losses.PolicyLoss.mean": {
            "value": 0.06574211250990629,
            "min": 0.05467602508833806,
            "max": 0.1489549247547984,
            "count": 250
        },
        "DroneAgent.Losses.PolicyLoss.sum": {
            "value": 0.06574211250990629,
            "min": 0.05467602508833806,
            "max": 0.1489549247547984,
            "count": 250
        },
        "DroneAgent.Losses.ValueLoss.mean": {
            "value": 0.0054310895618982615,
            "min": 0.003316269424976781,
            "max": 18.358824729919434,
            "count": 250
        },
        "DroneAgent.Losses.ValueLoss.sum": {
            "value": 0.0054310895618982615,
            "min": 0.003316269424976781,
            "max": 18.358824729919434,
            "count": 250
        },
        "DroneAgent.Policy.LearningRate.mean": {
            "value": 1.0790998921000522e-06,
            "min": 1.0790998921000522e-06,
            "max": 0.00099570040042996,
            "count": 250
        },
        "DroneAgent.Policy.LearningRate.sum": {
            "value": 1.0790998921000522e-06,
            "min": 1.0790998921000522e-06,
            "max": 0.00099570040042996,
            "count": 250
        },
        "DroneAgent.Policy.Epsilon.mean": {
            "value": 0.1001079,
            "min": 0.1001079,
            "max": 0.19957004,
            "count": 250
        },
        "DroneAgent.Policy.Epsilon.sum": {
            "value": 0.1001079,
            "min": 0.1001079,
            "max": 0.19957004,
            "count": 250
        },
        "DroneAgent.Policy.Beta.mean": {
            "value": 0.01,
            "min": 0.01,
            "max": 0.01,
            "count": 250
        },
        "DroneAgent.Policy.Beta.sum": {
            "value": 0.01,
            "min": 0.01,
            "max": 0.01,
            "count": 250
        },
        "DroneAgent.Policy.GAILPolicyEstimate.mean": {
            "value": 0.0012340532186499332,
            "min": 0.0008505157813488041,
            "max": 0.1305999201722443,
            "count": 250
        },
        "DroneAgent.Policy.GAILPolicyEstimate.sum": {
            "value": 0.0012340532186499332,
            "min": 0.0008505157813488041,
            "max": 0.1305999201722443,
            "count": 250
        },
        "DroneAgent.Policy.GAILExpertEstimate.mean": {
            "value": 0.9997097432613373,
            "min": 0.981250473856926,
            "max": 0.9998500868678093,
            "count": 250
        },
        "DroneAgent.Policy.GAILExpertEstimate.sum": {
            "value": 0.9997097432613373,
            "min": 0.981250473856926,
            "max": 0.9998500868678093,
            "count": 250
        },
        "DroneAgent.Losses.GAILLoss.mean": {
            "value": 0.0015525263697782066,
            "min": 0.0011118802991404663,
            "max": 0.18683556858450173,
            "count": 250
        },
        "DroneAgent.Losses.GAILLoss.sum": {
            "value": 0.0015525263697782066,
            "min": 0.0011118802991404663,
            "max": 0.18683556858450173,
            "count": 250
        },
        "DroneAgent.Policy.GAILGradMagLoss.mean": {
            "value": 0.0036174319800920786,
            "min": 0.002280067518586293,
            "max": 0.20242881400627083,
            "count": 250
        },
        "DroneAgent.Policy.GAILGradMagLoss.sum": {
            "value": 0.0036174319800920786,
            "min": 0.002280067518586293,
            "max": 0.20242881400627083,
            "count": 250
        },
        "DroneAgent.Losses.PretrainingLoss.mean": {
            "value": 0.0,
            "min": 0.0,
            "max": 4.14292409684923,
            "count": 250
        },
        "DroneAgent.Losses.PretrainingLoss.sum": {
            "value": 0.0,
            "min": 0.0,
            "max": 4.14292409684923,
            "count": 250
        }
    },
    "metadata": {
        "timer_format_version": "0.1.0",
        "start_time_seconds": "1699717795",
        "python_version": "3.9.13 (tags/v3.9.13:6de2ca5, May 17 2022, 16:36:42) [MSC v.1929 64 bit (AMD64)]",
        "command_line_arguments": "C:\\Users\\thoma\\AppData\\Local\\Programs\\Python\\Python39\\Scripts\\mlagents-learn config\\DroneAgent.yaml --initialize-from=DroneAgentFineTune4 --run-id=DroneAgentFineTune5",
        "mlagents_version": "0.30.0",
        "mlagents_envs_version": "0.30.0",
        "communication_protocol_version": "1.5.0",