{
    "name": "root",
    "metadata": {
        "timer_format_version": "0.1.0",
        "start_time_seconds": "1696351660",
        "python_version": "3.9.13 (tags/v3.9.13:6de2ca5, May 17 2022, 16:36:42) [MSC v.1929 64 bit (AMD64)]",
        "command_line_arguments": "F:\\Unity projects\\Oblig2\\Drone_MLagents\\venv\\Scripts\\mlagents-learn config/DroneAgent.yaml --initialize-from=DroneAgentMoveForwardnewTraining3 --run-id=DroneAgentMoveForwardnewTraining8",
        "mlagents_version": "0.30.0",
        "mlagents_envs_version": "0.30.0",
        "communication_protocol_version": "1.5.0",
        "pytorch_version": "2.0.1+cu117",
        "numpy_version": "1.21.2",
        "end_time_seconds": "1696351835"
    },
    "total": 175.2741504,
    "count": 1,
    "self": 0.006516000000004851,
    "children": {
        "run_training.setup": {
            "total": 0.08502169999999998,
            "count": 1,
            "self": 0.08502169999999998
        },
        "TrainerController.start_learning": {
            "total": 175.1826127,
            "count": 1,
            "self": 0.039005000000173595,
            "children": {
                "TrainerController._reset_env": {
                    "total": 16.0233634,
                    "count": 1,
                    "self": 10.8294275,
                    "children": {
                        "demo_to_buffer": {
                            "total": 5.193935900000001,
                            "count": 2,
                            "self": 0.0001754000000033784,
                            "children": {
                                "load_demonstration": {
                                    "total": 0.1016502999999993,
                                    "count": 2,
                                    "self": 0.09989839999999894,
                                    "children": {
                                        "read_file": {
                                            "total": 0.0017519000000003615,
                                            "count": 2,
                                            "self": 0.0017519000000003615
                                        }
                                    }
                                },
                                "make_demo_buffer": {
                                    "total": 5.092110199999999,
                                    "count": 2,
                                    "self": 0.6138446999998113,
                                    "children": {
                                        "steps_from_proto": {
                                            "total": 4.478265500000187,
                                            "count": 25884,
                                            "self": 1.6573363999996786,
                                            "children": {
                                                "_process_rank_one_or_two_observation": {
                                                    "total": 2.820929100000509,
                                                    "count": 207072,
                                                    "self": 2.820929100000509
                                                }
                                            }
                                        }
                                    }
                                }
                            }
                        }
                    }
                },
                "TrainerController.advance": {
                    "total": 158.82047939999984,
                    "count": 2084,
                    "self": 0.0301073000003953,
                    "children": {
                        "env_step": {
                            "total": 110.24904669999988,
                            "count": 2084,
                            "self": 87.59303579999965,
                            "children": {
                                "SubprocessEnvManager._take_step": {
                                    "total": 22.63259810000035,
                                    "count": 2084,
                                    "self": 0.17292780000036956,
                                    "children": {
                                        "TorchPolicy.evaluate": {
                                            "total": 22.45967029999998,
                                            "count": 2084,
                                            "self": 22.45967029999998
                                        }
                                    }
                                },
                                "workers": {
                                    "total": 0.02341279999987833,
                                    "count": 2083,
                                    "self": 0.0,
                                    "children": {
                                        "worker_root": {
                                            "total": 103.71930150000037,
                                            "count": 2083,
                                            "is_parallel": true,
                                            "self": 80.27900760000067,
                                            "children": {
                                                "steps_from_proto": {
                                                    "total": 0.0004851000000005712,
                                                    "count": 1,
                                                    "is_parallel": true,
                                                    "self": 0.0001017000000036461,
                                                    "children": {
                                                        "_process_rank_one_or_two_observation": {
                                                            "total": 0.0003833999999969251,
                                                            "count": 8,
                                                            "is_parallel": true,
                                                            "self": 0.0003833999999969251
                                                        }
                                                    }
                                                },
                                                "UnityEnvironment.step": {
                                                    "total": 23.439808799999703,
                                                    "count": 2083,
                                                    "is_parallel": true,
                                                    "self": 0.2940828999997862,
                                                    "children": {
                                                        "UnityEnvironment._generate_step_input": {
                                                            "total": 0.2528578000001147,
                                                            "count": 2083,
                                                            "is_parallel": true,
                                                            "self": 0.2528578000001147
                                                        },
                                                        "communicator.exchange": {
                                                            "total": 22.07649229999993,
                                                            "count": 2083,
                                                            "is_parallel": true,
                                                            "self": 22.07649229999993
                                                        },
                                                        "steps_from_proto": {
                                                            "total": 0.8163757999998715,
                                                            "count": 2083,
                                                            "is_parallel": true,