{
    "name": "root",
    "gauges": {
        "DroneAgent.Policy.Entropy.mean": {
            "value": -1.8675085306167603,
            "min": -1.8675085306167603,
            "max": 1.3534795045852661,
            "count": 30
        },
        "DroneAgent.Policy.Entropy.sum": {
            "value": -37396.859375,
            "min": -37396.859375,
            "max": 27481.048828125,
            "count": 30
        },
        "DroneAgent.Step.mean": {
            "value": 599945.0,
            "min": 19984.0,
            "max": 599945.0,
            "count": 30
        },
        "DroneAgent.Step.sum": {
            "value": 599945.0,
            "min": 19984.0,
            "max": 599945.0,
            "count": 30
        },
        "DroneAgent.Policy.ExtrinsicValueEstimate.mean": {
            "value": 0.03706883266568184,
            "min": -0.2568538784980774,
            "max": 0.7319176197052002,
            "count": 30
        },
        "DroneAgent.Policy.ExtrinsicValueEstimate.sum": {
            "value": 11.86202621459961,
            "min": -82.1932373046875,
            "max": 233.48171997070312,
            "count": 30
        },
        "DroneAgent.Policy.GailValueEstimate.mean": {
            "value": 6.88149881362915,
            "min": 3.7742760181427,
            "max": 16.32275390625,
            "count": 30
        },
        "DroneAgent.Policy.GailValueEstimate.sum": {
            "value": 2202.07958984375,
            "min": 1203.9940185546875,
            "max": 5206.95849609375,
            "count": 30
        },
        "DroneAgent.Losses.PolicyLoss.mean": {
            "value": 0.08499618800555322,
            "min": 0.04031109091981003,
            "max": 0.1300551711682084,
            "count": 30
        },
        "DroneAgent.Losses.PolicyLoss.sum": {
            "value": 1.529931384099958,
            "min": 0.6943522917572408,
            "max": 2.2109379098595427,
            "count": 30
        },
        "DroneAgent.Losses.ValueLoss.mean": {
            "value": 2.312981697592746,
            "min": 0.3640985112114434,
            "max": 9.39613985568285,
            "count": 30
        },
        "DroneAgent.Losses.ValueLoss.sum": {
            "value": 41.63367055666943,
            "min": 6.7836585175246,
            "max": 150.3382376909256,
            "count": 30
        },
        "DroneAgent.Policy.LearningRate.mean": {
            "value": 0.0002645835518054866,
            "min": 0.0002645835518054866,
            "max": 0.00029939898020034,
            "count": 30
        },
        "DroneAgent.Policy.LearningRate.sum": {
            "value": 0.004762503932498758,
            "min": 0.004348488150503999,
            "max": 0.00546049183983608,
            "count": 30
        },
        "DroneAgent.Policy.Epsilon.mean": {
            "value": 0.18819451333333334,
            "min": 0.18819451333333334,
            "max": 0.19979966,
            "count": 30
        },
        "DroneAgent.Policy.Epsilon.sum": {
            "value": 3.38750124,
            "min": 3.049496,
            "max": 3.72016392,
            "count": 30
        },
        "DroneAgent.Policy.Beta.mean": {
            "value": 0.00044215311533333336,
            "min": 0.00044215311533333336,
            "max": 0.0004990183339999999,
            "count": 30
        },
        "DroneAgent.Policy.Beta.sum": {
            "value": 0.007958756076,
            "min": 0.0072625304,
            "max": 0.009108803208000001,
            "count": 30
        },
        "DroneAgent.Policy.GAILPolicyEstimate.mean": {
            "value": 0.10822319542920147,
            "min": 0.10822319542920147,
            "max": 0.212873557920939,
            "count": 30
        },
        "DroneAgent.Policy.GAILPolicyEstimate.sum": {
            "value": 1.9480175177256265,
            "min": 1.9480175177256265,
            "max": 3.618850484655963,
            "count": 30
        },
        "DroneAgent.Policy.GAILExpertEstimate.mean": {
            "value": 0.9011312480326052,
            "min": 0.7945557088244195,
            "max": 0.9138413168213985,
            "count": 30
        },
        "DroneAgent.Policy.GAILExpertEstimate.sum": {
            "value": 16.220362464586895,
            "min": 13.021923736234507,
            "max": 17.08307997882366,
            "count": 30
        },
        "DroneAgent.Losses.GAILLoss.mean": {
            "value": 0.24118754591930797,
            "min": 0.22794377451969516,
            "max": 0.5100273792321484,
            "count": 30
        },
        "DroneAgent.Losses.GAILLoss.sum": {
            "value": 4.3413758265475435,
            "min": 4.091300642324819,
            "max": 8.616750239498087,
            "count": 30
        },
        "DroneAgent.Policy.GAILGradMagLoss.mean": {
            "value": 0.21781548098833473,
            "min": 0.16979351763923964,
            "max": 9.141501533985139,
            "count": 30
        },
        "DroneAgent.Policy.GAILGradMagLoss.sum": {
            "value": 3.9206786577900252,
            "min": 3.0547419146945076,
            "max": 146.26402454376222,
            "count": 30
        },
        "DroneAgent.Losses.PretrainingLoss.mean": {
            "value": 0.013662211910129816,
            "min": 0.01356846645209379,
            "max": 1.0832394735985682,
            "count": 30
        },
        "DroneAgent.Losses.PretrainingLoss.sum": {
            "value": 0.24591981438233668,
            "min": 0.24423239613768824,
            "max": 17.33183157757709,
            "count": 30
        },
        "DroneAgent.Environment.EpisodeLength.mean": {
            "value": 999.0,
            "min": 927.0,
            "max": 999.0,
            "count": 30
        },
        "DroneAgent.Environment.EpisodeLength.sum": {
            "value": 20979.0,
            "min": 9270.0,
            "max": 25974.0,
            "count": 30
        },
        "DroneAgent.Environment.CumulativeReward.mean": {
            "value": 0.1867190546084506,
            "min": 0.1867190546084506,
            "max": 0.6245200163393747,
            "count": 30
        },
        "DroneAgent.Environment.CumulativeReward.sum": {
            "value": 3.921100146777462,
            "min": 3.5634001695434563,
            "max": 13.672900549601763,
            "count": 30
        },
        "DroneAgent.Policy.ExtrinsicReward.mean": {
            "value": 0.1867190546084506,
            "min": 0.1867190546084506,
            "max": 0.6245200163393747,
            "count": 30
        },
        "DroneAgent.Policy.ExtrinsicReward.sum": {
            "value": 3.921100146777462,
            "min": 3.5634001695434563,
            "max": 13.672900549601763,
            "count": 30
        },
        "DroneAgent.Policy.GailReward.mean": {
            "value": 75.72626418052684,
            "min": 65.27985327877104,
            "max": 154.045488011837,
            "count": 30
        },
        "DroneAgent.Policy.GailReward.sum": {
            "value": 1590.2515477910638,
            "min": 1214.8850917220116,
            "max": 3289.770351588726,
            "count": 30
        },
        "DroneAgent.IsTraining.mean": {
            "value": 1.0,
            "min": 1.0,
            "max": 1.0,
            "count": 30
        },
        "DroneAgent.IsTraining.sum": {
            "value": 1.0,
            "min": 1.0,
            "max": 1.0,
            "count": 30
        }
    },
    "metadata": {
        "timer_format_version": "0.1.0",
        "start_time_seconds": "1696382083",
        "python_version": "3.9.13 (tags/v3.9.13:6de2ca5, May 17 2022, 16:36:42) [MSC v.1929 64 bit (AMD64)]",
        "command_line_arguments": "F:\\Unity projects\\Oblig2\\Drone_MLagents\\venv\\Scripts\\mlagents-learn config/DroneAgent.yaml --run-id=DroneAgentVer2_Test2",
        "mlagents_version": "0.30.0",
        "mlagents_envs_version": "0.30.0",
        "communication_protocol_version": "1.5.0",