{
    "name": "root",
    "metadata": {
        "timer_format_version": "0.1.0",
        "start_time_seconds": "1696795475",
        "python_version": "3.9.13 (tags/v3.9.13:6de2ca5, May 17 2022, 16:36:42) [MSC v.1929 64 bit (AMD64)]",
        "command_line_arguments": "F:\\Unity projects\\Oblig2\\Drone_MLagents\\venv\\Scripts\\mlagents-learn config/DroneAgent.yaml --run-id=DroneAgent_New_More2",
        "mlagents_version": "0.30.0",
        "mlagents_envs_version": "0.30.0",
        "communication_protocol_version": "1.5.0",
        "pytorch_version": "1.7.1+cu110",
        "numpy_version": "1.21.2",
        "end_time_seconds": "1696795481"
    },
    "total": 6.2272266,
    "count": 1,
    "self": 0.0068683000000007155,
    "children": {
        "run_training.setup": {
            "total": 0.06622890000000003,
            "count": 1,
            "self": 0.06622890000000003
        },
        "TrainerController.start_learning": {
            "total": 6.1541293999999995,
            "count": 1,
            "self": 8.260000000070988e-05,
            "children": {
                "TrainerController._reset_env": {
                    "total": 6.1532333999999995,
                    "count": 1,
                    "self": 4.410200799999999,
                    "children": {
                        "demo_to_buffer": {
                            "total": 1.7430326000000003,
                            "count": 1,
                            "self": 4.9100000000024124e-05,
                            "children": {
                                "load_demonstration": {
                                    "total": 0.03634700000000013,
                                    "count": 1,
                                    "self": 0.03566239999999965,
                                    "children": {
                                        "read_file": {
                                            "total": 0.0006846000000004793,
                                            "count": 1,
                                            "self": 0.0006846000000004793
                                        }
                                    }
                                },
                                "make_demo_buffer": {
                                    "total": 1.7066365000000001,
                                    "count": 1,
                                    "self": 0.20188430000008228,
                                    "children": {
                                        "steps_from_proto": {
                                            "total": 1.5047521999999178,
                                            "count": 9640,
                                            "self": 0.5540927999999878,
                                            "children": {
                                                "_process_rank_one_or_two_observation": {
                                                    "total": 0.95065939999993,
                                                    "count": 77120,
                                                    "self": 0.95065939999993
                                                }
                                            }
                                        }
                                    }
                                }
                            }
                        }
                    }
                },
                "TrainerController._save_models": {
                    "total": 0.000813399999999298,
                    "count": 1,
                    "self": 0.0001284999999997538,
                    "children": {
                        "RLTrainer._checkpoint": {
                            "total": 0.0006848999999995442,
                            "count": 1,
                            "self": 0.0006848999999995442
                        }
                    }
                }
            }
        }
    }
}