{
    "name": "root",
    "gauges": {
        "DroneAgent.Policy.Entropy.mean": {
            "value": 1.0454596281051636,
            "min": 1.0454596281051636,
            "max": 1.0647321939468384,
            "count": 3
        },
        "DroneAgent.Policy.Entropy.sum": {
            "value": 10475.505859375,
            "min": 10352.2412109375,
            "max": 11652.4296875,
            "count": 3
        },
        "DroneAgent.Step.mean": {
            "value": 29944.0,
            "min": 9954.0,
            "max": 29944.0,
            "count": 3
        },
        "DroneAgent.Step.sum": {
            "value": 29944.0,
            "min": 9954.0,
            "max": 29944.0,
            "count": 3
        },
        "DroneAgent.Policy.ExtrinsicValueEstimate.mean": {
            "value": -0.028976038098335266,
            "min": -0.028976038098335266,
            "max": 0.08876892179250717,
            "count": 3
        },
        "DroneAgent.Policy.ExtrinsicValueEstimate.sum": {
            "value": -5.01285457611084,
            "min": -5.01285457611084,
            "max": 15.001947402954102,
            "count": 3
        },
        "DroneAgent.Policy.GailValueEstimate.mean": {
            "value": 1.607956886291504,
            "min": 0.8682305216789246,
            "max": 1.607956886291504,
            "count": 3
        },
        "DroneAgent.Policy.GailValueEstimate.sum": {
            "value": 278.1765441894531,
            "min": 146.73095703125,
            "max": 278.1765441894531,
            "count": 3
        },
        "DroneAgent.Environment.EpisodeLength.mean": {
            "value": 380.92,
            "min": 284.30434782608694,
            "max": 380.92,
            "count": 3
        },
        "DroneAgent.Environment.EpisodeLength.sum": {
            "value": 9523.0,
            "min": 6539.0,
            "max": 9523.0,
            "count": 3
        },
        "DroneAgent.Environment.CumulativeReward.mean": {
            "value": -0.3565400036517531,
            "min": -0.7426209773327554,
            "max": 0.3713804270854503,
            "count": 3
        },
        "DroneAgent.Environment.CumulativeReward.sum": {
            "value": -8.913500091293827,
            "min": -23.02125029731542,
            "max": 8.541749822965357,
            "count": 3
        },
        "DroneAgent.Policy.ExtrinsicReward.mean": {
            "value": -0.3565400036517531,
            "min": -0.7426209773327554,
            "max": 0.3713804270854503,
            "count": 3
        },
        "DroneAgent.Policy.ExtrinsicReward.sum": {
            "value": -8.913500091293827,
            "min": -23.02125029731542,
            "max": 8.541749822965357,
            "count": 3
        },
        "DroneAgent.Policy.GailReward.mean": {
            "value": 7.8819964671999925,
            "min": 5.81430045342827,
            "max": 7.8819964671999925,
            "count": 3
        },
        "DroneAgent.Policy.GailReward.sum": {
            "value": 197.0499116799998,
            "min": 133.7289104288502,
            "max": 222.8566527341609,
            "count": 3
        },
        "DroneAgent.Losses.PolicyLoss.mean": {
            "value": 0.12752804964159925,
            "min": 0.12752804964159925,
            "max": 0.1719001182199766,
            "count": 3
        },
        "DroneAgent.Losses.PolicyLoss.sum": {
            "value": 0.12752804964159925,
            "min": 0.12752804964159925,
            "max": 0.1719001182199766,
            "count": 3
        },
        "DroneAgent.Losses.ValueLoss.mean": {
            "value": 0.020388920248175662,
            "min": 0.020388920248175662,
            "max": 0.0375902034342289,
            "count": 3
        },
        "DroneAgent.Losses.ValueLoss.sum": {
            "value": 0.020388920248175662,
            "min": 0.020388920248175662,
            "max": 0.0375902034342289,
            "count": 3
        },
        "DroneAgent.Policy.LearningRate.mean": {
            "value": 0.00029829744056751996,
            "min": 0.00029829744056751996,
            "max": 0.0002994138001953999,
            "count": 3
        },
        "DroneAgent.Policy.LearningRate.sum": {
            "value": 0.00029829744056751996,
            "min": 0.00029829744056751996,
            "max": 0.0002994138001953999,
            "count": 3
        },
        "DroneAgent.Policy.Epsilon.mean": {
            "value": 0.1994324800000001,
            "min": 0.1994324800000001,
            "max": 0.19980460000000005,
            "count": 3
        },
        "DroneAgent.Policy.Epsilon.sum": {
            "value": 0.1994324800000001,
            "min": 0.1994324800000001,
            "max": 0.19980460000000005,
            "count": 3
        },
        "DroneAgent.Policy.Beta.mean": {
            "value": 0.005000000000000001,
            "min": 0.005000000000000001,
            "max": 0.005000000000000001,
            "count": 3
        },
        "DroneAgent.Policy.Beta.sum": {
            "value": 0.005000000000000001,
            "min": 0.005000000000000001,
            "max": 0.005000000000000001,
            "count": 3
        },
        "DroneAgent.Policy.GAILPolicyEstimate.mean": {
            "value": 0.14297669380903244,
            "min": 0.14297669380903244,
            "max": 0.17055968344211578,
            "count": 3
        },
        "DroneAgent.Policy.GAILPolicyEstimate.sum": {
            "value": 0.14297669380903244,
            "min": 0.14297669380903244,
            "max": 0.17055968344211578,
            "count": 3
        },
        "DroneAgent.Policy.GAILExpertEstimate.mean": {
            "value": 0.9829293310642242,
            "min": 0.9779561777909597,
            "max": 0.9829293310642242,
            "count": 3
        },
        "DroneAgent.Policy.GAILExpertEstimate.sum": {
            "value": 0.9829293310642242,
            "min": 0.9779561777909597,
            "max": 0.9829293310642242,
            "count": 3
        },
        "DroneAgent.Losses.GAILLoss.mean": {
            "value": 0.18364001512527467,
            "min": 0.18364001512527467,
            "max": 0.22617596238851548,
            "count": 3
        },
        "DroneAgent.Losses.GAILLoss.sum": {
            "value": 0.18364001512527467,
            "min": 0.18364001512527467,
            "max": 0.22617596238851548,
            "count": 3
        },
        "DroneAgent.Policy.GAILGradMagLoss.mean": {
            "value": 0.09296006013949712,
            "min": 0.09296006013949712,
            "max": 0.1386847438911597,
            "count": 3
        },
        "DroneAgent.Policy.GAILGradMagLoss.sum": {
            "value": 0.09296006013949712,
            "min": 0.09296006013949712,
            "max": 0.1386847438911597,
            "count": 3
        },
        "DroneAgent.Losses.PretrainingLoss.mean": {
            "value": 0.6378727233599103,
            "min": 0.6378727233599103,
            "max": 0.9724436392859807,
            "count": 3
        },
        "DroneAgent.Losses.PretrainingLoss.sum": {
            "value": 0.6378727233599103,
            "min": 0.6378727233599103,
            "max": 0.9724436392859807,
            "count": 3
        },
        "DroneAgent.IsTraining.mean": {
            "value": 1.0,
            "min": 1.0,
            "max": 1.0,
            "count": 3
        },
        "DroneAgent.IsTraining.sum": {
            "value": 1.0,
            "min": 1.0,
            "max": 1.0,
            "count": 3
        }
    },
    "metadata": {
        "timer_format_version": "0.1.0",
        "start_time_seconds": "1696613478",
        "python_version": "3.9.13 (tags/v3.9.13:6de2ca5, May 17 2022, 16:36:42) [MSC v.1929 64 bit (AMD64)]",
        "command_line_arguments": "F:\\Unity projects\\Oblig2\\Drone_MLagents\\venv\\Scripts\\mlagents-learn config/DroneAgentNew.yaml --initialize-from=DroneAgent_Local2 --run-id=DroneAgent_Local_Kill",
        "mlagents_version": "0.30.0",