{
    "name": "root",
    "gauges": {
        "DroneAgent.Policy.Entropy.mean": {
            "value": -5.369608402252197,
            "min": -5.369608402252197,
            "max": -5.111934185028076,
            "count": 30
        },
        "DroneAgent.Policy.Entropy.sum": {
            "value": -107687.5,
            "min": -107687.5,
            "max": -96186.15625,
            "count": 30
        },
        "DroneAgent.Step.mean": {
            "value": 599990.0,
            "min": 19968.0,
            "max": 599990.0,
            "count": 30
        },
        "DroneAgent.Step.sum": {
            "value": 599990.0,
            "min": 19968.0,
            "max": 599990.0,
            "count": 30
        },
        "DroneAgent.Policy.ExtrinsicValueEstimate.mean": {
            "value": 0.0002921751874964684,
            "min": -0.23383216559886932,
            "max": 0.2061457484960556,
            "count": 30
        },
        "DroneAgent.Policy.ExtrinsicValueEstimate.sum": {
            "value": 0.09495693445205688,
            "min": -75.7616195678711,
            "max": 64.31747436523438,
            "count": 30
        },
        "DroneAgent.Policy.GailValueEstimate.mean": {
            "value": 0.03794804960489273,
            "min": 0.03075324557721615,
            "max": 14.078415870666504,
            "count": 30
        },
        "DroneAgent.Policy.GailValueEstimate.sum": {
            "value": 12.33311653137207,
            "min": 9.656518936157227,
            "max": 4392.4658203125,
            "count": 30
        },
        "DroneAgent.Losses.PolicyLoss.mean": {
            "value": 0.22274508056835388,
            "min": 0.09558820252358499,
            "max": 0.33887097018736384,
            "count": 30
        },
        "DroneAgent.Losses.PolicyLoss.sum": {
            "value": 4.232156530798724,
            "min": 1.72058764542453,
            "max": 6.099677463372549,
            "count": 30
        },
        "DroneAgent.Losses.ValueLoss.mean": {
            "value": 0.0007182997401646151,
            "min": 0.0001246978882419538,
            "max": 8.796994245934876,
            "count": 30
        },
        "DroneAgent.Losses.ValueLoss.sum": {
            "value": 0.013647695063127687,
            "min": 0.002369259876597122,
            "max": 123.15791944308826,
            "count": 30
        },
        "DroneAgent.Policy.LearningRate.mean": {
            "value": 0.00026461280126942105,
            "min": 0.00026461280126942105,
            "max": 0.0002993952002016,
            "count": 30
        },
        "DroneAgent.Policy.LearningRate.sum": {
            "value": 0.0050276432241189994,
            "min": 0.00410763699078768,
            "max": 0.005369237990254039,
            "count": 30
        },
        "DroneAgent.Policy.Epsilon.mean": {
            "value": 0.18820426315789476,
            "min": 0.18820426315789476,
            "max": 0.1997984,
            "count": 30
        },
        "DroneAgent.Policy.Epsilon.sum": {
            "value": 3.5758810000000003,
            "min": 2.7692123200000003,
            "max": 3.6897459599999998,
            "count": 30
        },
        "DroneAgent.Policy.Beta.mean": {
            "value": 0.0004422008894736842,
            "min": 0.0004422008894736842,
            "max": 0.00049901216,
            "count": 30
        },
        "DroneAgent.Policy.Beta.sum": {
            "value": 0.0084018169,
            "min": 0.0068491403679999995,
            "max": 0.008959755203999999,
            "count": 30
        },
        "DroneAgent.Policy.GAILPolicyEstimate.mean": {
            "value": 0.001659970558983715,
            "min": 0.0007920424936013727,
            "max": 0.22767605504819327,
            "count": 30
        },
        "DroneAgent.Policy.GAILPolicyEstimate.sum": {
            "value": 0.031539440620690584,
            "min": 0.01425676488482471,
            "max": 3.1874647706747057,
            "count": 30
        },
        "DroneAgent.Policy.GAILExpertEstimate.mean": {
            "value": 0.9984088639418283,
            "min": 0.8193195408298857,
            "max": 0.9989656869460036,
            "count": 30
        },
        "DroneAgent.Policy.GAILExpertEstimate.sum": {
            "value": 18.969768414894737,
            "min": 11.470473571618399,
            "max": 18.969768414894737,
            "count": 30
        },
        "DroneAgent.Losses.GAILLoss.mean": {
            "value": 0.003338947044093194,
            "min": 0.001842617966489073,
            "max": 0.5296801283955574,
            "count": 30
        },
        "DroneAgent.Losses.GAILLoss.sum": {
            "value": 0.06343999383777069,
            "min": 0.03316712339680331,
            "max": 7.415521797537804,
            "count": 30
        },
        "DroneAgent.Policy.GAILGradMagLoss.mean": {
            "value": 0.00478624405999047,
            "min": 0.004143027277745273,
            "max": 0.30756799862498324,
            "count": 30
        },
        "DroneAgent.Policy.GAILGradMagLoss.sum": {
            "value": 0.09093863713981894,
            "min": 0.0745744909994149,
            "max": 4.305951980749765,
            "count": 30
        },
        "DroneAgent.Losses.PretrainingLoss.mean": {
            "value": 0.001261047448471736,
            "min": 0.0012468547714956071,
            "max": 0.012243645900439115,
            "count": 30
        },
        "DroneAgent.Losses.PretrainingLoss.sum": {
            "value": 0.023959901520962983,
            "min": 0.02244338588692093,
            "max": 0.17141104260614762,
            "count": 30
        },
        "DroneAgent.IsTraining.mean": {
            "value": 1.0,
            "min": 1.0,
            "max": 1.0,
            "count": 30
        },
        "DroneAgent.IsTraining.sum": {
            "value": 1.0,
            "min": 1.0,
            "max": 1.0,
            "count": 30
        },
        "DroneAgent.Environment.EpisodeLength.mean": {
            "value": 1499.0,
            "min": 1376.952380952381,
            "max": 1499.0,
            "count": 24
        },
        "DroneAgent.Environment.EpisodeLength.sum": {
            "value": 31479.0,
            "min": 2998.0,
            "max": 31479.0,
            "count": 24
        },
        "DroneAgent.Environment.CumulativeReward.mean": {
            "value": 0.0,
            "min": -2.0,
            "max": 0.0,
            "count": 24
        },
        "DroneAgent.Environment.CumulativeReward.sum": {
            "value": 0.0,
            "min": -42.0,
            "max": 0.0,
            "count": 24
        },
        "DroneAgent.Policy.ExtrinsicReward.mean": {
            "value": 0.0,
            "min": -2.0,
            "max": 0.0,
            "count": 24
        },
        "DroneAgent.Policy.ExtrinsicReward.sum": {
            "value": 0.0,
            "min": -42.0,
            "max": 0.0,
            "count": 24
        },
        "DroneAgent.Policy.GailReward.mean": {
            "value": 1.029062885674648,
            "min": 0.8821657135738947,
            "max": 229.35238749072664,
            "count": 24
        },
        "DroneAgent.Policy.GailReward.sum": {
            "value": 21.610320599167608,
            "min": 3.5506543798110215,
            "max": 4816.40013730526,
            "count": 24
        }
    },
    "metadata": {
        "timer_format_version": "0.1.0",
        "start_time_seconds": "1696279527",
        "python_version": "3.9.13 (tags/v3.9.13:6de2ca5, May 17 2022, 16:36:42) [MSC v.1929 64 bit (AMD64)]",
        "command_line_arguments": "F:\\Unity projects\\Oblig2\\Drone_MLagents\\venv\\Scripts\\mlagents-learn config/DroneAgent.yaml --initialize-from=DroneAgentGoalRayTest2 --run-id=DroneAgentGoalRayTest6",
        "mlagents_version": "0.30.0",
        "mlagents_envs_version": "0.30.0",
        "communication_protocol_version": "1.5.0",
        "pytorch_version": "2.0.1+cu117",
        "numpy_version": "1.21.2",