{
    "name": "root",
    "gauges": {
        "DroneAgent.Policy.Entropy.mean": {
            "value": 8.452353477478027,
            "min": 7.8706817626953125,
            "max": 8.452353477478027,
            "count": 500
        },
        "DroneAgent.Policy.Entropy.sum": {
            "value": 84523.53125,
            "min": 76382.8203125,
            "max": 86354.828125,
            "count": 500
        },
        "DroneAgent.Step.mean": {
            "value": 4999957.0,
            "min": 9999.0,
            "max": 4999957.0,
            "count": 500
        },
        "DroneAgent.Step.sum": {
            "value": 4999957.0,
            "min": 9999.0,
            "max": 4999957.0,
            "count": 500
        },
        "DroneAgent.Policy.ExtrinsicValueEstimate.mean": {
            "value": 0.11898015439510345,
            "min": 0.045955948531627655,
            "max": 0.22780397534370422,
            "count": 500
        },
        "DroneAgent.Policy.ExtrinsicValueEstimate.sum": {
            "value": 18.560903549194336,
            "min": 7.352951526641846,
            "max": 35.76522445678711,
            "count": 500
        },
        "DroneAgent.Policy.GailValueEstimate.mean": {
            "value": 0.00019272402278147638,
            "min": -0.008854309096932411,
            "max": 0.0014259594026952982,
            "count": 500
        },
        "DroneAgent.Policy.GailValueEstimate.sum": {
            "value": 0.03006494790315628,
            "min": -1.416689395904541,
            "max": 0.22672754526138306,
            "count": 500
        },
        "DroneAgent.Environment.EpisodeLength.mean": {
            "value": 3988.0,
            "min": 270.0,
            "max": 5999.0,
            "count": 492
        },
        "DroneAgent.Environment.EpisodeLength.sum": {
            "value": 7976.0,
            "min": 270.0,
            "max": 32951.0,
            "count": 492
        },
        "DroneAgent.Environment.CumulativeReward.mean": {
            "value": 5.545060855452903,
            "min": -0.9244906920939684,
            "max": 11.839531941863243,
            "count": 493
        },
        "DroneAgent.Environment.CumulativeReward.sum": {
            "value": 11.090121710905805,
            "min": -2.1318461750634015,
            "max": 48.964761211012956,
            "count": 493
        },
        "DroneAgent.Policy.ExtrinsicReward.mean": {
            "value": 5.545060855452903,
            "min": -0.9244906920939684,
            "max": 11.839531941863243,
            "count": 493
        },
        "DroneAgent.Policy.ExtrinsicReward.sum": {
            "value": 11.090121710905805,
            "min": -2.1318461750634015,
            "max": 48.964761211012956,
            "count": 493
        },
        "DroneAgent.Policy.GailReward.mean": {
            "value": 0.0018714155138014332,
            "min": 7.0520804502649526e-06,
            "max": 0.024785116390004542,
            "count": 493
        },
        "DroneAgent.Policy.GailReward.sum": {
            "value": 0.0037428310276028665,
            "min": 7.0520804502649526e-06,
            "max": 0.10664345837342148,
            "count": 493
        },
        "DroneAgent.IsTraining.mean": {
            "value": 1.0,
            "min": 1.0,
            "max": 1.0,
            "count": 500
        },
        "DroneAgent.IsTraining.sum": {
            "value": 1.0,
            "min": 1.0,
            "max": 1.0,
            "count": 500
        },
        "DroneAgent.Losses.PolicyLoss.mean": {
            "value": 0.06511753515806049,
            "min": 0.0510129647096619,
            "max": 0.11103572930151132,
            "count": 246
        },
        "DroneAgent.Losses.PolicyLoss.sum": {
            "value": 0.06511753515806049,
            "min": 0.0510129647096619,
            "max": 0.11103572930151132,
            "count": 246
        },
        "DroneAgent.Losses.ValueLoss.mean": {
            "value": 0.0009966241072106642,
            "min": 0.0006960983391763875,
            "max": 0.00261596067721257,
            "count": 246
        },
        "DroneAgent.Losses.ValueLoss.sum": {
            "value": 0.0009966241072106642,
            "min": 0.0006960983391763875,
            "max": 0.00261596067721257,
            "count": 246
        },
        "DroneAgent.Policy.LearningRate.mean": {
            "value": 5.302999469800362e-07,
            "min": 5.302999469800362e-07,
            "max": 0.00099591480040852,
            "count": 246
        },
        "DroneAgent.Policy.LearningRate.sum": {
            "value": 5.302999469800362e-07,
            "min": 5.302999469800362e-07,
            "max": 0.00099591480040852,
            "count": 246
        },
        "DroneAgent.Policy.Epsilon.mean": {
            "value": 0.10005302,
            "min": 0.10005302,
            "max": 0.19959148000000002,
            "count": 246
        },
        "DroneAgent.Policy.Epsilon.sum": {
            "value": 0.10005302,
            "min": 0.10005302,
            "max": 0.19959148000000002,
            "count": 246
        },
        "DroneAgent.Policy.Beta.mean": {
            "value": 0.01,
            "min": 0.01,
            "max": 0.01,
            "count": 246
        },
        "DroneAgent.Policy.Beta.sum": {
            "value": 0.01,
            "min": 0.01,
            "max": 0.01,
            "count": 246
        },
        "DroneAgent.Policy.GAILPolicyEstimate.mean": {
            "value": 5.3300857683780126e-05,
            "min": 2.556097548449543e-05,
            "max": 0.00041741608706757916,
            "count": 246
        },
        "DroneAgent.Policy.GAILPolicyEstimate.sum": {
            "value": 5.3300857683780126e-05,
            "min": 2.556097548449543e-05,
            "max": 0.00041741608706757916,
            "count": 246
        },
        "DroneAgent.Policy.GAILExpertEstimate.mean": {
            "value": 0.9999374866485595,
            "min": 0.999887004494667,
            "max": 0.9999977514147759,
            "count": 246
        },
        "DroneAgent.Policy.GAILExpertEstimate.sum": {
            "value": 0.9999374866485595,
            "min": 0.999887004494667,
            "max": 0.9999977514147759,
            "count": 246
        },
        "DroneAgent.Losses.GAILLoss.mean": {
            "value": 0.00011854130477786384,
            "min": 3.683166296468699e-05,
            "max": 0.00046094050539977614,
            "count": 246
        },
        "DroneAgent.Losses.GAILLoss.sum": {
            "value": 0.00011854130477786384,
            "min": 3.683166296468699e-05,
            "max": 0.00046094050539977614,
            "count": 246
        },
        "DroneAgent.Policy.GAILGradMagLoss.mean": {
            "value": 0.00023196663059934508,
            "min": 0.0001317692152952077,
            "max": 0.0007510351922974223,
            "count": 246
        },
        "DroneAgent.Policy.GAILGradMagLoss.sum": {
            "value": 0.00023196663059934508,
            "min": 0.0001317692152952077,
            "max": 0.0007510351922974223,
            "count": 246
        },
        "DroneAgent.Losses.PretrainingLoss.mean": {
            "value": 0.0,
            "min": 0.0,
            "max": 493063.64351851854,
            "count": 246
        },
        "DroneAgent.Losses.PretrainingLoss.sum": {
            "value": 0.0,
            "min": 0.0,
            "max": 493063.64351851854,
            "count": 246
        }
    },
    "metadata": {
        "timer_format_version": "0.1.0",
        "start_time_seconds": "1699346978",
        "python_version": "3.9.13 (tags/v3.9.13:6de2ca5, May 17 2022, 16:36:42) [MSC v.1929 64 bit (AMD64)]",
        "command_line_arguments": "C:\\Users\\thoma\\AppData\\Local\\Programs\\Python\\Python39\\Scripts\\mlagents-learn config\\DroneAgent.yaml --initialize-from=DroneAgentMoveingTrack2 --run-id=DroneAgentMoveingTrack3",
        "mlagents_version": "0.30.0",
        "mlagents_envs_version": "0.30.0",