{
    "name": "root",
    "gauges": {
        "DroneAgent.Policy.Entropy.mean": {
            "value": 5.322638034820557,
            "min": 4.872363090515137,
            "max": 5.322638034820557,
            "count": 500
        },
        "DroneAgent.Policy.Entropy.sum": {
            "value": 54211.06640625,
            "min": 46394.36328125,
            "max": 55278.89453125,
            "count": 500
        },
        "DroneAgent.Step.mean": {
            "value": 4999997.0,
            "min": 9962.0,
            "max": 4999997.0,
            "count": 500
        },
        "DroneAgent.Step.sum": {
            "value": 4999997.0,
            "min": 9962.0,
            "max": 4999997.0,
            "count": 500
        },
        "DroneAgent.Policy.ExtrinsicValueEstimate.mean": {
            "value": 0.3761376738548279,
            "min": 0.0617024302482605,
            "max": 0.399383008480072,
            "count": 500
        },
        "DroneAgent.Policy.ExtrinsicValueEstimate.sum": {
            "value": 59.05361557006836,
            "min": 9.934091567993164,
            "max": 62.70313262939453,
            "count": 500
        },
        "DroneAgent.Policy.GailValueEstimate.mean": {
            "value": 0.0022684053983539343,
            "min": -0.0001531926536699757,
            "max": 0.016682662069797516,
            "count": 500
        },
        "DroneAgent.Policy.GailValueEstimate.sum": {
            "value": 0.3561396598815918,
            "min": -0.024051247164607048,
            "max": 2.652543306350708,
            "count": 500
        },
        "DroneAgent.Environment.EpisodeLength.mean": {
            "value": 5999.0,
            "min": 227.0,
            "max": 5999.0,
            "count": 433
        },
        "DroneAgent.Environment.EpisodeLength.sum": {
            "value": 5999.0,
            "min": 227.0,
            "max": 41574.0,
            "count": 433
        },
        "DroneAgent.Environment.CumulativeReward.mean": {
            "value": 22.75223611621186,
            "min": -0.8239878192543983,
            "max": 23.894148874562234,
            "count": 432
        },
        "DroneAgent.Environment.CumulativeReward.sum": {
            "value": 22.75223611621186,
            "min": -2.1906872973777354,
            "max": 130.68851011618972,
            "count": 432
        },
        "DroneAgent.Policy.ExtrinsicReward.mean": {
            "value": 22.75223611621186,
            "min": -0.8239878192543983,
            "max": 23.894148874562234,
            "count": 432
        },
        "DroneAgent.Policy.ExtrinsicReward.sum": {
            "value": 22.75223611621186,
            "min": -2.1906872973777354,
            "max": 130.68851011618972,
            "count": 432
        },
        "DroneAgent.Policy.GailReward.mean": {
            "value": 0.04126716655892437,
            "min": 2.3514292903037415e-05,
            "max": 1.2563609236140492,
            "count": 432
        },
        "DroneAgent.Policy.GailReward.sum": {
            "value": 0.04126716655892437,
            "min": 2.3514292903037415e-05,
            "max": 2.6716824518356375,
            "count": 432
        },
        "DroneAgent.IsTraining.mean": {
            "value": 1.0,
            "min": 1.0,
            "max": 1.0,
            "count": 500
        },
        "DroneAgent.IsTraining.sum": {
            "value": 1.0,
            "min": 1.0,
            "max": 1.0,
            "count": 500
        },
        "DroneAgent.Losses.PolicyLoss.mean": {
            "value": 0.06552752269781195,
            "min": 0.05176433929009363,
            "max": 0.11163332301657647,
            "count": 244
        },
        "DroneAgent.Losses.PolicyLoss.sum": {
            "value": 0.06552752269781195,
            "min": 0.05176433929009363,
            "max": 0.11163332301657647,
            "count": 244
        },
        "DroneAgent.Losses.ValueLoss.mean": {
            "value": 0.0001631466267099313,
            "min": 0.00013101352988087456,
            "max": 0.004061707775690593,
            "count": 244
        },
        "DroneAgent.Losses.ValueLoss.sum": {
            "value": 0.0001631466267099313,
            "min": 0.00013101352988087456,
            "max": 0.004061707775690593,
            "count": 244
        },
        "DroneAgent.Policy.LearningRate.mean": {
            "value": 1.728699827139969e-06,
            "min": 1.728699827139969e-06,
            "max": 0.0009957396004260399,
            "count": 244
        },
        "DroneAgent.Policy.LearningRate.sum": {
            "value": 1.728699827139969e-06,
            "min": 1.728699827139969e-06,
            "max": 0.0009957396004260399,
            "count": 244
        },
        "DroneAgent.Policy.Epsilon.mean": {
            "value": 0.10017286,
            "min": 0.10017286,
            "max": 0.19957396,
            "count": 244
        },
        "DroneAgent.Policy.Epsilon.sum": {
            "value": 0.10017286,
            "min": 0.10017286,
            "max": 0.19957396,
            "count": 244
        },
        "DroneAgent.Policy.Beta.mean": {
            "value": 0.01,
            "min": 0.01,
            "max": 0.01,
            "count": 244
        },
        "DroneAgent.Policy.Beta.sum": {
            "value": 0.01,
            "min": 0.01,
            "max": 0.01,
            "count": 244
        },
        "DroneAgent.Policy.GAILPolicyEstimate.mean": {
            "value": 8.1102809474487e-05,
            "min": 1.2696583206661672e-05,
            "max": 0.0005690846365723701,
            "count": 244
        },
        "DroneAgent.Policy.GAILPolicyEstimate.sum": {
            "value": 8.1102809474487e-05,
            "min": 1.2696583206661672e-05,
            "max": 0.0005690846365723701,
            "count": 244
        },
        "DroneAgent.Policy.GAILExpertEstimate.mean": {
            "value": 0.9999527037143707,
            "min": 0.9994883045554162,
            "max": 0.9999776110053062,
            "count": 244
        },
        "DroneAgent.Policy.GAILExpertEstimate.sum": {
            "value": 0.9999527037143707,
            "min": 0.9994883045554162,
            "max": 0.9999776110053062,
            "count": 244
        },
        "DroneAgent.Losses.GAILLoss.mean": {
            "value": 0.0001328903389548941,
            "min": 4.7809351917749156e-05,
            "max": 0.0010046000901638764,
            "count": 244
        },
        "DroneAgent.Losses.GAILLoss.sum": {
            "value": 0.0001328903389548941,
            "min": 4.7809351917749156e-05,
            "max": 0.0010046000901638764,
            "count": 244
        },
        "DroneAgent.Policy.GAILGradMagLoss.mean": {
            "value": 0.0005013408972445177,
            "min": 0.0002899264687584946,
            "max": 0.0035869125116732904,
            "count": 244
        },
        "DroneAgent.Policy.GAILGradMagLoss.sum": {
            "value": 0.0005013408972445177,
            "min": 0.0002899264687584946,
            "max": 0.0035869125116732904,
            "count": 244
        },
        "DroneAgent.Losses.PretrainingLoss.mean": {
            "value": 0.0,
            "min": 0.0,
            "max": 1774.110437463831,
            "count": 244
        },
        "DroneAgent.Losses.PretrainingLoss.sum": {
            "value": 0.0,
            "min": 0.0,
            "max": 1774.110437463831,
            "count": 244
        }
    },
    "metadata": {
        "timer_format_version": "0.1.0",
        "start_time_seconds": "1697696880",
        "python_version": "3.9.13 (tags/v3.9.13:6de2ca5, May 17 2022, 16:36:42) [MSC v.1929 64 bit (AMD64)]",
        "command_line_arguments": "F:\\Unity projects\\Oblig2\\Drone_MLagents\\venv\\Scripts\\mlagents-learn config/DroneAgent.yaml --initialize-from=DroneAgentTrackNew8 --run-id=DroneAgentTrackNew9",
        "mlagents_version": "0.30.0",
        "mlagents_envs_version": "0.30.0",
        "communication_protocol_version": "1.5.0",