{
    "name": "root",
    "gauges": {
        "DroneAgent.Policy.Entropy.mean": {
            "value": 2.5003035068511963,
            "min": 1.7571066617965698,
            "max": 2.5003035068511963,
            "count": 500
        },
        "DroneAgent.Policy.Entropy.sum": {
            "value": 24963.029296875,
            "min": 17178.666015625,
            "max": 25385.390625,
            "count": 500
        },
        "DroneAgent.Step.mean": {
            "value": 4999982.0,
            "min": 9984.0,
            "max": 4999982.0,
            "count": 500
        },
        "DroneAgent.Step.sum": {
            "value": 4999982.0,
            "min": 9984.0,
            "max": 4999982.0,
            "count": 500
        },
        "DroneAgent.Policy.ExtrinsicValueEstimate.mean": {
            "value": 2.912855625152588,
            "min": -0.026264101266860962,
            "max": 3.3621370792388916,
            "count": 500
        },
        "DroneAgent.Policy.ExtrinsicValueEstimate.sum": {
            "value": 460.2311706542969,
            "min": -4.202256202697754,
            "max": 528.6326904296875,
            "count": 500
        },
        "DroneAgent.Policy.GailValueEstimate.mean": {
            "value": 0.0037884418852627277,
            "min": -1.2879514542873949e-05,
            "max": 0.46452030539512634,
            "count": 500
        },
        "DroneAgent.Policy.GailValueEstimate.sum": {
            "value": 0.5985738039016724,
            "min": -0.0020220838487148285,
            "max": 74.20498657226562,
            "count": 500
        },
        "DroneAgent.IsTraining.mean": {
            "value": 1.0,
            "min": 1.0,
            "max": 1.0,
            "count": 500
        },
        "DroneAgent.IsTraining.sum": {
            "value": 1.0,
            "min": 1.0,
            "max": 1.0,
            "count": 500
        },
        "DroneAgent.Environment.EpisodeLength.mean": {
            "value": 3164.6666666666665,
            "min": 596.0,
            "max": 4999.0,
            "count": 492
        },
        "DroneAgent.Environment.EpisodeLength.sum": {
            "value": 9494.0,
            "min": 863.0,
            "max": 27650.0,
            "count": 492
        },
        "DroneAgent.Environment.CumulativeReward.mean": {
            "value": 89.69689511498048,
            "min": -0.9883090249149973,
            "max": 169.625977255404,
            "count": 492
        },
        "DroneAgent.Environment.CumulativeReward.sum": {
            "value": 269.09068534494145,
            "min": -3.953236099659989,
            "max": 845.0769402910373,
            "count": 492
        },
        "DroneAgent.Policy.ExtrinsicReward.mean": {
            "value": 89.69689511498048,
            "min": -0.9883090249149973,
            "max": 169.625977255404,
            "count": 492
        },
        "DroneAgent.Policy.ExtrinsicReward.sum": {
            "value": 269.09068534494145,
            "min": -3.953236099659989,
            "max": 845.0769402910373,
            "count": 492
        },
        "DroneAgent.Policy.GailReward.mean": {
            "value": 0.09676242940583209,
            "min": 0.02330063627596246,
            "max": 9.447952787857503,
            "count": 492
        },
        "DroneAgent.Policy.GailReward.sum": {
            "value": 0.2902872882174963,
            "min": 0.02330063627596246,
            "max": 50.49416953348191,
            "count": 492
        },
        "DroneAgent.Losses.PolicyLoss.mean": {
            "value": 0.07578313926169358,
            "min": 0.0477366583305411,
            "max": 0.11478022431683713,
            "count": 247
        },
        "DroneAgent.Losses.PolicyLoss.sum": {
            "value": 0.07578313926169358,
            "min": 0.0477366583305411,
            "max": 0.11478022431683713,
            "count": 247
        },
        "DroneAgent.Losses.ValueLoss.mean": {
            "value": 0.014565086524817162,
            "min": 0.002335470647085458,
            "max": 0.041406453447416426,
            "count": 247
        },
        "DroneAgent.Losses.ValueLoss.sum": {
            "value": 0.014565086524817162,
            "min": 0.002335470647085458,
            "max": 0.041406453447416426,
            "count": 247
        },
        "DroneAgent.Policy.LearningRate.mean": {
            "value": 1.7366998263399773e-06,
            "min": 1.7366998263399773e-06,
            "max": 0.0009958498004150201,
            "count": 247
        },
        "DroneAgent.Policy.LearningRate.sum": {
            "value": 1.7366998263399773e-06,
            "min": 1.7366998263399773e-06,
            "max": 0.0009958498004150201,
            "count": 247
        },
        "DroneAgent.Policy.Epsilon.mean": {
            "value": 0.10017366000000001,
            "min": 0.10017366000000001,
            "max": 0.19958498000000002,
            "count": 247
        },
        "DroneAgent.Policy.Epsilon.sum": {
            "value": 0.10017366000000001,
            "min": 0.10017366000000001,
            "max": 0.19958498000000002,
            "count": 247
        },
        "DroneAgent.Policy.Beta.mean": {
            "value": 0.01,
            "min": 0.01,
            "max": 0.01,
            "count": 247
        },
        "DroneAgent.Policy.Beta.sum": {
            "value": 0.01,
            "min": 0.01,
            "max": 0.01,
            "count": 247
        },
        "DroneAgent.Policy.GAILPolicyEstimate.mean": {
            "value": 0.00028889588847960115,
            "min": 0.00011806469456132618,
            "max": 0.0230538057629019,
            "count": 247
        },
        "DroneAgent.Policy.GAILPolicyEstimate.sum": {
            "value": 0.00028889588847960115,
            "min": 0.00011806469456132618,
            "max": 0.0230538057629019,
            "count": 247
        },
        "DroneAgent.Policy.GAILExpertEstimate.mean": {
            "value": 0.9999099165201187,
            "min": 0.9936470240354538,
            "max": 0.9999671638011932,
            "count": 247
        },
        "DroneAgent.Policy.GAILExpertEstimate.sum": {
            "value": 0.9999099165201187,
            "min": 0.9936470240354538,
            "max": 0.9999671638011932,
            "count": 247
        },
        "DroneAgent.Losses.GAILLoss.mean": {
            "value": 0.0003888447245117277,
            "min": 0.00020784352182090515,
            "max": 0.03048217953182757,
            "count": 247
        },
        "DroneAgent.Losses.GAILLoss.sum": {
            "value": 0.0003888447245117277,
            "min": 0.00020784352182090515,
            "max": 0.03048217953182757,
            "count": 247
        },
        "DroneAgent.Policy.GAILGradMagLoss.mean": {
            "value": 0.0005543507475522346,
            "min": 0.000450796870427439,
            "max": 0.08196030310355126,
            "count": 247
        },
        "DroneAgent.Policy.GAILGradMagLoss.sum": {
            "value": 0.0005543507475522346,
            "min": 0.000450796870427439,
            "max": 0.08196030310355126,
            "count": 247
        },
        "DroneAgent.Losses.PretrainingLoss.mean": {
            "value": 0.0,
            "min": 0.0,
            "max": 2.871581713358561,
            "count": 247
        },
        "DroneAgent.Losses.PretrainingLoss.sum": {
            "value": 0.0,
            "min": 0.0,
            "max": 2.871581713358561,
            "count": 247
        }
    },
    "metadata": {
        "timer_format_version": "0.1.0",
        "start_time_seconds": "1697251477",
        "python_version": "3.9.13 (tags/v3.9.13:6de2ca5, May 17 2022, 16:36:42) [MSC v.1929 64 bit (AMD64)]",
        "command_line_arguments": "F:\\Unity projects\\Oblig2\\Drone_MLagents\\venv\\Scripts\\mlagents-learn config/DroneAgent.yaml --initialize-from=DroneAgentTrack1 --run-id=DroneAgentTrack2",
        "mlagents_version": "0.30.0",
        "mlagents_envs_version": "0.30.0",