{
    "name": "root",
    "gauges": {
        "DroneAgent.Policy.Entropy.mean": {
            "value": -7.652529716491699,
            "min": -7.652529716491699,
            "max": -5.207520484924316,
            "count": 74
        },
        "DroneAgent.Policy.Entropy.sum": {
            "value": -152897.546875,
            "min": -153412.796875,
            "max": -103911.28125,
            "count": 74
        },
        "DroneAgent.Step.mean": {
            "value": 1479992.0,
            "min": 19992.0,
            "max": 1479992.0,
            "count": 74
        },
        "DroneAgent.Step.sum": {
            "value": 1479992.0,
            "min": 19992.0,
            "max": 1479992.0,
            "count": 74
        },
        "DroneAgent.Policy.ExtrinsicValueEstimate.mean": {
            "value": 0.07658986747264862,
            "min": -0.4058894217014313,
            "max": 0.4972049593925476,
            "count": 74
        },
        "DroneAgent.Policy.ExtrinsicValueEstimate.sum": {
            "value": 24.508756637573242,
            "min": -132.57846069335938,
            "max": 158.11117553710938,
            "count": 74
        },
        "DroneAgent.Policy.GailValueEstimate.mean": {
            "value": 0.021590257063508034,
            "min": -0.30259832739830017,
            "max": 6.494410991668701,
            "count": 74
        },
        "DroneAgent.Policy.GailValueEstimate.sum": {
            "value": 6.908882141113281,
            "min": -98.04186248779297,
            "max": 2065.22265625,
            "count": 74
        },
        "DroneAgent.Losses.PolicyLoss.mean": {
            "value": 0.2690863484275286,
            "min": 0.14083906890386166,
            "max": 0.7164663014571285,
            "count": 74
        },
        "DroneAgent.Losses.PolicyLoss.sum": {
            "value": 4.843554271695515,
            "min": 2.3942641713656485,
            "max": 12.896393426228313,
            "count": 74
        },
        "DroneAgent.Losses.ValueLoss.mean": {
            "value": 0.00020305019381373346,
            "min": 2.922318914873981e-05,
            "max": 5.085601045637635,
            "count": 74
        },
        "DroneAgent.Losses.ValueLoss.sum": {
            "value": 0.0036549034886472023,
            "min": 0.0005552405938260564,
            "max": 76.28401568456452,
            "count": 74
        },
        "DroneAgent.Policy.LearningRate.mean": {
            "value": 0.0002118032827322489,
            "min": 0.0002118032827322489,
            "max": 0.00029938112020629336,
            "count": 74
        },
        "DroneAgent.Policy.LearningRate.sum": {
            "value": 0.00381245908918048,
            "min": 0.00381245908918048,
            "max": 0.005483244252251939,
            "count": 74
        },
        "DroneAgent.Policy.Epsilon.mean": {
            "value": 0.17060108444444447,
            "min": 0.17060108444444447,
            "max": 0.19979370666666665,
            "count": 74
        },
        "DroneAgent.Policy.Epsilon.sum": {
            "value": 3.0708195200000006,
            "min": 2.9910448,
            "max": 3.7277480600000006,
            "count": 74
        },
        "DroneAgent.Policy.Beta.mean": {
            "value": 0.00035594531377777783,
            "min": 0.00035594531377777783,
            "max": 0.0004989891626666668,
            "count": 74
        },
        "DroneAgent.Policy.Beta.sum": {
            "value": 0.006407015648000001,
            "min": 0.006407015648000001,
            "max": 0.009145965494000001,
            "count": 74
        },
        "DroneAgent.Policy.GAILPolicyEstimate.mean": {
            "value": 0.00036597592376589694,
            "min": 0.00012276314243564454,
            "max": 0.09093502359670441,
            "count": 74
        },
        "DroneAgent.Policy.GAILPolicyEstimate.sum": {
            "value": 0.006587566627786145,
            "min": 0.002209736563841602,
            "max": 1.3640253539505662,
            "count": 74
        },
        "DroneAgent.Policy.GAILExpertEstimate.mean": {
            "value": 0.998174920126244,
            "min": 0.8547685033745237,
            "max": 0.9981861812503714,
            "count": 74
        },
        "DroneAgent.Policy.GAILExpertEstimate.sum": {
            "value": 17.967148562272392,
            "min": 12.821527550617855,
            "max": 18.965537443757057,
            "count": 74
        },
        "DroneAgent.Losses.GAILLoss.mean": {
            "value": 0.002238587319475806,
            "min": 0.002238587319475806,
            "max": 0.30535152444133046,
            "count": 74
        },
        "DroneAgent.Losses.GAILLoss.sum": {
            "value": 0.04029457175056451,
            "min": 0.04029457175056451,
            "max": 4.580272866619957,
            "count": 74
        },
        "DroneAgent.Policy.GAILGradMagLoss.mean": {
            "value": 0.0038003841069035446,
            "min": 0.003103862670994002,
            "max": 0.5344445564791009,
            "count": 74
        },
        "DroneAgent.Policy.GAILGradMagLoss.sum": {
            "value": 0.0684069139242638,
            "min": 0.055869528077892035,
            "max": 8.016668347186513,
            "count": 74
        },
        "DroneAgent.Losses.PretrainingLoss.mean": {
            "value": 0.0001895874343457511,
            "min": 6.419248250814963e-05,
            "max": 0.2631520479784772,
            "count": 74
        },
        "DroneAgent.Losses.PretrainingLoss.sum": {
            "value": 0.00341257381822352,
            "min": 0.001219657167654843,
            "max": 3.9472807196771575,
            "count": 74
        },
        "DroneAgent.Environment.EpisodeLength.mean": {
            "value": 1499.0,
            "min": 712.15,
            "max": 1499.0,
            "count": 74
        },
        "DroneAgent.Environment.EpisodeLength.sum": {
            "value": 17988.0,
            "min": 13339.0,
            "max": 29980.0,
            "count": 74
        },
        "DroneAgent.Environment.CumulativeReward.mean": {
            "value": 0.9965000742425522,
            "min": -1.606999971071491,
            "max": 1.000000074505806,
            "count": 74
        },
        "DroneAgent.Environment.CumulativeReward.sum": {
            "value": 11.958000890910625,
            "min": -44.90066559612751,
            "max": 20.00000149011612,
            "count": 74
        },
        "DroneAgent.Policy.ExtrinsicReward.mean": {
            "value": 0.9965000742425522,
            "min": -1.606999971071491,
            "max": 1.000000074505806,
            "count": 74
        },
        "DroneAgent.Policy.ExtrinsicReward.sum": {
            "value": 11.958000890910625,
            "min": -44.90066559612751,
            "max": 20.00000149011612,
            "count": 74
        },
        "DroneAgent.Policy.GailReward.mean": {
            "value": 0.292524957982252,
            "min": 0.04949000584019814,
            "max": 142.5915760797462,
            "count": 74
        },
        "DroneAgent.Policy.GailReward.sum": {
            "value": 3.5102994957870237,
            "min": 0.49490005840198137,
            "max": 1425.915760797462,
            "count": 74
        },
        "DroneAgent.IsTraining.mean": {
            "value": 1.0,
            "min": 1.0,
            "max": 1.0,
            "count": 74
        },
        "DroneAgent.IsTraining.sum": {
            "value": 1.0,
            "min": 1.0,
            "max": 1.0,
            "count": 74
        }
    },
    "metadata": {
        "timer_format_version": "0.1.0",
        "start_time_seconds": "1696290800",
        "python_version": "3.9.13 (tags/v3.9.13:6de2ca5, May 17 2022, 16:36:42) [MSC v.1929 64 bit (AMD64)]",
        "command_line_arguments": "F:\\Unity projects\\Oblig2\\Drone_MLagents\\venv\\Scripts\\mlagents-learn config/DroneAgent.yaml --initialize-from=DroneAgentGoalRayTest2 --run-id=DroneAgentGoalRayGG5",