{
    "name": "root",
    "gauges": {
        "DroneAgent.Policy.Entropy.mean": {
            "value": 0.9299355149269104,
            "min": 0.9299355149269104,
            "max": 1.3682146072387695,
            "count": 6
        },
        "DroneAgent.Policy.Entropy.sum": {
            "value": 19032.060546875,
            "min": 19032.060546875,
            "max": 27780.228515625,
            "count": 6
        },
        "DroneAgent.Step.mean": {
            "value": 119968.0,
            "min": 19984.0,
            "max": 119968.0,
            "count": 6
        },
        "DroneAgent.Step.sum": {
            "value": 119968.0,
            "min": 19984.0,
            "max": 119968.0,
            "count": 6
        },
        "DroneAgent.Policy.ExtrinsicValueEstimate.mean": {
            "value": 0.001886107143945992,
            "min": -0.01069729309529066,
            "max": 0.9024550914764404,
            "count": 6
        },
        "DroneAgent.Policy.ExtrinsicValueEstimate.sum": {
            "value": 0.6016681790351868,
            "min": -3.4124364852905273,
            "max": 287.8831787109375,
            "count": 6
        },
        "DroneAgent.Policy.GailValueEstimate.mean": {
            "value": 0.6014239192008972,
            "min": 0.6014239192008972,
            "max": 7.721320629119873,
            "count": 6
        },
        "DroneAgent.Policy.GailValueEstimate.sum": {
            "value": 191.85423278808594,
            "min": 191.85423278808594,
            "max": 2463.101318359375,
            "count": 6
        },
        "DroneAgent.Losses.PolicyLoss.mean": {
            "value": 0.04588199463048142,
            "min": 0.04040687391915569,
            "max": 0.04588199463048142,
            "count": 6
        },
        "DroneAgent.Losses.PolicyLoss.sum": {
            "value": 0.7799939087181841,
            "min": 0.6465099827064911,
            "max": 0.7799939087181841,
            "count": 6
        },
        "DroneAgent.Losses.ValueLoss.mean": {
            "value": 0.00018600076588134673,
            "min": 0.00018600076588134673,
            "max": 2.69132056359307,
            "count": 6
        },
        "DroneAgent.Losses.ValueLoss.sum": {
            "value": 0.0031620130199828942,
            "min": 0.0031620130199828942,
            "max": 43.06112901748912,
            "count": 6
        },
        "DroneAgent.Policy.LearningRate.mean": {
            "value": 0.0002933995504354447,
            "min": 0.0002933995504354447,
            "max": 0.00029940978019674,
            "count": 6
        },
        "DroneAgent.Policy.LearningRate.sum": {
            "value": 0.004987792357402559,
            "min": 0.004732970902343039,
            "max": 0.00506976001008,
            "count": 6
        },
        "DroneAgent.Policy.Epsilon.mean": {
            "value": 0.1977998494117647,
            "min": 0.1977998494117647,
            "max": 0.19980326,
            "count": 6
        },
        "DroneAgent.Policy.Epsilon.sum": {
            "value": 3.36259744,
            "min": 3.17765696,
            "max": 3.38992,
            "count": 6
        },
        "DroneAgent.Policy.Beta.mean": {
            "value": 0.0004892192621176471,
            "min": 0.0004892192621176471,
            "max": 0.0004990359739999999,
            "count": 6
        },
        "DroneAgent.Policy.Beta.sum": {
            "value": 0.008316727456000001,
            "min": 0.007890519104,
            "max": 0.008450608,
            "count": 6
        },
        "DroneAgent.Policy.GAILPolicyEstimate.mean": {
            "value": 0.009781709807945795,
            "min": 0.009781709807945795,
            "max": 0.1674175627773539,
            "count": 6
        },
        "DroneAgent.Policy.GAILPolicyEstimate.sum": {
            "value": 0.1662890667350785,
            "min": 0.1662890667350785,
            "max": 2.6786810044376623,
            "count": 6
        },
        "DroneAgent.Policy.GAILExpertEstimate.mean": {
            "value": 0.9956823273115799,
            "min": 0.8696448382965867,
            "max": 0.9956823273115799,
            "count": 6
        },
        "DroneAgent.Policy.GAILExpertEstimate.sum": {
            "value": 16.926599564296858,
            "min": 13.914317412745387,
            "max": 16.926599564296858,
            "count": 6
        },
        "DroneAgent.Losses.GAILLoss.mean": {
            "value": 0.01415793995466866,
            "min": 0.01415793995466866,
            "max": 0.34262573191275203,
            "count": 6
        },
        "DroneAgent.Losses.GAILLoss.sum": {
            "value": 0.2406849792293672,
            "min": 0.2406849792293672,
            "max": 5.4820117106040325,
            "count": 6
        },
        "DroneAgent.Policy.GAILGradMagLoss.mean": {
            "value": 0.014163884814275579,
            "min": 0.014163884814275579,
            "max": 2.8475483485963196,
            "count": 6
        },
        "DroneAgent.Policy.GAILGradMagLoss.sum": {
            "value": 0.24078604184268484,
            "min": 0.24078604184268484,
            "max": 45.56077357754111,
            "count": 6
        },
        "DroneAgent.Losses.PretrainingLoss.mean": {
            "value": 0.4262545507957493,
            "min": 0.4262545507957493,
            "max": 0.9565563467450631,
            "count": 6
        },
        "DroneAgent.Losses.PretrainingLoss.sum": {
            "value": 7.2463273635277385,
            "min": 7.2463273635277385,
            "max": 15.304901547921009,
            "count": 6
        },
        "DroneAgent.Environment.EpisodeLength.mean": {
            "value": 999.0,
            "min": 999.0,
            "max": 999.0,
            "count": 6
        },
        "DroneAgent.Environment.EpisodeLength.sum": {
            "value": 17982.0,
            "min": 17982.0,
            "max": 17982.0,
            "count": 6
        },
        "DroneAgent.Environment.CumulativeReward.mean": {
            "value": 0.0,
            "min": 0.0,
            "max": 0.0,
            "count": 6
        },
        "DroneAgent.Environment.CumulativeReward.sum": {
            "value": 0.0,
            "min": 0.0,
            "max": 0.0,
            "count": 6
        },
        "DroneAgent.Policy.ExtrinsicReward.mean": {
            "value": 0.0,
            "min": 0.0,
            "max": 0.0,
            "count": 6
        },
        "DroneAgent.Policy.ExtrinsicReward.sum": {
            "value": 0.0,
            "min": 0.0,
            "max": 0.0,
            "count": 6
        },
        "DroneAgent.Policy.GailReward.mean": {
            "value": 5.903231090969509,
            "min": 5.903231090969509,
            "max": 109.16433380709753,
            "count": 6
        },
        "DroneAgent.Policy.GailReward.sum": {
            "value": 106.25815963745117,
            "min": 106.25815963745117,
            "max": 1964.9580085277557,
            "count": 6
        },
        "DroneAgent.IsTraining.mean": {
            "value": 1.0,
            "min": 1.0,
            "max": 1.0,
            "count": 6
        },
        "DroneAgent.IsTraining.sum": {
            "value": 1.0,
            "min": 1.0,
            "max": 1.0,
            "count": 6
        }
    },
    "metadata": {
        "timer_format_version": "0.1.0",
        "start_time_seconds": "1696252781",
        "python_version": "3.9.13 (tags/v3.9.13:6de2ca5, May 17 2022, 16:36:42) [MSC v.1929 64 bit (AMD64)]",
        "command_line_arguments": "F:\\Unity projects\\Oblig2\\Drone_MLagents\\venv\\Scripts\\mlagents-learn config/DroneAgent.yaml --run-id=DroneAgentGoalCloneTrainingUp4",
        "mlagents_version": "0.30.0",
        "mlagents_envs_version": "0.30.0",
        "communication_protocol_version": "1.5.0",
        "pytorch_version": "2.0.1+cu117",
        "numpy_version": "1.21.2",
        "end_time_seconds": "1696253076"
    },
    "total": 294.2660695,
    "count": 1,