{
    "name": "root",
    "gauges": {
        "DroneAgent.Policy.Entropy.mean": {
            "value": -8.056727409362793,
            "min": -8.056727409362793,
            "max": -8.056727409362793,
            "count": 1
        },
        "DroneAgent.Policy.Entropy.sum": {
            "value": -162616.984375,
            "min": -162616.984375,
            "max": -162616.984375,
            "count": 1
        },
        "DroneAgent.Step.mean": {
            "value": 19986.0,
            "min": 19986.0,
            "max": 19986.0,
            "count": 1
        },
        "DroneAgent.Step.sum": {
            "value": 19986.0,
            "min": 19986.0,
            "max": 19986.0,
            "count": 1
        },
        "DroneAgent.Policy.ExtrinsicValueEstimate.mean": {
            "value": -0.12950928509235382,
            "min": -0.12950928509235382,
            "max": -0.12950928509235382,
            "count": 1
        },
        "DroneAgent.Policy.ExtrinsicValueEstimate.sum": {
            "value": -41.701988220214844,
            "min": -41.701988220214844,
            "max": -41.701988220214844,
            "count": 1
        },
        "DroneAgent.Policy.GailValueEstimate.mean": {
            "value": 2.156679630279541,
            "min": 2.156679630279541,
            "max": 2.156679630279541,
            "count": 1
        },
        "DroneAgent.Policy.GailValueEstimate.sum": {
            "value": 694.4508666992188,
            "min": 694.4508666992188,
            "max": 694.4508666992188,
            "count": 1
        },
        "DroneAgent.Losses.PolicyLoss.mean": {
            "value": 0.28137571017677876,
            "min": 0.28137571017677876,
            "max": 0.28137571017677876,
            "count": 1
        },
        "DroneAgent.Losses.PolicyLoss.sum": {
            "value": 4.783387073005239,
            "min": 4.783387073005239,
            "max": 4.783387073005239,
            "count": 1
        },
        "DroneAgent.Losses.ValueLoss.mean": {
            "value": 1.1503318044694835,
            "min": 1.1503318044694835,
            "max": 1.1503318044694835,
            "count": 1
        },
        "DroneAgent.Losses.ValueLoss.sum": {
            "value": 19.55564067598122,
            "min": 19.55564067598122,
            "max": 19.55564067598122,
            "count": 1
        },
        "DroneAgent.Policy.LearningRate.mean": {
            "value": 0.0002993823460882376,
            "min": 0.0002993823460882376,
            "max": 0.0002993823460882376,
            "count": 1
        },
        "DroneAgent.Policy.LearningRate.sum": {
            "value": 0.0050894998835000396,
            "min": 0.0050894998835000396,
            "max": 0.0050894998835000396,
            "count": 1
        },
        "DroneAgent.Policy.Epsilon.mean": {
            "value": 0.19979411529411764,
            "min": 0.19979411529411764,
            "max": 0.19979411529411764,
            "count": 1
        },
        "DroneAgent.Policy.Epsilon.sum": {
            "value": 3.39649996,
            "min": 3.39649996,
            "max": 3.39649996,
            "count": 1
        },
        "DroneAgent.Policy.Beta.mean": {
            "value": 0.0004989911649411766,
            "min": 0.0004989911649411766,
            "max": 0.0004989911649411766,
            "count": 1
        },
        "DroneAgent.Policy.Beta.sum": {
            "value": 0.008482849804000001,
            "min": 0.008482849804000001,
            "max": 0.008482849804000001,
            "count": 1
        },
        "DroneAgent.Policy.GAILPolicyEstimate.mean": {
            "value": 0.041132198088526896,
            "min": 0.041132198088526896,
            "max": 0.041132198088526896,
            "count": 1
        },
        "DroneAgent.Policy.GAILPolicyEstimate.sum": {
            "value": 0.6992473675049572,
            "min": 0.6992473675049572,
            "max": 0.6992473675049572,
            "count": 1
        },
        "DroneAgent.Policy.GAILExpertEstimate.mean": {
            "value": 0.9726190958537306,
            "min": 0.9726190958537306,
            "max": 0.9726190958537306,
            "count": 1
        },
        "DroneAgent.Policy.GAILExpertEstimate.sum": {
            "value": 16.53452462951342,
            "min": 16.53452462951342,
            "max": 16.53452462951342,
            "count": 1
        },
        "DroneAgent.Losses.GAILLoss.mean": {
            "value": 0.07629843622756502,
            "min": 0.07629843622756502,
            "max": 0.07629843622756502,
            "count": 1
        },
        "DroneAgent.Losses.GAILLoss.sum": {
            "value": 1.2970734158686053,
            "min": 1.2970734158686053,
            "max": 1.2970734158686053,
            "count": 1
        },
        "DroneAgent.Policy.GAILGradMagLoss.mean": {
            "value": 0.04896353210742567,
            "min": 0.04896353210742567,
            "max": 0.04896353210742567,
            "count": 1
        },
        "DroneAgent.Policy.GAILGradMagLoss.sum": {
            "value": 0.8323800458262364,
            "min": 0.8323800458262364,
            "max": 0.8323800458262364,
            "count": 1
        },
        "DroneAgent.Losses.PretrainingLoss.mean": {
            "value": 0.0011880412351970068,
            "min": 0.0011880412351970068,
            "max": 0.0011880412351970068,
            "count": 1
        },
        "DroneAgent.Losses.PretrainingLoss.sum": {
            "value": 0.020196700998349117,
            "min": 0.020196700998349117,
            "max": 0.020196700998349117,
            "count": 1
        },
        "DroneAgent.Environment.EpisodeLength.mean": {
            "value": 952.5294117647059,
            "min": 952.5294117647059,
            "max": 952.5294117647059,
            "count": 1
        },
        "DroneAgent.Environment.EpisodeLength.sum": {
            "value": 16193.0,
            "min": 16193.0,
            "max": 16193.0,
            "count": 1
        },
        "DroneAgent.Environment.CumulativeReward.mean": {
            "value": -0.8930293986135546,
            "min": -0.8930293986135546,
            "max": -0.8930293986135546,
            "count": 1
        },
        "DroneAgent.Environment.CumulativeReward.sum": {
            "value": -15.181499776430428,
            "min": -15.181499776430428,
            "max": -15.181499776430428,
            "count": 1
        },
        "DroneAgent.Policy.ExtrinsicReward.mean": {
            "value": -0.8930293986135546,
            "min": -0.8930293986135546,
            "max": -0.8930293986135546,
            "count": 1
        },
        "DroneAgent.Policy.ExtrinsicReward.sum": {
            "value": -15.181499776430428,
            "min": -15.181499776430428,
            "max": -15.181499776430428,
            "count": 1
        },
        "DroneAgent.Policy.GailReward.mean": {
            "value": 31.356615047311234,
            "min": 31.356615047311234,
            "max": 31.356615047311234,
            "count": 1
        },
        "DroneAgent.Policy.GailReward.sum": {
            "value": 533.062455804291,
            "min": 533.062455804291,
            "max": 533.062455804291,
            "count": 1
        },
        "DroneAgent.IsTraining.mean": {
            "value": 1.0,
            "min": 1.0,
            "max": 1.0,
            "count": 1
        },
        "DroneAgent.IsTraining.sum": {
            "value": 1.0,
            "min": 1.0,
            "max": 1.0,
            "count": 1
        }
    },
    "metadata": {
        "timer_format_version": "0.1.0",
        "start_time_seconds": "1696352637",
        "python_version": "3.9.13 (tags/v3.9.13:6de2ca5, May 17 2022, 16:36:42) [MSC v.1929 64 bit (AMD64)]",
        "command_line_arguments": "F:\\Unity projects\\Oblig2\\Drone_MLagents\\venv\\Scripts\\mlagents-learn config/DroneAgent.yaml --initialize-from=DroneAgentMoveForwardnewTraining3 --run-id=DroneAgentMoveForwardnewTrainingFix1",