{
    "name": "root",
    "gauges": {
        "DroneAgent.Policy.Entropy.mean": {
            "value": 3.5468227863311768,
            "min": 2.937561511993408,
            "max": 3.5468227863311768,
            "count": 500
        },
        "DroneAgent.Policy.Entropy.sum": {
            "value": 35230.58984375,
            "min": 28164.9609375,
            "max": 36510.6171875,
            "count": 500
        },
        "DroneAgent.Step.mean": {
            "value": 4999944.0,
            "min": 9984.0,
            "max": 4999944.0,
            "count": 500
        },
        "DroneAgent.Step.sum": {
            "value": 4999944.0,
            "min": 9984.0,
            "max": 4999944.0,
            "count": 500
        },
        "DroneAgent.Policy.ExtrinsicValueEstimate.mean": {
            "value": 0.22086378931999207,
            "min": -0.08255428075790405,
            "max": 0.32880911231040955,
            "count": 500
        },
        "DroneAgent.Policy.ExtrinsicValueEstimate.sum": {
            "value": 34.454750061035156,
            "min": -13.04357624053955,
            "max": 51.62303161621094,
            "count": 500
        },
        "DroneAgent.Policy.GailValueEstimate.mean": {
            "value": 0.006447001360356808,
            "min": 0.0018982463516294956,
            "max": 0.06387560069561005,
            "count": 500
        },
        "DroneAgent.Policy.GailValueEstimate.sum": {
            "value": 1.0057321786880493,
            "min": 0.29612642526626587,
            "max": 10.02846908569336,
            "count": 500
        },
        "DroneAgent.IsTraining.mean": {
            "value": 1.0,
            "min": 1.0,
            "max": 1.0,
            "count": 500
        },
        "DroneAgent.IsTraining.sum": {
            "value": 1.0,
            "min": 1.0,
            "max": 1.0,
            "count": 500
        },
        "DroneAgent.Environment.EpisodeLength.mean": {
            "value": 3478.0,
            "min": 469.0,
            "max": 5999.0,
            "count": 448
        },
        "DroneAgent.Environment.EpisodeLength.sum": {
            "value": 6956.0,
            "min": 469.0,
            "max": 32766.0,
            "count": 448
        },
        "DroneAgent.Environment.CumulativeReward.mean": {
            "value": 6.990914660855196,
            "min": -5.888334169983864,
            "max": 17.730772885493934,
            "count": 448
        },
        "DroneAgent.Environment.CumulativeReward.sum": {
            "value": 13.981829321710393,
            "min": -8.712060737423599,
            "max": 75.27813352027442,
            "count": 448
        },
        "DroneAgent.Policy.ExtrinsicReward.mean": {
            "value": 6.990914660855196,
            "min": -5.888334169983864,
            "max": 17.730772885493934,
            "count": 448
        },
        "DroneAgent.Policy.ExtrinsicReward.sum": {
            "value": 13.981829321710393,
            "min": -8.712060737423599,
            "max": 75.27813352027442,
            "count": 448
        },
        "DroneAgent.Policy.GailReward.mean": {
            "value": 0.13065898713036006,
            "min": 0.03794003337389995,
            "max": 4.525734796689903,
            "count": 448
        },
        "DroneAgent.Policy.GailReward.sum": {
            "value": 0.2613179742607201,
            "min": 0.03794003337389995,
            "max": 10.189478771969725,
            "count": 448
        },
        "DroneAgent.Losses.PolicyLoss.mean": {
            "value": 0.08064098781032954,
            "min": 0.06002166032558307,
            "max": 0.11615920767653734,
            "count": 244
        },
        "DroneAgent.Losses.PolicyLoss.sum": {
            "value": 0.08064098781032954,
            "min": 0.06002166032558307,
            "max": 0.11615920767653734,
            "count": 244
        },
        "DroneAgent.Losses.ValueLoss.mean": {
            "value": 0.0006501424752059393,
            "min": 0.00031452603325305973,
            "max": 0.0021512414430617357,
            "count": 244
        },
        "DroneAgent.Losses.ValueLoss.sum": {
            "value": 0.0006501424752059393,
            "min": 0.00031452603325305973,
            "max": 0.0021512414430617357,
            "count": 244
        },
        "DroneAgent.Policy.LearningRate.mean": {
            "value": 3.3484996651600284e-06,
            "min": 3.3484996651600284e-06,
            "max": 0.00099570480042952,
            "count": 244
        },
        "DroneAgent.Policy.LearningRate.sum": {
            "value": 3.3484996651600284e-06,
            "min": 3.3484996651600284e-06,
            "max": 0.00099570480042952,
            "count": 244
        },
        "DroneAgent.Policy.Epsilon.mean": {
            "value": 0.10033484000000001,
            "min": 0.10033484000000001,
            "max": 0.19957048,
            "count": 244
        },
        "DroneAgent.Policy.Epsilon.sum": {
            "value": 0.10033484000000001,
            "min": 0.10033484000000001,
            "max": 0.19957048,
            "count": 244
        },
        "DroneAgent.Policy.Beta.mean": {
            "value": 0.01,
            "min": 0.01,
            "max": 0.01,
            "count": 244
        },
        "DroneAgent.Policy.Beta.sum": {
            "value": 0.01,
            "min": 0.01,
            "max": 0.01,
            "count": 244
        },
        "DroneAgent.Policy.GAILPolicyEstimate.mean": {
            "value": 0.000807663619707455,
            "min": 0.00022214150512809284,
            "max": 0.002936622890410945,
            "count": 244
        },
        "DroneAgent.Policy.GAILPolicyEstimate.sum": {
            "value": 0.000807663619707455,
            "min": 0.00022214150512809284,
            "max": 0.002936622890410945,
            "count": 244
        },
        "DroneAgent.Policy.GAILExpertEstimate.mean": {
            "value": 0.9996606573462486,
            "min": 0.9983848184347153,
            "max": 0.9998293846845627,
            "count": 244
        },
        "DroneAgent.Policy.GAILExpertEstimate.sum": {
            "value": 0.9996606573462486,
            "min": 0.9983848184347153,
            "max": 0.9998293846845627,
            "count": 244
        },
        "DroneAgent.Losses.GAILLoss.mean": {
            "value": 0.0011945204802032094,
            "min": 0.0004605168047419284,
            "max": 0.004880096999113448,
            "count": 244
        },
        "DroneAgent.Losses.GAILLoss.sum": {
            "value": 0.0011945204802032094,
            "min": 0.0004605168047419284,
            "max": 0.004880096999113448,
            "count": 244
        },
        "DroneAgent.Policy.GAILGradMagLoss.mean": {
            "value": 0.0023462394587113523,
            "min": 0.0014558561422745697,
            "max": 0.0075672876497264955,
            "count": 244
        },
        "DroneAgent.Policy.GAILGradMagLoss.sum": {
            "value": 0.0023462394587113523,
            "min": 0.0014558561422745697,
            "max": 0.0075672876497264955,
            "count": 244
        },
        "DroneAgent.Losses.PretrainingLoss.mean": {
            "value": 0.0,
            "min": 0.0,
            "max": 33.004140853881836,
            "count": 244
        },
        "DroneAgent.Losses.PretrainingLoss.sum": {
            "value": 0.0,
            "min": 0.0,
            "max": 33.004140853881836,
            "count": 244
        }
    },
    "metadata": {
        "timer_format_version": "0.1.0",
        "start_time_seconds": "1697587474",
        "python_version": "3.9.13 (tags/v3.9.13:6de2ca5, May 17 2022, 16:36:42) [MSC v.1929 64 bit (AMD64)]",
        "command_line_arguments": "F:\\Unity projects\\Oblig2\\Drone_MLagents\\venv\\Scripts\\mlagents-learn config/DroneAgent.yaml --initialize-from=DroneAgentTrackNew4 --run-id=DroneAgentTrackNew5",
        "mlagents_version": "0.30.0",
        "mlagents_envs_version": "0.30.0",