{
    "name": "root",
    "gauges": {
        "DroneAgent.Policy.Entropy.mean": {
            "value": 8.228479385375977,
            "min": 7.617731094360352,
            "max": 8.228479385375977,
            "count": 500
        },
        "DroneAgent.Policy.Entropy.sum": {
            "value": 82597.4765625,
            "min": 72073.2109375,
            "max": 85704.625,
            "count": 500
        },
        "DroneAgent.Step.mean": {
            "value": 4999936.0,
            "min": 9989.0,
            "max": 4999936.0,
            "count": 500
        },
        "DroneAgent.Step.sum": {
            "value": 4999936.0,
            "min": 9989.0,
            "max": 4999936.0,
            "count": 500
        },
        "DroneAgent.Policy.ExtrinsicValueEstimate.mean": {
            "value": 0.30444806814193726,
            "min": 0.1380060613155365,
            "max": 0.6485348343849182,
            "count": 500
        },
        "DroneAgent.Policy.ExtrinsicValueEstimate.sum": {
            "value": 47.79834747314453,
            "min": 21.870742797851562,
            "max": 105.30581665039062,
            "count": 500
        },
        "DroneAgent.Policy.GailValueEstimate.mean": {
            "value": 0.0026914675254374743,
            "min": -0.0002165439072996378,
            "max": 0.02293958142399788,
            "count": 500
        },
        "DroneAgent.Policy.GailValueEstimate.sum": {
            "value": 0.4225603938102722,
            "min": -0.03421393781900406,
            "max": 3.693272590637207,
            "count": 500
        },
        "DroneAgent.Environment.EpisodeLength.mean": {
            "value": 7499.0,
            "min": 275.0,
            "max": 7499.0,
            "count": 429
        },
        "DroneAgent.Environment.EpisodeLength.sum": {
            "value": 7499.0,
            "min": 275.0,
            "max": 43979.0,
            "count": 429
        },
        "DroneAgent.Environment.CumulativeReward.mean": {
            "value": 23.154247560712975,
            "min": -0.5954158697277308,
            "max": 25.139710706193,
            "count": 429
        },
        "DroneAgent.Environment.CumulativeReward.sum": {
            "value": 23.154247560712975,
            "min": -2.2111920854076743,
            "max": 131.93172101642995,
            "count": 429
        },
        "DroneAgent.Policy.ExtrinsicReward.mean": {
            "value": 23.154247560712975,
            "min": -0.5954158697277308,
            "max": 25.139710706193,
            "count": 429
        },
        "DroneAgent.Policy.ExtrinsicReward.sum": {
            "value": 23.154247560712975,
            "min": -2.2111920854076743,
            "max": 131.93172101642995,
            "count": 429
        },
        "DroneAgent.Policy.GailReward.mean": {
            "value": 0.044231443816499905,
            "min": 0.0014990885465522297,
            "max": 1.1005595279215719,
            "count": 429
        },
        "DroneAgent.Policy.GailReward.sum": {
            "value": 0.044231443816499905,
            "min": 0.0014990885465522297,
            "max": 3.5587241133649457,
            "count": 429
        },
        "DroneAgent.IsTraining.mean": {
            "value": 1.0,
            "min": 1.0,
            "max": 1.0,
            "count": 500
        },
        "DroneAgent.IsTraining.sum": {
            "value": 1.0,
            "min": 1.0,
            "max": 1.0,
            "count": 500
        },
        "DroneAgent.Losses.PolicyLoss.mean": {
            "value": 0.08316710974904709,
            "min": 0.05165700843790546,
            "max": 0.11481286836788059,
            "count": 245
        },
        "DroneAgent.Losses.PolicyLoss.sum": {
            "value": 0.08316710974904709,
            "min": 0.05165700843790546,
            "max": 0.11481286836788059,
            "count": 245
        },
        "DroneAgent.Losses.ValueLoss.mean": {
            "value": 0.0006057507122022799,
            "min": 0.00032281458843499424,
            "max": 0.010105268680490553,
            "count": 245
        },
        "DroneAgent.Losses.ValueLoss.sum": {
            "value": 0.0006057507122022799,
            "min": 0.00032281458843499424,
            "max": 0.010105268680490553,
            "count": 245
        },
        "DroneAgent.Policy.LearningRate.mean": {
            "value": 9.72899902719996e-07,
            "min": 9.72899902719996e-07,
            "max": 0.00099606160039384,
            "count": 245
        },
        "DroneAgent.Policy.LearningRate.sum": {
            "value": 9.72899902719996e-07,
            "min": 9.72899902719996e-07,
            "max": 0.00099606160039384,
            "count": 245
        },
        "DroneAgent.Policy.Epsilon.mean": {
            "value": 0.10009728,
            "min": 0.10009728,
            "max": 0.19960616,
            "count": 245
        },
        "DroneAgent.Policy.Epsilon.sum": {
            "value": 0.10009728,
            "min": 0.10009728,
            "max": 0.19960616,
            "count": 245
        },
        "DroneAgent.Policy.Beta.mean": {
            "value": 0.01,
            "min": 0.01,
            "max": 0.01,
            "count": 245
        },
        "DroneAgent.Policy.Beta.sum": {
            "value": 0.01,
            "min": 0.01,
            "max": 0.01,
            "count": 245
        },
        "DroneAgent.Policy.GAILPolicyEstimate.mean": {
            "value": 0.0013613294118840712,
            "min": 0.0013613294118840712,
            "max": 0.011800108663737773,
            "count": 245
        },
        "DroneAgent.Policy.GAILPolicyEstimate.sum": {
            "value": 0.0013613294118840712,
            "min": 0.0013613294118840712,
            "max": 0.011800108663737773,
            "count": 245
        },
        "DroneAgent.Policy.GAILExpertEstimate.mean": {
            "value": 0.9997768104076385,
            "min": 0.9966266825795174,
            "max": 0.9997768104076385,
            "count": 245
        },
        "DroneAgent.Policy.GAILExpertEstimate.sum": {
            "value": 0.9997768104076385,
            "min": 0.9966266825795174,
            "max": 0.9997768104076385,
            "count": 245
        },
        "DroneAgent.Losses.GAILLoss.mean": {
            "value": 0.001650484895799309,
            "min": 0.001650484895799309,
            "max": 0.01752296045888215,
            "count": 245
        },
        "DroneAgent.Losses.GAILLoss.sum": {
            "value": 0.001650484895799309,
            "min": 0.001650484895799309,
            "max": 0.01752296045888215,
            "count": 245
        },
        "DroneAgent.Policy.GAILGradMagLoss.mean": {
            "value": 0.0024482484892359934,
            "min": 0.0024482484892359934,
            "max": 0.011979779636021703,
            "count": 245
        },
        "DroneAgent.Policy.GAILGradMagLoss.sum": {
            "value": 0.0024482484892359934,
            "min": 0.0024482484892359934,
            "max": 0.011979779636021703,
            "count": 245
        },
        "DroneAgent.Losses.PretrainingLoss.mean": {
            "value": 0.0,
            "min": 0.0,
            "max": 113298937.48148148,
            "count": 245
        },
        "DroneAgent.Losses.PretrainingLoss.sum": {
            "value": 0.0,
            "min": 0.0,
            "max": 113298937.48148148,
            "count": 245
        }
    },
    "metadata": {
        "timer_format_version": "0.1.0",
        "start_time_seconds": "1697485778",
        "python_version": "3.9.13 (tags/v3.9.13:6de2ca5, May 17 2022, 16:36:42) [MSC v.1929 64 bit (AMD64)]",
        "command_line_arguments": "F:\\Unity projects\\Oblig2\\Drone_MLagents\\venv\\Scripts\\mlagents-learn config\\DroneAgent.yaml --initialize-from=DroneAgentTrackNO1 --run-id=DroneAgentTrackNO2",
        "mlagents_version": "0.30.0",
        "mlagents_envs_version": "0.30.0",
        "communication_protocol_version": "1.5.0",