{
    "name": "root",
    "gauges": {
        "DroneAgent.Policy.Entropy.mean": {
            "value": 6.279353618621826,
            "min": 5.72293758392334,
            "max": 6.279353618621826,
            "count": 500
        },
        "DroneAgent.Policy.Entropy.sum": {
            "value": 61845.35546875,
            "min": 55776.796875,
            "max": 64714.125,
            "count": 500
        },
        "DroneAgent.Step.mean": {
            "value": 4999940.0,
            "min": 9989.0,
            "max": 4999940.0,
            "count": 500
        },
        "DroneAgent.Step.sum": {
            "value": 4999940.0,
            "min": 9989.0,
            "max": 4999940.0,
            "count": 500
        },
        "DroneAgent.Policy.ExtrinsicValueEstimate.mean": {
            "value": 0.30595406889915466,
            "min": 0.05673849582672119,
            "max": 0.3633893132209778,
            "count": 500
        },
        "DroneAgent.Policy.ExtrinsicValueEstimate.sum": {
            "value": 48.0347900390625,
            "min": 9.07815933227539,
            "max": 57.0521240234375,
            "count": 500
        },
        "DroneAgent.Policy.GailValueEstimate.mean": {
            "value": 0.0028870105743408203,
            "min": -0.0015723337419331074,
            "max": 0.07496915012598038,
            "count": 500
        },
        "DroneAgent.Policy.GailValueEstimate.sum": {
            "value": 0.4532606601715088,
            "min": -0.24842873215675354,
            "max": 11.920095443725586,
            "count": 500
        },
        "DroneAgent.Environment.EpisodeLength.mean": {
            "value": 4615.0,
            "min": 403.5,
            "max": 5999.0,
            "count": 469
        },
        "DroneAgent.Environment.EpisodeLength.sum": {
            "value": 18460.0,
            "min": 427.0,
            "max": 29904.0,
            "count": 469
        },
        "DroneAgent.Environment.CumulativeReward.mean": {
            "value": 15.205836348381126,
            "min": -0.6511687537034353,
            "max": 21.677703499794006,
            "count": 469
        },
        "DroneAgent.Environment.CumulativeReward.sum": {
            "value": 60.823345393524505,
            "min": -2.8515619952231646,
            "max": 97.5098356467206,
            "count": 469
        },
        "DroneAgent.Policy.ExtrinsicReward.mean": {
            "value": 15.205836348381126,
            "min": -0.6511687537034353,
            "max": 21.677703499794006,
            "count": 469
        },
        "DroneAgent.Policy.ExtrinsicReward.sum": {
            "value": 60.823345393524505,
            "min": -2.8515619952231646,
            "max": 97.5098356467206,
            "count": 469
        },
        "DroneAgent.Policy.GailReward.mean": {
            "value": 0.11371160068212638,
            "min": 0.0012904604118375573,
            "max": 1.4287473226793594,
            "count": 469
        },
        "DroneAgent.Policy.GailReward.sum": {
            "value": 0.4548464027285055,
            "min": 0.0012904604118375573,
            "max": 7.143736613396797,
            "count": 469
        },
        "DroneAgent.IsTraining.mean": {
            "value": 1.0,
            "min": 1.0,
            "max": 1.0,
            "count": 500
        },
        "DroneAgent.IsTraining.sum": {
            "value": 1.0,
            "min": 1.0,
            "max": 1.0,
            "count": 500
        },
        "DroneAgent.Losses.PolicyLoss.mean": {
            "value": 0.06212404172401875,
            "min": 0.04549377257935703,
            "max": 0.10545607630629092,
            "count": 245
        },
        "DroneAgent.Losses.PolicyLoss.sum": {
            "value": 0.06212404172401875,
            "min": 0.04549377257935703,
            "max": 0.10545607630629092,
            "count": 245
        },
        "DroneAgent.Losses.ValueLoss.mean": {
            "value": 0.0006176668852276634,
            "min": 0.0002585718355476274,
            "max": 0.00322558550251415,
            "count": 245
        },
        "DroneAgent.Losses.ValueLoss.sum": {
            "value": 0.0006176668852276634,
            "min": 0.0002585718355476274,
            "max": 0.00322558550251415,
            "count": 245
        },
        "DroneAgent.Policy.LearningRate.mean": {
            "value": 7.89699921039946e-07,
            "min": 7.89699921039946e-07,
            "max": 0.0009960756003924399,
            "count": 245
        },
        "DroneAgent.Policy.LearningRate.sum": {
            "value": 7.89699921039946e-07,
            "min": 7.89699921039946e-07,
            "max": 0.0009960756003924399,
            "count": 245
        },
        "DroneAgent.Policy.Epsilon.mean": {
            "value": 0.10007896000000001,
            "min": 0.10007896000000001,
            "max": 0.19960756000000002,
            "count": 245
        },
        "DroneAgent.Policy.Epsilon.sum": {
            "value": 0.10007896000000001,
            "min": 0.10007896000000001,
            "max": 0.19960756000000002,
            "count": 245
        },
        "DroneAgent.Policy.Beta.mean": {
            "value": 0.01,
            "min": 0.01,
            "max": 0.01,
            "count": 245
        },
        "DroneAgent.Policy.Beta.sum": {
            "value": 0.01,
            "min": 0.01,
            "max": 0.01,
            "count": 245
        },
        "DroneAgent.Policy.GAILPolicyEstimate.mean": {
            "value": 0.00016312497053831975,
            "min": 6.248174981635657e-05,
            "max": 0.002554864240300958,
            "count": 245
        },
        "DroneAgent.Policy.GAILPolicyEstimate.sum": {
            "value": 0.00016312497053831975,
            "min": 6.248174981635657e-05,
            "max": 0.002554864240300958,
            "count": 245
        },
        "DroneAgent.Policy.GAILExpertEstimate.mean": {
            "value": 0.9999650791287422,
            "min": 0.9987672954797745,
            "max": 0.9999770134687423,
            "count": 245
        },
        "DroneAgent.Policy.GAILExpertEstimate.sum": {
            "value": 0.9999650791287422,
            "min": 0.9987672954797745,
            "max": 0.9999770134687423,
            "count": 245
        },
        "DroneAgent.Losses.GAILLoss.mean": {
            "value": 0.00020816815372199927,
            "min": 0.00010484342951713188,
            "max": 0.003791292809182778,
            "count": 245
        },
        "DroneAgent.Losses.GAILLoss.sum": {
            "value": 0.00020816815372199927,
            "min": 0.00010484342951713188,
            "max": 0.003791292809182778,
            "count": 245
        },
        "DroneAgent.Policy.GAILGradMagLoss.mean": {
            "value": 0.0005833211816934636,
            "min": 0.00039419722415914296,
            "max": 0.003945494088111445,
            "count": 245
        },
        "DroneAgent.Policy.GAILGradMagLoss.sum": {
            "value": 0.0005833211816934636,
            "min": 0.00039419722415914296,
            "max": 0.003945494088111445,
            "count": 245
        },
        "DroneAgent.Losses.PretrainingLoss.mean": {
            "value": 0.0,
            "min": 0.0,
            "max": 8114.921061197917,
            "count": 245
        },
        "DroneAgent.Losses.PretrainingLoss.sum": {
            "value": 0.0,
            "min": 0.0,
            "max": 8114.921061197917,
            "count": 245
        }
    },
    "metadata": {
        "timer_format_version": "0.1.0",
        "start_time_seconds": "1697726660",
        "python_version": "3.9.13 (tags/v3.9.13:6de2ca5, May 17 2022, 16:36:42) [MSC v.1929 64 bit (AMD64)]",
        "command_line_arguments": "F:\\Unity projects\\Oblig2\\Drone_MLagents\\venv\\Scripts\\mlagents-learn config\\DroneAgent.yaml --initialize-from=DroneAgentTrackNew10 --run-id=DroneAgentTrackNew11",
        "mlagents_version": "0.30.0",
        "mlagents_envs_version": "0.30.0",