{
    "name": "root",
    "gauges": {
        "DroneAgent.Policy.Entropy.mean": {
            "value": 8.659111022949219,
            "min": 8.152894973754883,
            "max": 8.659364700317383,
            "count": 500
        },
        "DroneAgent.Policy.Entropy.sum": {
            "value": 86556.4765625,
            "min": 76754.625,
            "max": 88914.265625,
            "count": 500
        },
        "DroneAgent.Step.mean": {
            "value": 4999992.0,
            "min": 9984.0,
            "max": 4999992.0,
            "count": 500
        },
        "DroneAgent.Step.sum": {
            "value": 4999992.0,
            "min": 9984.0,
            "max": 4999992.0,
            "count": 500
        },
        "DroneAgent.Policy.ExtrinsicValueEstimate.mean": {
            "value": 0.31117576360702515,
            "min": 0.18342238664627075,
            "max": 0.34599393606185913,
            "count": 500
        },
        "DroneAgent.Policy.ExtrinsicValueEstimate.sum": {
            "value": 49.165771484375,
            "min": 28.797313690185547,
            "max": 54.59693145751953,
            "count": 500
        },
        "DroneAgent.Policy.GailValueEstimate.mean": {
            "value": 0.003222213825210929,
            "min": -0.0012539299204945564,
            "max": 0.012536936439573765,
            "count": 500
        },
        "DroneAgent.Policy.GailValueEstimate.sum": {
            "value": 0.5091097950935364,
            "min": -0.19686700403690338,
            "max": 1.9682990312576294,
            "count": 500
        },
        "DroneAgent.IsTraining.mean": {
            "value": 1.0,
            "min": 1.0,
            "max": 1.0,
            "count": 500
        },
        "DroneAgent.IsTraining.sum": {
            "value": 1.0,
            "min": 1.0,
            "max": 1.0,
            "count": 500
        },
        "DroneAgent.Losses.PolicyLoss.mean": {
            "value": 0.07004187051206827,
            "min": 0.05256187946797582,
            "max": 0.11208524795947597,
            "count": 244
        },
        "DroneAgent.Losses.PolicyLoss.sum": {
            "value": 0.07004187051206827,
            "min": 0.05256187946797582,
            "max": 0.11208524795947597,
            "count": 244
        },
        "DroneAgent.Losses.ValueLoss.mean": {
            "value": 0.0003482686714050942,
            "min": 0.00017898121677717427,
            "max": 0.0019167303260474,
            "count": 244
        },
        "DroneAgent.Losses.ValueLoss.sum": {
            "value": 0.0003482686714050942,
            "min": 0.00017898121677717427,
            "max": 0.0019167303260474,
            "count": 244
        },
        "DroneAgent.Policy.LearningRate.mean": {
            "value": 3.5032996496800394e-06,
            "min": 3.5032996496800394e-06,
            "max": 0.00099569920043008,
            "count": 244
        },
        "DroneAgent.Policy.LearningRate.sum": {
            "value": 3.5032996496800394e-06,
            "min": 3.5032996496800394e-06,
            "max": 0.00099569920043008,
            "count": 244
        },
        "DroneAgent.Policy.Epsilon.mean": {
            "value": 0.10035032000000002,
            "min": 0.10035032000000002,
            "max": 0.19956992,
            "count": 244
        },
        "DroneAgent.Policy.Epsilon.sum": {
            "value": 0.10035032000000002,
            "min": 0.10035032000000002,
            "max": 0.19956992,
            "count": 244
        },
        "DroneAgent.Policy.Beta.mean": {
            "value": 0.01,
            "min": 0.01,
            "max": 0.01,
            "count": 244
        },
        "DroneAgent.Policy.Beta.sum": {
            "value": 0.01,
            "min": 0.01,
            "max": 0.01,
            "count": 244
        },
        "DroneAgent.Policy.GAILPolicyEstimate.mean": {
            "value": 0.001960625857464038,
            "min": 0.0012717625955701805,
            "max": 0.006934779055882245,
            "count": 244
        },
        "DroneAgent.Policy.GAILPolicyEstimate.sum": {
            "value": 0.001960625857464038,
            "min": 0.0012717625955701805,
            "max": 0.006934779055882245,
            "count": 244
        },
        "DroneAgent.Policy.GAILExpertEstimate.mean": {
            "value": 0.9993417173624038,
            "min": 0.9972325608134269,
            "max": 0.9997633948922158,
            "count": 244
        },
        "DroneAgent.Policy.GAILExpertEstimate.sum": {
            "value": 0.9993417173624038,
            "min": 0.9972325608134269,
            "max": 0.9997633948922158,
            "count": 244
        },
        "DroneAgent.Losses.GAILLoss.mean": {
            "value": 0.002867509171483107,
            "min": 0.001679835413233377,
            "max": 0.015125511836959048,
            "count": 244
        },
        "DroneAgent.Losses.GAILLoss.sum": {
            "value": 0.002867509171483107,
            "min": 0.001679835413233377,
            "max": 0.015125511836959048,
            "count": 244
        },
        "DroneAgent.Policy.GAILGradMagLoss.mean": {
            "value": 0.003132030362030491,
            "min": 0.0021425063037895597,
            "max": 0.008799092780100182,
            "count": 244
        },
        "DroneAgent.Policy.GAILGradMagLoss.sum": {
            "value": 0.003132030362030491,
            "min": 0.0021425063037895597,
            "max": 0.008799092780100182,
            "count": 244
        },
        "DroneAgent.Losses.PretrainingLoss.mean": {
            "value": 0.0,
            "min": 0.0,
            "max": 1660353066.6666667,
            "count": 244
        },
        "DroneAgent.Losses.PretrainingLoss.sum": {
            "value": 0.0,
            "min": 0.0,
            "max": 1660353066.6666667,
            "count": 244
        },
        "DroneAgent.Environment.EpisodeLength.mean": {
            "value": 7499.0,
            "min": 709.0,
            "max": 7499.0,
            "count": 396
        },
        "DroneAgent.Environment.EpisodeLength.sum": {
            "value": 14998.0,
            "min": 709.0,
            "max": 44994.0,
            "count": 396
        },
        "DroneAgent.Environment.CumulativeReward.mean": {
            "value": 24.593878515297547,
            "min": -0.4163157157599926,
            "max": 25.391277347924188,
            "count": 396
        },
        "DroneAgent.Environment.CumulativeReward.sum": {
            "value": 49.187757030595094,
            "min": -0.4163157157599926,
            "max": 133.02246694732457,
            "count": 396
        },
        "DroneAgent.Policy.ExtrinsicReward.mean": {
            "value": 24.593878515297547,
            "min": -0.4163157157599926,
            "max": 25.391277347924188,
            "count": 396
        },
        "DroneAgent.Policy.ExtrinsicReward.sum": {
            "value": 49.187757030595094,
            "min": -0.4163157157599926,
            "max": 133.02246694732457,
            "count": 396
        },
        "DroneAgent.Policy.GailReward.mean": {
            "value": 0.6099597894107154,
            "min": 0.005474809664065106,
            "max": 1.5359795036483135,
            "count": 396
        },
        "DroneAgent.Policy.GailReward.sum": {
            "value": 1.2199195788214308,
            "min": 0.005474809664065106,
            "max": 4.612987369246959,
            "count": 396
        }
    },
    "metadata": {
        "timer_format_version": "0.1.0",
        "start_time_seconds": "1697490922",
        "python_version": "3.9.13 (tags/v3.9.13:6de2ca5, May 17 2022, 16:36:42) [MSC v.1929 64 bit (AMD64)]",
        "command_line_arguments": "F:\\Unity projects\\Oblig2\\Drone_MLagents\\venv\\Scripts\\mlagents-learn config\\DroneAgent.yaml --initialize-from=DroneAgentTrackNO2 --run-id=DroneAgentTrackNO3",
        "mlagents_version": "0.30.0",
        "mlagents_envs_version": "0.30.0",