{
    "name": "root",
    "gauges": {
        "DroneAgent.Policy.Entropy.mean": {
            "value": 1.1978490352630615,
            "min": 1.1978490352630615,
            "max": 1.386436939239502,
            "count": 4
        },
        "DroneAgent.Policy.Entropy.sum": {
            "value": 23918.6484375,
            "min": 23918.6484375,
            "max": 27773.10546875,
            "count": 4
        },
        "DroneAgent.Step.mean": {
            "value": 79936.0,
            "min": 19968.0,
            "max": 79936.0,
            "count": 4
        },
        "DroneAgent.Step.sum": {
            "value": 79936.0,
            "min": 19968.0,
            "max": 79936.0,
            "count": 4
        },
        "DroneAgent.Policy.ExtrinsicValueEstimate.mean": {
            "value": 0.0004073022282682359,
            "min": -0.3023691177368164,
            "max": 0.0004073022282682359,
            "count": 4
        },
        "DroneAgent.Policy.ExtrinsicValueEstimate.sum": {
            "value": 0.12707829475402832,
            "min": -94.33916473388672,
            "max": 0.12707829475402832,
            "count": 4
        },
        "DroneAgent.Policy.GailValueEstimate.mean": {
            "value": 29.351131439208984,
            "min": 25.051557540893555,
            "max": 30.958602905273438,
            "count": 4
        },
        "DroneAgent.Policy.GailValueEstimate.sum": {
            "value": 9157.552734375,
            "min": 7816.0859375,
            "max": 9659.083984375,
            "count": 4
        },
        "DroneAgent.Losses.PolicyLoss.mean": {
            "value": 0.04136703539579348,
            "min": 0.04136703539579348,
            "max": 0.045288286538346226,
            "count": 4
        },
        "DroneAgent.Losses.PolicyLoss.sum": {
            "value": 0.7446066371242827,
            "min": 0.7446066371242827,
            "max": 0.8222989363906285,
            "count": 4
        },
        "DroneAgent.Losses.ValueLoss.mean": {
            "value": 0.025944827939903697,
            "min": 0.007399215160490856,
            "max": 4.453820044066241,
            "count": 4
        },
        "DroneAgent.Losses.ValueLoss.sum": {
            "value": 0.4670069029182665,
            "min": 0.1331858728888354,
            "max": 80.16876079319233,
            "count": 4
        },
        "DroneAgent.Policy.LearningRate.mean": {
            "value": 0.00029578944140351993,
            "min": 0.00029578944140351993,
            "max": 0.00029937984020671996,
            "count": 4
        },
        "DroneAgent.Policy.LearningRate.sum": {
            "value": 0.005324209945263359,
            "min": 0.005324209945263359,
            "max": 0.005642945299018239,
            "count": 4
        },
        "DroneAgent.Policy.Epsilon.mean": {
            "value": 0.19859648000000002,
            "min": 0.19859648000000002,
            "max": 0.19979328,
            "count": 4
        },
        "DroneAgent.Policy.Epsilon.sum": {
            "value": 3.5747366400000002,
            "min": 3.5747366400000002,
            "max": 3.78098176,
            "count": 4
        },
        "DroneAgent.Policy.Beta.mean": {
            "value": 0.000493122752,
            "min": 0.000493122752,
            "max": 0.0004989870720000001,
            "count": 4
        },
        "DroneAgent.Policy.Beta.sum": {
            "value": 0.008876209535999999,
            "min": 0.008876209535999999,
            "max": 0.009406810623999999,
            "count": 4
        },
        "DroneAgent.Policy.GAILPolicyEstimate.mean": {
            "value": 0.43860916848535897,
            "min": 0.43860916848535897,
            "max": 0.48714052030333765,
            "count": 4
        },
        "DroneAgent.Policy.GAILPolicyEstimate.sum": {
            "value": 7.8949650327364616,
            "min": 7.8949650327364616,
            "max": 8.768529365460077,
            "count": 4
        },
        "DroneAgent.Policy.GAILExpertEstimate.mean": {
            "value": 0.5229235186620995,
            "min": 0.5188190256831822,
            "max": 0.5229235186620995,
            "count": 4
        },
        "DroneAgent.Policy.GAILExpertEstimate.sum": {
            "value": 9.412623335917791,
            "min": 9.33874246229728,
            "max": 9.913308831552662,
            "count": 4
        },
        "DroneAgent.Losses.GAILLoss.mean": {
            "value": 1.2422247368980335,
            "min": 1.2422247368980335,
            "max": 1.3284391269639686,
            "count": 4
        },
        "DroneAgent.Losses.GAILLoss.sum": {
            "value": 22.360045264164604,
            "min": 22.360045264164604,
            "max": 23.941627194484074,
            "count": 4
        },
        "DroneAgent.Policy.GAILGradMagLoss.mean": {
            "value": 0.024818277970620396,
            "min": 0.008941605660732386,
            "max": 1.7551283474197221,
            "count": 4
        },
        "DroneAgent.Policy.GAILGradMagLoss.sum": {
            "value": 0.4467290034711671,
            "min": 0.16094890189318295,
            "max": 31.592310253555,
            "count": 4
        },
        "DroneAgent.Losses.PretrainingLoss.mean": {
            "value": 48.431808083145704,
            "min": 48.431808083145704,
            "max": 79.43960539499919,
            "count": 4
        },
        "DroneAgent.Losses.PretrainingLoss.sum": {
            "value": 871.7725454966227,
            "min": 871.7725454966227,
            "max": 1429.9128971099854,
            "count": 4
        },
        "DroneAgent.IsTraining.mean": {
            "value": 1.0,
            "min": 1.0,
            "max": 1.0,
            "count": 4
        },
        "DroneAgent.IsTraining.sum": {
            "value": 1.0,
            "min": 1.0,
            "max": 1.0,
            "count": 4
        }
    },
    "metadata": {
        "timer_format_version": "0.1.0",
        "start_time_seconds": "1696212353",
        "python_version": "3.9.13 (tags/v3.9.13:6de2ca5, May 17 2022, 16:36:42) [MSC v.1929 64 bit (AMD64)]",
        "command_line_arguments": "F:\\Unity projects\\Oblig2\\Drone_MLagents\\venv\\Scripts\\mlagents-learn config/DroneAgent.yaml --run-id=DroneAgentTest10",
        "mlagents_version": "0.30.0",
        "mlagents_envs_version": "0.30.0",
        "communication_protocol_version": "1.5.0",
        "pytorch_version": "2.0.1+cu117",
        "numpy_version": "1.21.2",
        "end_time_seconds": "1696212765"
    },
    "total": 411.8676103,
    "count": 1,
    "self": 0.005269300000009025,
    "children": {
        "run_training.setup": {
            "total": 0.07212489999999994,
            "count": 1,
            "self": 0.07212489999999994
        },
        "TrainerController.start_learning": {
            "total": 411.7902161,
            "count": 1,
            "self": 0.9765985999994768,
            "children": {
                "TrainerController._reset_env": {
                    "total": 8.5812412,
                    "count": 1,
                    "self": 7.793877299999998,
                    "children": {
                        "demo_to_buffer": {
                            "total": 0.7873639000000008,
                            "count": 2,
                            "self": 5.960000000193588e-05,
                            "children": {
                                "load_demonstration": {
                                    "total": 0.015918599999999117,
                                    "count": 2,
                                    "self": 0.01575789999999877,
                                    "children": {
                                        "read_file": {
                                            "total": 0.00016070000000034668,
                                            "count": 2,