{
    "name": "root",
    "gauges": {
        "DroneAgent.Policy.Entropy.mean": {
            "value": 1.4007350206375122,
            "min": 1.4007350206375122,
            "max": 1.4189382791519165,
            "count": 6
        },
        "DroneAgent.Policy.Entropy.sum": {
            "value": 13510.08984375,
            "min": 13168.740234375,
            "max": 14983.98828125,
            "count": 6
        },
        "DroneAgent.Step.mean": {
            "value": 59994.0,
            "min": 9984.0,
            "max": 59994.0,
            "count": 6
        },
        "DroneAgent.Step.sum": {
            "value": 59994.0,
            "min": 9984.0,
            "max": 59994.0,
            "count": 6
        },
        "DroneAgent.Policy.ExtrinsicValueEstimate.mean": {
            "value": 0.5391730666160583,
            "min": 0.001738347695209086,
            "max": 0.5391730666160583,
            "count": 6
        },
        "DroneAgent.Policy.ExtrinsicValueEstimate.sum": {
            "value": 87.34603881835938,
            "min": 0.27118223905563354,
            "max": 87.34603881835938,
            "count": 6
        },
        "DroneAgent.Policy.GailValueEstimate.mean": {
            "value": 2.4744138717651367,
            "min": 0.12976303696632385,
            "max": 2.4744138717651367,
            "count": 6
        },
        "DroneAgent.Policy.GailValueEstimate.sum": {
            "value": 400.85504150390625,
            "min": 20.24303436279297,
            "max": 400.85504150390625,
            "count": 6
        },
        "DroneAgent.IsTraining.mean": {
            "value": 1.0,
            "min": 1.0,
            "max": 1.0,
            "count": 6
        },
        "DroneAgent.IsTraining.sum": {
            "value": 1.0,
            "min": 1.0,
            "max": 1.0,
            "count": 6
        },
        "DroneAgent.Losses.PolicyLoss.mean": {
            "value": 0.12028935176009933,
            "min": 0.01596446931362152,
            "max": 0.14233201594712833,
            "count": 5
        },
        "DroneAgent.Losses.PolicyLoss.sum": {
            "value": 0.12028935176009933,
            "min": 0.01596446931362152,
            "max": 0.14233201594712833,
            "count": 5
        },
        "DroneAgent.Losses.ValueLoss.mean": {
            "value": 0.07863822262734174,
            "min": 0.024580198588470617,
            "max": 0.09403608615199725,
            "count": 5
        },
        "DroneAgent.Losses.ValueLoss.sum": {
            "value": 0.07863822262734174,
            "min": 0.024580198588470617,
            "max": 0.09403608615199725,
            "count": 5
        },
        "DroneAgent.Policy.LearningRate.mean": {
            "value": 0.0002969068810310399,
            "min": 0.0002969068810310399,
            "max": 0.0002993664002111999,
            "count": 5
        },
        "DroneAgent.Policy.LearningRate.sum": {
            "value": 0.0002969068810310399,
            "min": 0.0002969068810310399,
            "max": 0.0002993664002111999,
            "count": 5
        },
        "DroneAgent.Policy.Epsilon.mean": {
            "value": 0.19896896000000006,
            "min": 0.19896896000000006,
            "max": 0.19978880000000007,
            "count": 5
        },
        "DroneAgent.Policy.Epsilon.sum": {
            "value": 0.19896896000000006,
            "min": 0.19896896000000006,
            "max": 0.19978880000000007,
            "count": 5
        },
        "DroneAgent.Policy.Beta.mean": {
            "value": 0.005000000000000001,
            "min": 0.005000000000000001,
            "max": 0.005000000000000001,
            "count": 5
        },
        "DroneAgent.Policy.Beta.sum": {
            "value": 0.005000000000000001,
            "min": 0.005000000000000001,
            "max": 0.005000000000000001,
            "count": 5
        },
        "DroneAgent.Policy.GAILPolicyEstimate.mean": {
            "value": 0.30884452412525815,
            "min": 0.30884452412525815,
            "max": 0.4715018997589747,
            "count": 5
        },
        "DroneAgent.Policy.GAILPolicyEstimate.sum": {
            "value": 0.30884452412525815,
            "min": 0.30884452412525815,
            "max": 0.4715018997589747,
            "count": 5
        },
        "DroneAgent.Policy.GAILExpertEstimate.mean": {
            "value": 0.7463089903195699,
            "min": 0.5011009722948074,
            "max": 0.7463089903195699,
            "count": 5
        },
        "DroneAgent.Policy.GAILExpertEstimate.sum": {
            "value": 0.7463089903195699,
            "min": 0.5011009722948074,
            "max": 0.7463089903195699,
            "count": 5
        },
        "DroneAgent.Losses.GAILLoss.mean": {
            "value": 0.7378304799397787,
            "min": 0.7378304799397787,
            "max": 1.2170402884483338,
            "count": 5
        },
        "DroneAgent.Losses.GAILLoss.sum": {
            "value": 0.7378304799397787,
            "min": 0.7378304799397787,
            "max": 1.2170402884483338,
            "count": 5
        },
        "DroneAgent.Policy.GAILGradMagLoss.mean": {
            "value": 0.4086467117071152,
            "min": 0.4086467117071152,
            "max": 9.473977533976237,
            "count": 5
        },
        "DroneAgent.Policy.GAILGradMagLoss.sum": {
            "value": 0.4086467117071152,
            "min": 0.4086467117071152,
            "max": 9.473977533976237,
            "count": 5
        },
        "DroneAgent.Losses.PretrainingLoss.mean": {
            "value": 1.0733386543061998,
            "min": 1.0699358670799821,
            "max": 1.183423364603961,
            "count": 5
        },
        "DroneAgent.Losses.PretrainingLoss.sum": {
            "value": 1.0733386543061998,
            "min": 1.0699358670799821,
            "max": 1.183423364603961,
            "count": 5
        },
        "DroneAgent.Environment.EpisodeLength.mean": {
            "value": 719.25,
            "min": 698.0,
            "max": 739.5,
            "count": 5
        },
        "DroneAgent.Environment.EpisodeLength.sum": {
            "value": 11508.0,
            "min": 9146.0,
            "max": 11866.0,
            "count": 5
        },
        "DroneAgent.Environment.CumulativeReward.mean": {
            "value": 6.684645430999808,
            "min": 1.6381626881775446,
            "max": 6.776676060794853,
            "count": 5
        },
        "DroneAgent.Environment.CumulativeReward.sum": {
            "value": 106.95432689599693,
            "min": 26.210603010840714,
            "max": 106.95432689599693,
            "count": 5
        },
        "DroneAgent.Policy.ExtrinsicReward.mean": {
            "value": 6.684645430999808,
            "min": 1.6381626881775446,
            "max": 6.776676060794853,
            "count": 5
        },
        "DroneAgent.Policy.ExtrinsicReward.sum": {
            "value": 106.95432689599693,
            "min": 26.210603010840714,
            "max": 106.95432689599693,
            "count": 5
        },
        "DroneAgent.Policy.GailReward.mean": {
            "value": 30.480447355657816,
            "min": 30.480447355657816,
            "max": 49.693371169707355,
            "count": 5
        },
        "DroneAgent.Policy.GailReward.sum": {
            "value": 487.68715769052505,
            "min": 407.57650995999575,
            "max": 844.787309885025,
            "count": 5
        }
    },
    "metadata": {
        "timer_format_version": "0.1.0",
        "start_time_seconds": "1696726428",
        "python_version": "3.9.13 (tags/v3.9.13:6de2ca5, May 17 2022, 16:36:42) [MSC v.1929 64 bit (AMD64)]",
        "command_line_arguments": "F:\\Unity projects\\Oblig2\\Drone_MLagents\\venv\\Scripts\\mlagents-learn config/DroneAgentNew.yaml --run-id=DroneAgentLETSGO2",
        "mlagents_version": "0.30.0",
        "mlagents_envs_version": "0.30.0",