{
    "name": "root",
    "gauges": {
        "DroneAgent.Policy.Entropy.mean": {
            "value": 9.540449142456055,
            "min": 9.064523696899414,
            "max": 9.540449142456055,
            "count": 500
        },
        "DroneAgent.Policy.Entropy.sum": {
            "value": 95165.984375,
            "min": 85478.625,
            "max": 98770.296875,
            "count": 500
        },
        "DroneAgent.Step.mean": {
            "value": 4999964.0,
            "min": 9984.0,
            "max": 4999964.0,
            "count": 500
        },
        "DroneAgent.Step.sum": {
            "value": 4999964.0,
            "min": 9984.0,
            "max": 4999964.0,
            "count": 500
        },
        "DroneAgent.Policy.ExtrinsicValueEstimate.mean": {
            "value": 0.3102874755859375,
            "min": 0.15252792835235596,
            "max": 0.47476762533187866,
            "count": 500
        },
        "DroneAgent.Policy.ExtrinsicValueEstimate.sum": {
            "value": 48.71513366699219,
            "min": 23.946884155273438,
            "max": 74.06375122070312,
            "count": 500
        },
        "DroneAgent.Policy.GailValueEstimate.mean": {
            "value": 0.005226952955126762,
            "min": -0.007602548226714134,
            "max": 0.019626431167125702,
            "count": 500
        },
        "DroneAgent.Policy.GailValueEstimate.sum": {
            "value": 0.8206316232681274,
            "min": -1.201202630996704,
            "max": 3.120602607727051,
            "count": 500
        },
        "DroneAgent.IsTraining.mean": {
            "value": 1.0,
            "min": 1.0,
            "max": 1.0,
            "count": 500
        },
        "DroneAgent.IsTraining.sum": {
            "value": 1.0,
            "min": 1.0,
            "max": 1.0,
            "count": 500
        },
        "DroneAgent.Losses.PolicyLoss.mean": {
            "value": 0.08326901708496734,
            "min": 0.053287113329861316,
            "max": 0.10938319761771709,
            "count": 245
        },
        "DroneAgent.Losses.PolicyLoss.sum": {
            "value": 0.08326901708496734,
            "min": 0.053287113329861316,
            "max": 0.10938319761771709,
            "count": 245
        },
        "DroneAgent.Losses.ValueLoss.mean": {
            "value": 0.002809425436134916,
            "min": 0.0015784145580255426,
            "max": 0.004177713600802236,
            "count": 245
        },
        "DroneAgent.Losses.ValueLoss.sum": {
            "value": 0.002809425436134916,
            "min": 0.0015784145580255426,
            "max": 0.004177713600802236,
            "count": 245
        },
        "DroneAgent.Policy.LearningRate.mean": {
            "value": 1.976499802359989e-06,
            "min": 1.976499802359989e-06,
            "max": 0.00099569920043008,
            "count": 245
        },
        "DroneAgent.Policy.LearningRate.sum": {
            "value": 1.976499802359989e-06,
            "min": 1.976499802359989e-06,
            "max": 0.00099569920043008,
            "count": 245
        },
        "DroneAgent.Policy.Epsilon.mean": {
            "value": 0.10019764,
            "min": 0.10019764,
            "max": 0.19956992,
            "count": 245
        },
        "DroneAgent.Policy.Epsilon.sum": {
            "value": 0.10019764,
            "min": 0.10019764,
            "max": 0.19956992,
            "count": 245
        },
        "DroneAgent.Policy.Beta.mean": {
            "value": 0.01,
            "min": 0.01,
            "max": 0.01,
            "count": 245
        },
        "DroneAgent.Policy.Beta.sum": {
            "value": 0.01,
            "min": 0.01,
            "max": 0.01,
            "count": 245
        },
        "DroneAgent.Policy.GAILPolicyEstimate.mean": {
            "value": 8.45548318796907e-05,
            "min": 4.620641081998222e-06,
            "max": 0.0008580670995374517,
            "count": 245
        },
        "DroneAgent.Policy.GAILPolicyEstimate.sum": {
            "value": 8.45548318796907e-05,
            "min": 4.620641081998222e-06,
            "max": 0.0008580670995374517,
            "count": 245
        },
        "DroneAgent.Policy.GAILExpertEstimate.mean": {
            "value": 0.9999971762299538,
            "min": 0.9996506959199906,
            "max": 1.0,
            "count": 245
        },
        "DroneAgent.Policy.GAILExpertEstimate.sum": {
            "value": 0.9999971762299538,
            "min": 0.9996506959199906,
            "max": 1.0,
            "count": 245
        },
        "DroneAgent.Losses.GAILLoss.mean": {
            "value": 9.020235866312732e-05,
            "min": 5.077844979961554e-06,
            "max": 0.000981697754882127,
            "count": 245
        },
        "DroneAgent.Losses.GAILLoss.sum": {
            "value": 9.020235866312732e-05,
            "min": 5.077844979961554e-06,
            "max": 0.000981697754882127,
            "count": 245
        },
        "DroneAgent.Policy.GAILGradMagLoss.mean": {
            "value": 0.00042784467113961,
            "min": 4.614029312506318e-05,
            "max": 0.023772671402184642,
            "count": 245
        },
        "DroneAgent.Policy.GAILGradMagLoss.sum": {
            "value": 0.00042784467113961,
            "min": 4.614029312506318e-05,
            "max": 0.023772671402184642,
            "count": 245
        },
        "DroneAgent.Losses.PretrainingLoss.mean": {
            "value": 0.0,
            "min": 0.0,
            "max": 52348497009.77778,
            "count": 245
        },
        "DroneAgent.Losses.PretrainingLoss.sum": {
            "value": 0.0,
            "min": 0.0,
            "max": 52348497009.77778,
            "count": 245
        },
        "DroneAgent.Environment.EpisodeLength.mean": {
            "value": 3771.6666666666665,
            "min": 826.0,
            "max": 4999.0,
            "count": 452
        },
        "DroneAgent.Environment.EpisodeLength.sum": {
            "value": 11315.0,
            "min": 826.0,
            "max": 84675.0,
            "count": 452
        },
        "DroneAgent.Environment.CumulativeReward.mean": {
            "value": 9.997087520935262,
            "min": 3.254217374138534,
            "max": 17.62902726070024,
            "count": 452
        },
        "DroneAgent.Environment.CumulativeReward.sum": {
            "value": 29.991262562805787,
            "min": 3.254217374138534,
            "max": 248.84518677310552,
            "count": 452
        },
        "DroneAgent.Policy.ExtrinsicReward.mean": {
            "value": 9.997087520935262,
            "min": 3.254217374138534,
            "max": 17.62902726070024,
            "count": 452
        },
        "DroneAgent.Policy.ExtrinsicReward.sum": {
            "value": 29.991262562805787,
            "min": 3.254217374138534,
            "max": 248.84518677310552,
            "count": 452
        },
        "DroneAgent.Policy.GailReward.mean": {
            "value": 0.20932329588082332,
            "min": 7.47280772959158e-05,
            "max": 1.6436188105837113,
            "count": 452
        },
        "DroneAgent.Policy.GailReward.sum": {
            "value": 0.62796988764247,
            "min": 7.47280772959158e-05,
            "max": 6.058737508307752,
            "count": 452
        }
    },
    "metadata": {
        "timer_format_version": "0.1.0",
        "start_time_seconds": "1700221308",
        "python_version": "3.9.13 (tags/v3.9.13:6de2ca5, May 17 2022, 16:36:42) [MSC v.1929 64 bit (AMD64)]",
        "command_line_arguments": "C:\\Users\\thoma\\AppData\\Local\\Programs\\Python\\Python39\\Scripts\\mlagents-learn config\\DroneAgent.yaml --initialize-from=DroneAgentMG21 --run-id=DroneAgentMG22",
        "mlagents_version": "0.30.0",
        "mlagents_envs_version": "0.30.0",
        "communication_protocol_version": "1.5.0",
        "pytorch_version": "2.0.1+cu117",