{
    "name": "root",
    "gauges": {
        "DroneAgent.Policy.Entropy.mean": {
            "value": 7.529348850250244,
            "min": 6.970665454864502,
            "max": 7.529348850250244,
            "count": 500
        },
        "DroneAgent.Policy.Entropy.sum": {
            "value": 75895.8359375,
            "min": 66032.859375,
            "max": 77052.4765625,
            "count": 500
        },
        "DroneAgent.Step.mean": {
            "value": 4999941.0,
            "min": 9984.0,
            "max": 4999941.0,
            "count": 500
        },
        "DroneAgent.Step.sum": {
            "value": 4999941.0,
            "min": 9984.0,
            "max": 4999941.0,
            "count": 500
        },
        "DroneAgent.Policy.ExtrinsicValueEstimate.mean": {
            "value": 0.30608928203582764,
            "min": 0.13344597816467285,
            "max": 0.5735918879508972,
            "count": 500
        },
        "DroneAgent.Policy.ExtrinsicValueEstimate.sum": {
            "value": 48.36210632324219,
            "min": 21.08446502685547,
            "max": 89.48033142089844,
            "count": 500
        },
        "DroneAgent.Policy.GailValueEstimate.mean": {
            "value": 0.0027022361755371094,
            "min": -0.007161018904298544,
            "max": 0.021744152531027794,
            "count": 500
        },
        "DroneAgent.Policy.GailValueEstimate.sum": {
            "value": 0.4269533157348633,
            "min": -1.1314409971237183,
            "max": 3.4355759620666504,
            "count": 500
        },
        "DroneAgent.IsTraining.mean": {
            "value": 1.0,
            "min": 1.0,
            "max": 1.0,
            "count": 500
        },
        "DroneAgent.IsTraining.sum": {
            "value": 1.0,
            "min": 1.0,
            "max": 1.0,
            "count": 500
        },
        "DroneAgent.Losses.PolicyLoss.mean": {
            "value": 0.08210254250443541,
            "min": 0.0609519922403706,
            "max": 0.11264925168943592,
            "count": 244
        },
        "DroneAgent.Losses.PolicyLoss.sum": {
            "value": 0.08210254250443541,
            "min": 0.0609519922403706,
            "max": 0.11264925168943592,
            "count": 244
        },
        "DroneAgent.Losses.ValueLoss.mean": {
            "value": 0.0033264144585700706,
            "min": 0.0020283624035073444,
            "max": 0.005015379210817628,
            "count": 244
        },
        "DroneAgent.Losses.ValueLoss.sum": {
            "value": 0.0033264144585700706,
            "min": 0.0020283624035073444,
            "max": 0.005015379210817628,
            "count": 244
        },
        "DroneAgent.Policy.LearningRate.mean": {
            "value": 3.6388996361200525e-06,
            "min": 3.6388996361200525e-06,
            "max": 0.00099569920043008,
            "count": 244
        },
        "DroneAgent.Policy.LearningRate.sum": {
            "value": 3.6388996361200525e-06,
            "min": 3.6388996361200525e-06,
            "max": 0.00099569920043008,
            "count": 244
        },
        "DroneAgent.Policy.Epsilon.mean": {
            "value": 0.10036388,
            "min": 0.10036388,
            "max": 0.19956992,
            "count": 244
        },
        "DroneAgent.Policy.Epsilon.sum": {
            "value": 0.10036388,
            "min": 0.10036388,
            "max": 0.19956992,
            "count": 244
        },
        "DroneAgent.Policy.Beta.mean": {
            "value": 0.01,
            "min": 0.01,
            "max": 0.01,
            "count": 244
        },
        "DroneAgent.Policy.Beta.sum": {
            "value": 0.01,
            "min": 0.01,
            "max": 0.01,
            "count": 244
        },
        "DroneAgent.Policy.GAILPolicyEstimate.mean": {
            "value": 5.046788168385774e-05,
            "min": 5.99462143140439e-06,
            "max": 0.0007116386342631564,
            "count": 244
        },
        "DroneAgent.Policy.GAILPolicyEstimate.sum": {
            "value": 5.046788168385774e-05,
            "min": 5.99462143140439e-06,
            "max": 0.0007116386342631564,
            "count": 244
        },
        "DroneAgent.Policy.GAILExpertEstimate.mean": {
            "value": 0.9999999240040779,
            "min": 0.999823109805584,
            "max": 0.9999999985098839,
            "count": 244
        },
        "DroneAgent.Policy.GAILExpertEstimate.sum": {
            "value": 0.9999999240040779,
            "min": 0.999823109805584,
            "max": 0.9999999985098839,
            "count": 244
        },
        "DroneAgent.Losses.GAILLoss.mean": {
            "value": 5.170485662802094e-05,
            "min": 7.63266615972924e-06,
            "max": 0.0007751079318904175,
            "count": 244
        },
        "DroneAgent.Losses.GAILLoss.sum": {
            "value": 5.170485662802094e-05,
            "min": 7.63266615972924e-06,
            "max": 0.0007751079318904175,
            "count": 244
        },
        "DroneAgent.Policy.GAILGradMagLoss.mean": {
            "value": 6.008562563692976e-05,
            "min": 4.2770744585141074e-05,
            "max": 0.05430426743696444,
            "count": 244
        },
        "DroneAgent.Policy.GAILGradMagLoss.sum": {
            "value": 6.008562563692976e-05,
            "min": 4.2770744585141074e-05,
            "max": 0.05430426743696444,
            "count": 244
        },
        "DroneAgent.Losses.PretrainingLoss.mean": {
            "value": 0.0,
            "min": 0.0,
            "max": 1556884.2222222222,
            "count": 244
        },
        "DroneAgent.Losses.PretrainingLoss.sum": {
            "value": 0.0,
            "min": 0.0,
            "max": 1556884.2222222222,
            "count": 244
        },
        "DroneAgent.Environment.EpisodeLength.mean": {
            "value": 2988.8333333333335,
            "min": 428.0,
            "max": 3249.0,
            "count": 485
        },
        "DroneAgent.Environment.EpisodeLength.sum": {
            "value": 17933.0,
            "min": 428.0,
            "max": 48372.0,
            "count": 485
        },
        "DroneAgent.Environment.CumulativeReward.mean": {
            "value": 9.790466928000873,
            "min": -1.1316727176308632,
            "max": 14.248272724915296,
            "count": 485
        },
        "DroneAgent.Environment.CumulativeReward.sum": {
            "value": 58.742801568005234,
            "min": -1.1316727176308632,
            "max": 139.38611430628225,
            "count": 485
        },
        "DroneAgent.Policy.ExtrinsicReward.mean": {
            "value": 9.790466928000873,
            "min": -1.1316727176308632,
            "max": 14.248272724915296,
            "count": 485
        },
        "DroneAgent.Policy.ExtrinsicReward.sum": {
            "value": 58.742801568005234,
            "min": -1.1316727176308632,
            "max": 139.38611430628225,
            "count": 485
        },
        "DroneAgent.Policy.GailReward.mean": {
            "value": 0.02185488980627781,
            "min": 1.0952389061458234e-05,
            "max": 1.3851889976805127,
            "count": 485
        },
        "DroneAgent.Policy.GailReward.sum": {
            "value": 0.13112933883766686,
            "min": 1.0952389061458234e-05,
            "max": 5.540755990722051,
            "count": 485
        }
    },
    "metadata": {
        "timer_format_version": "0.1.0",
        "start_time_seconds": "1700164474",
        "python_version": "3.9.13 (tags/v3.9.13:6de2ca5, May 17 2022, 16:36:42) [MSC v.1929 64 bit (AMD64)]",
        "command_line_arguments": "C:\\Users\\thoma\\AppData\\Local\\Programs\\Python\\Python39\\Scripts\\mlagents-learn config\\DroneAgent.yaml --initialize-from=DroneAgentMG17 --run-id=DroneAgentMG18",
        "mlagents_version": "0.30.0",
        "mlagents_envs_version": "0.30.0",