{
    "name": "root",
    "gauges": {
        "DroneAgent.Policy.Entropy.mean": {
            "value": 7.42448616027832,
            "min": 7.093040466308594,
            "max": 7.424577236175537,
            "count": 500
        },
        "DroneAgent.Policy.Entropy.sum": {
            "value": 74126.0703125,
            "min": 69596.15625,
            "max": 75955.5703125,
            "count": 500
        },
        "DroneAgent.Step.mean": {
            "value": 4999957.0,
            "min": 9986.0,
            "max": 4999957.0,
            "count": 500
        },
        "DroneAgent.Step.sum": {
            "value": 4999957.0,
            "min": 9986.0,
            "max": 4999957.0,
            "count": 500
        },
        "DroneAgent.Policy.ExtrinsicValueEstimate.mean": {
            "value": 0.5535905957221985,
            "min": 0.18869170546531677,
            "max": 0.7447292804718018,
            "count": 500
        },
        "DroneAgent.Policy.ExtrinsicValueEstimate.sum": {
            "value": 87.46731567382812,
            "min": 30.75674819946289,
            "max": 118.41195678710938,
            "count": 500
        },
        "DroneAgent.Policy.GailValueEstimate.mean": {
            "value": 0.2574520409107208,
            "min": 0.00010933764860965312,
            "max": 0.5716361999511719,
            "count": 500
        },
        "DroneAgent.Policy.GailValueEstimate.sum": {
            "value": 40.67742156982422,
            "min": 0.017384685575962067,
            "max": 90.89015197753906,
            "count": 500
        },
        "DroneAgent.Environment.EpisodeLength.mean": {
            "value": 2143.285714285714,
            "min": 255.22222222222223,
            "max": 2938.8,
            "count": 500
        },
        "DroneAgent.Environment.EpisodeLength.sum": {
            "value": 15003.0,
            "min": 1785.0,
            "max": 24628.0,
            "count": 500
        },
        "DroneAgent.Environment.CumulativeReward.mean": {
            "value": 12.592562979930205,
            "min": 0.3744631589183377,
            "max": 19.470314177602024,
            "count": 500
        },
        "DroneAgent.Environment.CumulativeReward.sum": {
            "value": 88.14794085951144,
            "min": 3.2525139902863884,
            "max": 161.0430354627315,
            "count": 500
        },
        "DroneAgent.Policy.ExtrinsicReward.mean": {
            "value": 12.592562979930205,
            "min": 0.3744631589183377,
            "max": 19.470314177602024,
            "count": 500
        },
        "DroneAgent.Policy.ExtrinsicReward.sum": {
            "value": 88.14794085951144,
            "min": 3.2525139902863884,
            "max": 161.0430354627315,
            "count": 500
        },
        "DroneAgent.Policy.GailReward.mean": {
            "value": 4.769622794759406,
            "min": 8.450714891170305e-06,
            "max": 15.812958748079836,
            "count": 500
        },
        "DroneAgent.Policy.GailReward.sum": {
            "value": 33.38735956331584,
            "min": 7.605643402053275e-05,
            "max": 137.75130736129358,
            "count": 500
        },
        "DroneAgent.IsTraining.mean": {
            "value": 1.0,
            "min": 1.0,
            "max": 1.0,
            "count": 500
        },
        "DroneAgent.IsTraining.sum": {
            "value": 1.0,
            "min": 1.0,
            "max": 1.0,
            "count": 500
        },
        "DroneAgent.Losses.PolicyLoss.mean": {
            "value": 0.07617335608229041,
            "min": 0.05451882658526301,
            "max": 0.11591604386630934,
            "count": 248
        },
        "DroneAgent.Losses.PolicyLoss.sum": {
            "value": 0.07617335608229041,
            "min": 0.05451882658526301,
            "max": 0.11591604386630934,
            "count": 248
        },
        "DroneAgent.Losses.ValueLoss.mean": {
            "value": 0.007687416393309832,
            "min": 0.003795281203929335,
            "max": 0.010836027644108981,
            "count": 248
        },
        "DroneAgent.Losses.ValueLoss.sum": {
            "value": 0.007687416393309832,
            "min": 0.003795281203929335,
            "max": 0.010836027644108981,
            "count": 248
        },
        "DroneAgent.Policy.LearningRate.mean": {
            "value": 3.6350996365000545e-06,
            "min": 3.6350996365000545e-06,
            "max": 0.00099598780040122,
            "count": 248
        },
        "DroneAgent.Policy.LearningRate.sum": {
            "value": 3.6350996365000545e-06,
            "min": 3.6350996365000545e-06,
            "max": 0.00099598780040122,
            "count": 248
        },
        "DroneAgent.Policy.Epsilon.mean": {
            "value": 0.10036350000000001,
            "min": 0.10036350000000001,
            "max": 0.19959878,
            "count": 248
        },
        "DroneAgent.Policy.Epsilon.sum": {
            "value": 0.10036350000000001,
            "min": 0.10036350000000001,
            "max": 0.19959878,
            "count": 248
        },
        "DroneAgent.Policy.Beta.mean": {
            "value": 0.01,
            "min": 0.01,
            "max": 0.01,
            "count": 248
        },
        "DroneAgent.Policy.Beta.sum": {
            "value": 0.01,
            "min": 0.01,
            "max": 0.01,
            "count": 248
        },
        "DroneAgent.Policy.GAILPolicyEstimate.mean": {
            "value": 0.16306123323738575,
            "min": 0.15411533135920763,
            "max": 0.4835598111152649,
            "count": 248
        },
        "DroneAgent.Policy.GAILPolicyEstimate.sum": {
            "value": 0.16306123323738575,
            "min": 0.15411533135920763,
            "max": 0.4835598111152649,
            "count": 248
        },
        "DroneAgent.Policy.GAILExpertEstimate.mean": {
            "value": 0.8528327628970146,
            "min": 0.27766258787860354,
            "max": 0.8528327628970146,
            "count": 248
        },
        "DroneAgent.Policy.GAILExpertEstimate.sum": {
            "value": 0.8528327628970146,
            "min": 0.27766258787860354,
            "max": 0.8528327628970146,
            "count": 248
        },
        "DroneAgent.Losses.GAILLoss.mean": {
            "value": 0.4240517944097519,
            "min": 0.4131220631301403,
            "max": 6.463929709792137,
            "count": 248
        },
        "DroneAgent.Losses.GAILLoss.sum": {
            "value": 0.4240517944097519,
            "min": 0.4131220631301403,
            "max": 6.463929709792137,
            "count": 248
        },
        "DroneAgent.Policy.GAILGradMagLoss.mean": {
            "value": 0.057246498111635444,
            "min": 0.01907299889717251,
            "max": 2.013230513781309,
            "count": 248
        },
        "DroneAgent.Policy.GAILGradMagLoss.sum": {
            "value": 0.057246498111635444,
            "min": 0.01907299889717251,
            "max": 2.013230513781309,
            "count": 248
        },
        "DroneAgent.Losses.PretrainingLoss.mean": {
            "value": 0.0,
            "min": 0.0,
            "max": 1118790.6342592593,
            "count": 248
        },
        "DroneAgent.Losses.PretrainingLoss.sum": {
            "value": 0.0,
            "min": 0.0,
            "max": 1118790.6342592593,
            "count": 248
        }
    },
    "metadata": {
        "timer_format_version": "0.1.0",
        "start_time_seconds": "1697418005",
        "python_version": "3.9.13 (tags/v3.9.13:6de2ca5, May 17 2022, 16:36:42) [MSC v.1929 64 bit (AMD64)]",
        "command_line_arguments": "F:\\Unity projects\\Oblig2\\Drone_MLagents\\venv\\Scripts\\mlagents-learn config\\DroneAgent.yaml --initialize-from=DroneAgentTrack12Fast --run-id=DroneAgentTrackFast",
        "mlagents_version": "0.30.0",
        "mlagents_envs_version": "0.30.0",
        "communication_protocol_version": "1.5.0",