{
    "name": "root",
    "gauges": {
        "DroneAgent.Policy.Entropy.mean": {
            "value": 5.83950138092041,
            "min": 5.308902263641357,
            "max": 5.83950138092041,
            "count": 500
        },
        "DroneAgent.Policy.Entropy.sum": {
            "value": 58984.8046875,
            "min": 51470.765625,
            "max": 59367.37109375,
            "count": 500
        },
        "DroneAgent.Step.mean": {
            "value": 4999965.0,
            "min": 9984.0,
            "max": 4999965.0,
            "count": 500
        },
        "DroneAgent.Step.sum": {
            "value": 4999965.0,
            "min": 9984.0,
            "max": 4999965.0,
            "count": 500
        },
        "DroneAgent.Policy.ExtrinsicValueEstimate.mean": {
            "value": 0.7673454880714417,
            "min": 0.48762795329093933,
            "max": 0.8906118273735046,
            "count": 500
        },
        "DroneAgent.Policy.ExtrinsicValueEstimate.sum": {
            "value": 121.24058532714844,
            "min": 79.97098541259766,
            "max": 144.27911376953125,
            "count": 500
        },
        "DroneAgent.Policy.GailValueEstimate.mean": {
            "value": 0.00024919508723542094,
            "min": -0.0035514540504664183,
            "max": 0.002635902026668191,
            "count": 500
        },
        "DroneAgent.Policy.GailValueEstimate.sum": {
            "value": 0.039372824132442474,
            "min": -0.5611297488212585,
            "max": 0.42438024282455444,
            "count": 500
        },
        "DroneAgent.IsTraining.mean": {
            "value": 1.0,
            "min": 1.0,
            "max": 1.0,
            "count": 500
        },
        "DroneAgent.IsTraining.sum": {
            "value": 1.0,
            "min": 1.0,
            "max": 1.0,
            "count": 500
        },
        "DroneAgent.Environment.EpisodeLength.mean": {
            "value": 2252.6666666666665,
            "min": 384.64285714285717,
            "max": 4696.0,
            "count": 498
        },
        "DroneAgent.Environment.EpisodeLength.sum": {
            "value": 6758.0,
            "min": 871.0,
            "max": 24222.0,
            "count": 498
        },
        "DroneAgent.Environment.CumulativeReward.mean": {
            "value": 19.047650534688728,
            "min": 2.265551776279204,
            "max": 37.336371845711255,
            "count": 498
        },
        "DroneAgent.Environment.CumulativeReward.sum": {
            "value": 57.142951604066184,
            "min": 3.138840920990333,
            "max": 183.61653901352838,
            "count": 498
        },
        "DroneAgent.Policy.ExtrinsicReward.mean": {
            "value": 19.047650534688728,
            "min": 2.265551776279204,
            "max": 37.336371845711255,
            "count": 498
        },
        "DroneAgent.Policy.ExtrinsicReward.sum": {
            "value": 57.142951604066184,
            "min": 3.138840920990333,
            "max": 183.61653901352838,
            "count": 498
        },
        "DroneAgent.Policy.GailReward.mean": {
            "value": 0.003406634729216318,
            "min": 0.000104416984822997,
            "max": 0.18424497549261476,
            "count": 498
        },
        "DroneAgent.Policy.GailReward.sum": {
            "value": 0.010219904187648954,
            "min": 0.000104416984822997,
            "max": 0.8088660260580922,
            "count": 498
        },
        "DroneAgent.Losses.PolicyLoss.mean": {
            "value": 0.08994085593149066,
            "min": 0.05834807060164167,
            "max": 0.12020106562122237,
            "count": 247
        },
        "DroneAgent.Losses.PolicyLoss.sum": {
            "value": 0.08994085593149066,
            "min": 0.05834807060164167,
            "max": 0.12020106562122237,
            "count": 247
        },
        "DroneAgent.Losses.ValueLoss.mean": {
            "value": 0.002355464101128746,
            "min": 0.0018804955579980742,
            "max": 0.010486490913899615,
            "count": 247
        },
        "DroneAgent.Losses.ValueLoss.sum": {
            "value": 0.002355464101128746,
            "min": 0.0018804955579980742,
            "max": 0.010486490913899615,
            "count": 247
        },
        "DroneAgent.Policy.LearningRate.mean": {
            "value": 3.552299644780005e-06,
            "min": 3.552299644780005e-06,
            "max": 0.00099595060040494,
            "count": 247
        },
        "DroneAgent.Policy.LearningRate.sum": {
            "value": 3.552299644780005e-06,
            "min": 3.552299644780005e-06,
            "max": 0.00099595060040494,
            "count": 247
        },
        "DroneAgent.Policy.Epsilon.mean": {
            "value": 0.10035522000000001,
            "min": 0.10035522000000001,
            "max": 0.19959506000000002,
            "count": 247
        },
        "DroneAgent.Policy.Epsilon.sum": {
            "value": 0.10035522000000001,
            "min": 0.10035522000000001,
            "max": 0.19959506000000002,
            "count": 247
        },
        "DroneAgent.Policy.Beta.mean": {
            "value": 0.01,
            "min": 0.01,
            "max": 0.01,
            "count": 247
        },
        "DroneAgent.Policy.Beta.sum": {
            "value": 0.01,
            "min": 0.01,
            "max": 0.01,
            "count": 247
        },
        "DroneAgent.Policy.GAILPolicyEstimate.mean": {
            "value": 1.702905552889433e-05,
            "min": 4.52849291008306e-06,
            "max": 0.00020406087539299734,
            "count": 247
        },
        "DroneAgent.Policy.GAILPolicyEstimate.sum": {
            "value": 1.702905552889433e-05,
            "min": 4.52849291008306e-06,
            "max": 0.00020406087539299734,
            "count": 247
        },
        "DroneAgent.Policy.GAILExpertEstimate.mean": {
            "value": 0.999998314678669,
            "min": 0.9999381482601166,
            "max": 1.0,
            "count": 247
        },
        "DroneAgent.Policy.GAILExpertEstimate.sum": {
            "value": 0.999998314678669,
            "min": 0.9999381482601166,
            "max": 1.0,
            "count": 247
        },
        "DroneAgent.Losses.GAILLoss.mean": {
            "value": 1.8843929845502315e-05,
            "min": 4.915041556330379e-06,
            "max": 0.00024273826601302063,
            "count": 247
        },
        "DroneAgent.Losses.GAILLoss.sum": {
            "value": 1.8843929845502315e-05,
            "min": 4.915041556330379e-06,
            "max": 0.00024273826601302063,
            "count": 247
        },
        "DroneAgent.Policy.GAILGradMagLoss.mean": {
            "value": 2.9218178269729833e-05,
            "min": 2.7892410616914277e-05,
            "max": 0.0033947610299946973,
            "count": 247
        },
        "DroneAgent.Policy.GAILGradMagLoss.sum": {
            "value": 2.9218178269729833e-05,
            "min": 2.7892410616914277e-05,
            "max": 0.0033947610299946973,
            "count": 247
        },
        "DroneAgent.Losses.PretrainingLoss.mean": {
            "value": 0.0,
            "min": 0.0,
            "max": 6892.986490885417,
            "count": 247
        },
        "DroneAgent.Losses.PretrainingLoss.sum": {
            "value": 0.0,
            "min": 0.0,
            "max": 6892.986490885417,
            "count": 247
        }
    },
    "metadata": {
        "timer_format_version": "0.1.0",
        "start_time_seconds": "1697386166",
        "python_version": "3.9.13 (tags/v3.9.13:6de2ca5, May 17 2022, 16:36:42) [MSC v.1929 64 bit (AMD64)]",
        "command_line_arguments": "F:\\Unity projects\\Oblig2\\Drone_MLagents\\venv\\Scripts\\mlagents-learn config\\DroneAgent.yaml --initialize-from=DroneAgentTrack8 --run-id=DroneAgentTrack9",
        "mlagents_version": "0.30.0",
        "mlagents_envs_version": "0.30.0",