{
    "name": "root",
    "gauges": {
        "DroneAgent.Policy.Entropy.mean": {
            "value": 8.537571907043457,
            "min": 7.549285888671875,
            "max": 8.537571907043457,
            "count": 500
        },
        "DroneAgent.Policy.Entropy.sum": {
            "value": 83369.390625,
            "min": 73243.171875,
            "max": 87955.015625,
            "count": 500
        },
        "DroneAgent.Step.mean": {
            "value": 4999944.0,
            "min": 9985.0,
            "max": 4999944.0,
            "count": 500
        },
        "DroneAgent.Step.sum": {
            "value": 4999944.0,
            "min": 9985.0,
            "max": 4999944.0,
            "count": 500
        },
        "DroneAgent.Policy.ExtrinsicValueEstimate.mean": {
            "value": -0.01011176872998476,
            "min": -0.23351725935935974,
            "max": 0.10956141352653503,
            "count": 500
        },
        "DroneAgent.Policy.ExtrinsicValueEstimate.sum": {
            "value": -1.5976594686508179,
            "min": -37.362762451171875,
            "max": 17.31070327758789,
            "count": 500
        },
        "DroneAgent.Policy.GailValueEstimate.mean": {
            "value": 0.0045934258960187435,
            "min": -0.006216193549335003,
            "max": 0.03280867636203766,
            "count": 500
        },
        "DroneAgent.Policy.GailValueEstimate.sum": {
            "value": 0.7257612943649292,
            "min": -0.9945909380912781,
            "max": 5.216579437255859,
            "count": 500
        },
        "DroneAgent.Environment.EpisodeLength.mean": {
            "value": 5396.0,
            "min": 384.0,
            "max": 7999.0,
            "count": 498
        },
        "DroneAgent.Environment.EpisodeLength.sum": {
            "value": 16188.0,
            "min": 384.0,
            "max": 29421.0,
            "count": 498
        },
        "DroneAgent.Environment.CumulativeReward.mean": {
            "value": 1.1192200408938031,
            "min": -1.5014966477174312,
            "max": 4.411409058375284,
            "count": 498
        },
        "DroneAgent.Environment.CumulativeReward.sum": {
            "value": 3.357660122681409,
            "min": -6.563695076096337,
            "max": 16.98248855100246,
            "count": 498
        },
        "DroneAgent.Policy.ExtrinsicReward.mean": {
            "value": 1.1192200408938031,
            "min": -1.5014966477174312,
            "max": 4.411409058375284,
            "count": 498
        },
        "DroneAgent.Policy.ExtrinsicReward.sum": {
            "value": 3.357660122681409,
            "min": -6.563695076096337,
            "max": 16.98248855100246,
            "count": 498
        },
        "DroneAgent.Policy.GailReward.mean": {
            "value": 0.13723667903179151,
            "min": 0.00022787410336781258,
            "max": 2.198772232365844,
            "count": 498
        },
        "DroneAgent.Policy.GailReward.sum": {
            "value": 0.41171003709537457,
            "min": 0.00047370417582914826,
            "max": 12.731719387085285,
            "count": 498
        },
        "DroneAgent.IsTraining.mean": {
            "value": 1.0,
            "min": 1.0,
            "max": 1.0,
            "count": 500
        },
        "DroneAgent.IsTraining.sum": {
            "value": 1.0,
            "min": 1.0,
            "max": 1.0,
            "count": 500
        },
        "DroneAgent.Losses.PolicyLoss.mean": {
            "value": 0.08735813414677977,
            "min": 0.055662662105169146,
            "max": 0.11637040041387081,
            "count": 247
        },
        "DroneAgent.Losses.PolicyLoss.sum": {
            "value": 0.08735813414677977,
            "min": 0.055662662105169146,
            "max": 0.11637040041387081,
            "count": 247
        },
        "DroneAgent.Losses.ValueLoss.mean": {
            "value": 0.003535062516311882,
            "min": 0.0011937755800317973,
            "max": 0.004987570026423782,
            "count": 247
        },
        "DroneAgent.Losses.ValueLoss.sum": {
            "value": 0.003535062516311882,
            "min": 0.0011937755800317973,
            "max": 0.004987570026423782,
            "count": 247
        },
        "DroneAgent.Policy.LearningRate.mean": {
            "value": 1.7006998299400518e-06,
            "min": 1.7006998299400518e-06,
            "max": 0.00099596880040312,
            "count": 247
        },
        "DroneAgent.Policy.LearningRate.sum": {
            "value": 1.7006998299400518e-06,
            "min": 1.7006998299400518e-06,
            "max": 0.00099596880040312,
            "count": 247
        },
        "DroneAgent.Policy.Epsilon.mean": {
            "value": 0.10017005999999999,
            "min": 0.10017005999999999,
            "max": 0.19959688,
            "count": 247
        },
        "DroneAgent.Policy.Epsilon.sum": {
            "value": 0.10017005999999999,
            "min": 0.10017005999999999,
            "max": 0.19959688,
            "count": 247
        },
        "DroneAgent.Policy.Beta.mean": {
            "value": 0.01,
            "min": 0.01,
            "max": 0.01,
            "count": 247
        },
        "DroneAgent.Policy.Beta.sum": {
            "value": 0.01,
            "min": 0.01,
            "max": 0.01,
            "count": 247
        },
        "DroneAgent.Policy.GAILPolicyEstimate.mean": {
            "value": 0.00034853075990213254,
            "min": 0.00010625718848586985,
            "max": 0.0026904985034910565,
            "count": 247
        },
        "DroneAgent.Policy.GAILPolicyEstimate.sum": {
            "value": 0.00034853075990213254,
            "min": 0.00010625718848586985,
            "max": 0.0026904985034910565,
            "count": 247
        },
        "DroneAgent.Policy.GAILExpertEstimate.mean": {
            "value": 0.9999677747488022,
            "min": 0.9997172594070435,
            "max": 0.9999999076128006,
            "count": 247
        },
        "DroneAgent.Policy.GAILExpertEstimate.sum": {
            "value": 0.9999677747488022,
            "min": 0.9997172594070435,
            "max": 0.9999999076128006,
            "count": 247
        },
        "DroneAgent.Losses.GAILLoss.mean": {
            "value": 0.0003955861170766184,
            "min": 0.0001159472130211725,
            "max": 0.003257411133267851,
            "count": 247
        },
        "DroneAgent.Losses.GAILLoss.sum": {
            "value": 0.0003955861170766184,
            "min": 0.0001159472130211725,
            "max": 0.003257411133267851,
            "count": 247
        },
        "DroneAgent.Policy.GAILGradMagLoss.mean": {
            "value": 0.0005451316779726767,
            "min": 0.0002188285744523455,
            "max": 0.08036441390577238,
            "count": 247
        },
        "DroneAgent.Policy.GAILGradMagLoss.sum": {
            "value": 0.0005451316779726767,
            "min": 0.0002188285744523455,
            "max": 0.08036441390577238,
            "count": 247
        },
        "DroneAgent.Losses.PretrainingLoss.mean": {
            "value": 0.0,
            "min": 0.0,
            "max": 6719056.411111111,
            "count": 247
        },
        "DroneAgent.Losses.PretrainingLoss.sum": {
            "value": 0.0,
            "min": 0.0,
            "max": 6719056.411111111,
            "count": 247
        }
    },
    "metadata": {
        "timer_format_version": "0.1.0",
        "start_time_seconds": "1699847270",
        "python_version": "3.9.13 (tags/v3.9.13:6de2ca5, May 17 2022, 16:36:42) [MSC v.1929 64 bit (AMD64)]",
        "command_line_arguments": "C:\\Users\\thoma\\AppData\\Local\\Programs\\Python\\Python39\\Scripts\\mlagents-learn config\\DroneAgent.yaml --initialize-from=DroneAgentMGO6 --run-id=DroneAgentMGO7",
        "mlagents_version": "0.30.0",
        "mlagents_envs_version": "0.30.0",